ATP7A,NTRK1,TRAF6,TNFRSF13B
ATP7A,SOD3,SQSTM1,GABARAPL1,LMF2,HTR3B
ATP7A,OCLN,SIGLECL1,ELAPOR2
ATP7A,SOD3,SQSTM1,GABARAPL1,TMC8
ATP7A,OCLN,RAB8B,MICALL2
ATP7A,NTRK1,RAB11A,DENND4C
ATP7A,CLU,DLG4,DRD1
ATP7A,CLU,IKBKB,TANK,ACSL6
ATP7A,NTRK1,MSH6,EXO1
ATP7A,NTRK1,FKBP5,PI4KA
ATP7A,NTRK1,YWHAE,REM1
ATP7A,NTRK1,TUBB3,HSPA2
ATP7A,LYN,AR,SLC43A1
ATP7A,OCLN,ROR1
ATP7A,LYN,ARF6,NMT2
ATP7A,TMEM59,ABCA3,MARCHF4,ABCA7
ATP7A,LYN,ZDHHC5
ATP7A,LYN,ERBB3,SELENOK
ATP7A,NTRK1,MYC,CECR2,KREMEN1
ATP7A,NTRK1,AUP1,SURF4
ATP7A,NTRK1,VIM,WHRN,OR1D5
ATP7A,LYN,SRC,FCER1A,OR10H2
ATP7A,LYN,RHOC,SLC30A5
ATP7A,NTRK1,GNB1,MC2R,RAMP1
ATP7A,CLU,IKBKB,TANK,UNC13A
ATP7A,SOD3,SQSTM1,GABARAPL1,TGFBI
ATP7A,NTRK1,TARDBP,ATF3,KCNJ5
ATP7A,NTRK1,YWHAE,REM1
ATP7A,NTRK1,RHOBTB3,RTN4R
ATP7A,CLU,LRP2,SYNJ2BP,SULF2
ATP7A,CLU,TMPO,HDAC11,YIPF4
ATP7A,CLU,TMPO,HDAC11
ATP7A,NTRK1,STUB1,EIPR1,DGKH
ATP7A,LYN,SYK,SIRPB1
ATP7A,NTRK1,RDX
ATP7A,NTRK1,DVL2,RPGRIP1L
ATP7A,TMEM59,TMEM192,PLPP2
ATP7A,LYN,FGFR2
ATP7A,NTRK1,RACK1,KCNAB1
ATP7A,CLU,TMPO,HDAC11,LEPROTL1,TMEM50B
ATP7A,NTRK1,HNRNPA1,ANXA1
ATP7A,CLU,BCL2L1,LARP1,PHB
ATP7A,NTRK1,RACK1,KCNAB1,SLC44A2
ATP7A,LYN,ADCY3
ATP7A,NTRK1,DCTN1,HAUS6,MS4A10
ATP7A,NTRK1,ABL1,WNK2
ATP7A,NTRK1,STAT3,PTPRD
ATP7A,NTRK1,CDK2,NTNG1
ATP7A,NTRK1,PTK2,EPS8L2
ATP7A,LYN,F2RL1,SERPINB2
ATP7A,LYN,TOLLIP,SLC38A2
ATP7A,NTRK1,RACK1,KCNAB1
ATP7A,NTRK1,ATP12A
ATP7A,NTRK1,RAB11A,DENND4C
ATP7A,LYN,IRAK2
ATP7A,NTRK1,RHOBTB3,RTN4R
ATP7A,NTRK1,ENAH,AJUBA
ATP7A,NTRK1,PTPN1,ASGR2
ATP7A,LYN,ARHGAP39,KCNE3
ATP7A,NTRK1,DSG2,PKP2
ATP7A,NTRK1,RACK1,KCNAB1
ATP7A,CLU,TMPO,HDAC11
ATP7A,TMEM59,CEACAM21,PVR,MICA
ATP7A,NTRK1,CYFIP1,MYO16
ATP7A,NTRK1,STAM2,LITAF,SNF8
ATP7A,NTRK1,FLNA,PHLDB2
ATP7A,NTRK1,PRKCA,AKAP5
ATP7A,NTRK1,RAB11A,DENND4C
ATP7A,NTRK1,TUBB3,HSPA2,KCNG3
ATP7A,NTRK1,RPS6KA1,PEPD,TESC
ATP7A,CLU,TMPO,HDAC11
ATP7A,SOD3,SQSTM1,GABARAPL1,GJA4
ATP7A,NTRK1,RACK1,KCNAB1
ATP7A,NTRK1,RACK1,KCNAB1
ATP7A,NTRK1,RACK1,KCNAB1
ATP7A,NTRK1,ABL1,WNK2
ATP7A,CLU,APP,APBB2,LAMP3
ATP7A,CLU,TMPO,HDAC11,BRPF1
ATP7A,CLU,DLG4,DRD1
ATP7A,NTRK1,RAB11A,DENND4C
ATP7A,CLU,HYOU1,DNAJC9
ATP7A,NTRK1,PDGFRA,CD55
ATP7A,CLU,APP,APBB2,ADGRL3
ATP7A,NTRK1,GNB1,MC2R
ATP7A,NTRK1,DVL2,RPGRIP1L
ATP7A,NTRK1,TARDBP,ATF3,MMD
ATP7A,NTRK1,YWHAE,REM1
ATP7A,NTRK1,ITGAV
ATP7A,NTRK1,YWHAE,REM1
ATP7A,CLU,TMPO,HDAC11
ATP7A,NTRK1,YWHAE,REM1
ATP7A,NTRK1,PTK7,BTNL8
ATP7A,NTRK1,SEZ6L2,CDHR4
ATP7A,LYN,ARF6
ATP7A,OCLN,DLK1,SLC16A2
ATP7A,CLU,IKBKB,TANK,NALCN
ATP7A,NTRK1,CUL3,TAF5,KIRREL2
ATP7A,OCLN,TGFBR2,MYADM
ATP7A,CLU,TMPO,HDAC11
ATP7A,LYN,ITGB2,TLN2
ATP7A,CLU,HYOU1,DNAJC9
ATP7A,NTRK1,ITGAV,CEACAM8
ATP7A,NTRK1,RACK1,KCNAB1
ATP7A,LYN,LPXN
ATP7A,NTRK1,RAB11A,DENND4C
ATP7A,LYN,LPXN,PLEKHN1
ATP7A,NTRK1,FKBP5,PI4KA
ATP7A,CLU,HYOU1,DNAJC9
ATP7A,LYN,ANK3,CCDC96,SGCE
ATP7A,CLU,C9,C8B
ATP7A,NTRK1,PRKCA,AKAP5
ATP7A,NTRK1,LAMB1,PSG8,TSPAN4
ATP7A,NTRK1,PTK2,EPS8L2
ATP7A,NTRK1,BSG,SLC16A13
ATP7A,CLU,TXNDC11,DCT
ATP7A,NTRK1,RACK1,KCNAB1
ATP7A,TMEM59,ISLR,GPC3
ATP7A,NTRK1,PRKCA,AKAP5
ATP7A,NTRK1,BSG,SLC16A13
ATP7A,NTRK1,SFN,CYP26C1,SLC16A3
ATP7A,OCLN,ANTXR1
ATP7A,NTRK1,DVL2,RPGRIP1L,PLCD4
ATP7A,LYN,F2RL1,SERPINB2
ATP7A,NTRK1,TARDBP,ATF3,NAA38,NAA35
ATP7A,NTRK1,FRS2,FGFR3
ATP7A,NTRK1,RAB11A,DENND4C
ATP7A,NTRK1,GNA13,GNG5
ATP7A,NTRK1,RAB11A,DENND4C
ATP7A,CLU,TMPO,HDAC11,OR2M7
ATP7A,NTRK1,YBX1,RBMXL2,CRLF3
ATP7A,CLU,TMPO,HDAC11
ATP7A,LYN,TNF
ATP7A,NTRK1,RACK1,KCNAB1
ATP7A,NTRK1,LLGL1,PARD6G
ATP7A,CLU,DLG4,DRD1
ATP7A,NTRK1,CBL
ATP7A,NTRK1,RACK1,KCNAB1
ATP7A,CLU,TMPO,HDAC11
ATP7A,NTRK1,YWHAE,REM1
ATP7A,LYN,KIF20A,MGAT5B,PLEKHM3
ATP7A,LYN,F2RL1,SERPINB2
ATP7A,CLU,TMPO,HDAC11
ATP7A,LYN,AR,SLC43A1
ATP7A,CLU,TMPO,HDAC11
ATP7A,NTRK1,PRKCA,AKAP5
ATP7A,CLU,IKBKB,TANK,KCNQ3
ATP7A,NTRK1,DLG1
ATP7A,NTRK1,TRAF6,TNFRSF13B
ATP7A,copper(1+),SOD1,RNF112,MUC16
ATP7A,SOD3,SQSTM1,GABARAPL1,ALPG
ATP7A,CLU,TMPO,HDAC11
ATP7A,NTRK1,CTNNB1,MYO1B
ATP7A,CLU,TMPO,HDAC11
ATP7A,NTRK1,TBL1XR1,H2BC21,COL26A1
ATP7A,SOD3,SQSTM1,GABARAPL1,MEP1A
ATP7A,CLU,TXNDC11,DCT,CEACAM6
ATP7A,CLU,TMPO,HDAC11
ATP7A,NTRK1,CDK2,NTNG1
ATP7A,NTRK1,ATP12A,TRARG1
ATP7A,NTRK1,RAB11A,DENND4C
ATP7A,NTRK1,PLCG1,PICALM
ATP7A,NTRK1,RACK1,KCNAB1
ATP7A,LYN,BTK
ATP7A,TMEM59,TMEM192,PLPP2
ATP7A,NTRK1,NCK1,SHROOM2
ATP7A,NTRK1,CDK2,NTNG1
ATP7A,LYN,EPOR
ATP7A,NTRK1,ARHGEF11
ATP7A,SOD3,KCNIP3,CREM,SLC4A8
ATP7A,NTRK1,CYFIP1,MYO16
ATP7A,NTRK1,CDK2,NTNG1
ATP7A,NTRK1,PRKCA,AKAP5
ATP7A,NTRK1,SH3PXD2A,RALGPS2
ATP7A,LYN,MAP3K3,MYO1A
ATP7A,LYN,AR,SLC43A1
ATP7A,LYN,CASP8,NLRC4
ATP7A,NTRK1,PDGFRA,CD55
ATP7A,LYN,FLT3
ATP7A,CLU,TMPO,HDAC11
ATP7A,CLU,TMPO,HDAC11
ATP7A,NTRK1,NCAM1,SIGLEC9
ATP7A,NTRK1,HNRNPA1,ANXA1
ATP7A,NTRK1,GNB1,MC2R
ATP7A,NTRK1,ESYT2,MPHOSPH8
ATP7A,NTRK1,PTPRJ
ATP7A,NTRK1,RACK1,KCNAB1
ATP7A,NTRK1,ABL1,WNK2
ATP7A,NTRK1,CDK2,NTNG1
ATP7A,CLU,TMPO,HDAC11
ATP7A,CLU,TMPO,HDAC11,CCDC25
ATP7A,CLU,TMPO,HDAC11
ATP7A,NTRK1,AGO2,DAZL,CDV3
ATP7A,NTRK1,PRKCA,AKAP5
ATP7A,CLU,TMPO,HDAC11
ATP7A,NTRK1,GNA13,GNG5
ATP7A,CLU,TMPO,HDAC11
ATP7A,NTRK1,PRKCA,AKAP5
ATP7A,LYN,PRKCB,SYT6
ATP7A,CLU,TMPO,HDAC11,KLRF1
ATP7A,NTRK1,RACK1,KCNAB1
ATP7A,NTRK1,MYH9,CUZD1,PCDHGB3
ATP7A,OCLN,PATJ
ATP7A,NTRK1,FLNA,PHLDB2
ATP7A,CLU,HYOU1,DNAJC9
ATP7A,OCLN,APBB1,SLAMF7
ATP7A,NTRK1,RACK1,KCNAB1
ATP7A,NTRK1,RAB11A,DENND4C
ATP7A,LYN,ANK3
ATP7A,LYN,YES1,SLC16A14
ATP7A,NTRK1,BCR
ATP7A,NTRK1,HNRNPA1,ANXA1
ATP7A,LYN,SRC,FCER1A
ATP7A,OCLN,NEDD4L,PRRG2
ATP7A,SOD3,KCNIP3,CREM,SLC24A1
ATP7A,NTRK1,RAB11A,DENND4C
ATP7A,NTRK1,GNB1,MC2R
ATP7A,LYN,KIF23,ATAD3B
ATP7A,CLU,IKBKB,TANK,NALCN,CHRM3
ATP7A,CLU,TMPO,HDAC11
ATP7A,copper(1+),SOD1,RNF112,DCXR
ATP7A,NTRK1,RAB11A,DENND4C
ATP7A,OCLN,GOLGB1,TMED9,TMED1
ATP7A,LYN,SYK,SIRPB1,CD300C
ATP7A,TMEM59,TMEM192,PLPP2
ATP7A,NTRK1,TRAF6,TNFRSF13B
ATP7A,copper(1+),SOD2,ENO3,STK16
ATP7A,LYN,TNF,ZAN
ATP7A,CLU,HYOU1,DNAJC9
ATP7A,NTRK1,FLNA,PHLDB2
ATP7A,OCLN,STX6
ATP7A,NTRK1,VAPB,OSBPL6
ATP7A,CLU,APP,APBB2,PALM2AKAP2
ATP7A,NTRK1,CDK2,NTNG1
ATP7A,NTRK1,PTPN22,PSTPIP2
ATP7A,CLU,DLG4,DRD1
ATP7A,copper(1+),SOD1,RNF112,TESMIN,OR4X2
ATP7A,CLU,DLG4,DRD1
ATP7A,NTRK1,ABL1,WNK2
ATP7A,CLU,HYOU1,DNAJC9
ATP7A,NTRK1,CDK12,GNL3L,CNNM2
ATP7A,NTRK1,SHC1,FLT4,CNNM3
ATP7A,NTRK1,RAB11A,DENND4C
ATP7A,NTRK1,RAB11A,DENND4C
ATP7A,NTRK1,CYFIP1,MYO16
ATP7A,LYN,JAK2,MUC7
ATP7A,SOD3,SQSTM1,GABARAPL1,AQP7
ATP7A,NTRK1,HSP90AA1,NR3C2,IL17RC
ATP7A,CLU,TXNDC11,DCT,ADGRL1
ATP7A,CLU,TMPO,HDAC11
ATP7A,NTRK1,BSG,SLC16A13
ATP7A,NTRK1,RAB11A,DENND4C
ATP7A,NTRK1,HNRNPA1,ANXA1
ATP7A,CLU,DLG4,DRD1
ATP7A,NTRK1,TFG,UBAP2,OR51E2
ATP7A,NTRK1,RAB11A,DENND4C
ATP7A,LYN,MAP3K3,MYO1A
ATP7A,NTRK1,RAB11A,DENND4C
ATP7A,CLU,HYOU1,DNAJC9
ATP7A,LYN,RHOC,SLC30A5
ATP7A,NTRK1,GNA13,GNG5
ATP7A,CLU,TMPO,HDAC11
ATP7A,LYN,TNF,ZAN
ATP7A,LYN,SRC,FCER1A
ATP7A,NTRK1,PTPN1,ASGR2
ATP7A,NTRK1,GNB1,MC2R
ATP7A,OCLN,EPHB2,PLA2G4C
ATP7A,LYN,PRKCB,SYT6
ATP7A,NTRK1,PDGFRA,CD55
ATP7A,NTRK1,RAB11A,DENND4C
ATP7A,NTRK1,NCK1,SHROOM2,NPHS2
ATP7A,NTRK1,NOTCH3
ATP7A,NTRK1,VAPB,OSBPL6
ATP7A,CLU,TMPO,HDAC11,GRAMD2A
ATP7A,CLU,HYOU1,DNAJC9
ATP7A,NTRK1,YWHAE,REM1
ATP7A,NTRK1,ABL1,WNK2
ATP7A,NTRK1,TRAF6,TNFRSF13B
ATP7A,NTRK1,TRAF6,TNFRSF13B
ATP7A,NTRK1,SEZ6L2,CDHR4
ATP7A,CLU,IKBKB,TANK,UNC13B,DOC2B
ATP7A,LYN,ATP2B4,HTR3A
ATP7A,NTRK1,CSNK2A2,PALM3
ATP7A,NTRK1,GNB1,MC2R
ATP7A,SOD3,SGTA,ACBD5,SLC23A2
ATP7A,NTRK1,STAM2,LITAF
ATP7A,CLU,HYOU1,DNAJC9
ATP7A,SOD3,SQSTM1,GABARAPL1,AOC3
ATP7A,NTRK1,NCK1
ATP7A,NTRK1,GNAI3,RGS3
ATP7A,CLU,DLG4,DRD1
ATP7A,LYN,CXADR
ATP7A,CLU,TMPO,HDAC11
ATP7A,NTRK1,TUBB3,HSPA2
ATP7A,NTRK1,TUBB3,HSPA2
ATP7A,CLU,TMPO,HDAC11
ATP7A,copper(1+),SOD2,ENO3
ATP7A,NTRK1,GNB1,MC2R
ATP7A,CLU,HYOU1,DNAJC9
ATP7A,CLU,TMPO,HDAC11
ATP7A,NTRK1,PRKCA,AKAP5
ATP7A,NTRK1,YWHAE,REM1
ATP7A,NTRK1,RAB11A,DENND4C
ATP7A,CLU,TMPO,HDAC11
ATP7A,NTRK1,RELA,COMMD10,CD1C
ATP7A,CLU,TMPO,HDAC11
ATP7A,NTRK1,TXN,GSTO2,ANXA4
ATP7A,CLU,DLG4,DRD1
ATP7A,CLU,TMPO,HDAC11
ATP7A,NTRK1,TARDBP,ATF3,AQP8
ATP7A,NTRK1,RACK1,KCNAB1
ATP7A,NTRK1,HNRNPA1,ANXA1
ATP7A,NTRK1,BSG,SLC16A13
ATP7A,CLU,HYOU1,DNAJC9
ATP7A,NTRK1,CUL1,RAE1,KLRK1,RAET1L
ATP7A,NTRK1,TJP1,CLDN1
ATP7A,NTRK1,BSG,SLC16A13
ATP7A,CLU,TTR,CTNND2
ATP7A,SOD3,SQSTM1,GABARAPL1,PI4K2B
ATP7A,NTRK1,RACK1,KCNAB1
ATP7A,CLU,TMPO,HDAC11
ATP7A,CLU,TMPO,HDAC11
ATP7A,NTRK1,RHOT2,CNR2,SLC39A2
ATP7A,NTRK1,CSNK2A1,MFAP1,GSC2,BEST3
ATP7A,copper(1+),SOD1,RNF112,ERMAP
ATP7A,LYN,TNF,ZAN
ATP7A,NTRK1,STAT3,PTPRD
ATP7A,NTRK1,FLNA,PHLDB2,RASGEF1B
ATP7A,NTRK1,GNB1,MC2R
ATP7A,NTRK1,YWHAE,REM1
ATP7A,LYN,PARD3
ATP7A,NTRK1,RACK1,KCNAB1
ATP7A,NTRK1,HNRNPA1,ANXA1
ATP7A,NTRK1,YWHAE,REM1
ATP7A,NTRK1,RACK1,KCNAB1
ATP7A,NTRK1,P4HB,KLF11,SEPHS1
ATP7A,CLU,HYOU1,DNAJC9
ATP7A,NTRK1,BAIAP2
ATP7A,CLU,TMPO,HDAC11
ATP7A,LYN,SRC,FCER1A
ATP7A,copper(1+),SOD1,RNF112,ADI1
ATP7A,SOD3,KCNIP1,KCND3
ATP7A,CLU,HYOU1,DNAJC9,TCN2
ATP7A,NTRK1,CSNK2A1,MFAP1,OXER1
ATP7A,OCLN,RAB5A,RAB3GAP2
ATP7A,NTRK1,EPRS1
ATP7A,CLU,TMPO,HDAC11
ATP7A,NTRK1,GNA13,GNG5
ATP7A,NTRK1,VCP,PPP1R7,CLCA4
ATP7A,NTRK1,FLNA,PHLDB2,ABCC10
ATP7A,TMEM59,RND1,PCDHGA5
ATP7A,copper(1+),SOD2,ENO3
ATP7A,NTRK1,BSG,SLC16A13
ATP7A,NTRK1,STAT3,PTPRD
ATP7A,CLU,PDIA3,HMGN1,BLVRB
ATP7A,LYN,ROBO1,ROBO4
ATP7A,CLU,BCL2L1,LARP1,AIFM2
ATP7A,NTRK1,SFN,CYP26C1,CSMD3
ATP7A,NTRK1,HNRNPA1,ANXA1
ATP7A,NTRK1,GRB2
ATP7A,CLU,C9
ATP7A,NTRK1,AGK,ATP2C1
ATP7A,LYN,PAG1
ATP7A,NTRK1,HNRNPA1,ANXA1
ATP7A,CLU,LRP2,SYNJ2BP,SHH
ATP7A,CLU,HYOU1,DNAJC9
ATP7A,CLU,PDIA3,HMGN1,SNX15
ATP7A,NTRK1,ABL1,WNK2
ATP7A,NTRK1,PRKCA,AKAP5
ATP7A,CLU,SCARB2
ATP7A,NTRK1,PPP1CB,APOBEC3B,FRMPD2
ATP7A,CLU,TMPO,HDAC11,FRAS1
ATP7A,NTRK1,EGFR,GABRA2
ATP7A,NTRK1,RAB11A,DENND4C
ATP7A,NTRK1,LMNA,NFIC,ZACN
ATP7A,CLU,TMPO,HDAC11,COL23A1
ATP7A,CLU,PDIA3,HMGN1,PIGR
ATP7A,SOD3,SQSTM1,GABARAPL1,RGS1
ATP7A,NTRK1,LAMB1,PSG8
ATP7A,OCLN,TGOLN2,RAB18
ATP7A,NTRK1,RAB11A,DENND4C
ATP7A,NTRK1,PIK3CA,RASD2
ATP7A,NTRK1,CUL1,RAE1,PAWR
ATP7A,NTRK1,DVL2,RPGRIP1L
ATP7A,NTRK1,BSG,SLC16A13,SCAMP5
ATP7A,LYN,JAK2,MUC7
ATP7A,NTRK1,EGFR,GABRA2
ATP7A,CLU,TMPO,HDAC11,GRID1
ATP7A,NTRK1,CDK2,NTNG1
ATP7A,NTRK1,ATIC,CAPN2
ATP7A,LYN,RHOF,DHRS7B,SLC22A18
ATP7A,NTRK1,RACK1,KCNAB1
ATP7A,NTRK1,YWHAE,REM1
ATP7A,TMEM59,AP1M1,PCDHB7
ATP7A,NTRK1,FKBP5,PI4KA,TTC7B
ATP7A,NTRK1,LGALS3BP,SIGLEC6
ATP7A,LYN,SRC,FCER1A
ATP7A,NTRK1,ABL1,WNK2
ATP7A,copper(1+),SOD2,ENO3
ATP7A,NTRK1,CSDE1,ARHGEF39
ATP7A,LYN,ARF6,NMT2
ATP7A,copper(1+),SOD2,ENO3,VMP1
ATP7A,NTRK1,RACK1,KCNAB1
ATP7A,NTRK1,ABL1,WNK2
ATP7A,NTRK1,LGR5,LEMD2,KCNA10
ATP7A,NTRK1,GNB1,MC2R
ATP7A,SOD3,SQSTM1,GABARAPL1,RAPSN
ATP7A,NTRK1,HNRNPA1,ANXA1
ATP7A,NTRK1,SHC4
ATP7A,SOD3,SGTA,ACBD5,TVP23B,YIPF1
ATP7A,CLU,HYOU1,DNAJC9
ATP7A,CLU,TMPO,HDAC11
ATP7A,NTRK1,RACK1,KCNAB1
ATP7A,NTRK1,GNB1,MC2R
ATP7A,LYN,SLC16A1
ATP7A,NTRK1,CSNK2A1,MFAP1,PARP14
ATP7A,NTRK1,TRAF6,TNFRSF13B
ATP7A,NTRK1,MAP1B,GAN,RIMBP2
ATP7A,NTRK1,PRKCA,AKAP5
ATP7A,NTRK1,CDK2,NTNG1
ATP7A,OCLN,APBB1,SLAMF7
ATP7A,NTRK1,RHOT2,CNR2,DSCAML1
ATP7A,NTRK1,WASF1,MPDZ,BAIAP2L2
ATP7A,SOD3,SQSTM1,GABARAPL1,NHERF4
ATP7A,NTRK1,RACK1,KCNAB1
ATP7A,NTRK1,PRKCA,AKAP5
ATP7A,SOD3,SQSTM1,GABARAPL1,C11orf24
ATP7A,CLU,APP,APBB2,CACNA1G
ATP7A,LYN,LIMA1,CORO2A,SLC16A8
ATP7A,NTRK1,TUBB3,HSPA2
ATP7A,LYN,JAK2,MUC7
ATP7A,CLU,TMPO,HDAC11
ATP7A,NTRK1,ABL1,WNK2
ATP7A,LYN,PAK1
ATP7A,NTRK1,MYH9,CUZD1,PCDHB12
ATP7A,NTRK1,GNB1,MC2R
ATP7A,CLU,ARGLU1,WAC,P2RX6
ATP7A,NTRK1,RACK1,KCNAB1
ATP7A,CLU,HYOU1,DNAJC9
ATP7A,LYN,AR,SLC43A1
ATP7A,CLU,DLG4,DRD1
ATP7A,NTRK1,CTNNB1,MYO1B
ATP7A,CLU,TMPO,HDAC11,SLC30A3
ATP7A,NTRK1,GNB1,MC2R
ATP7A,SOD3,SGTA,ACBD5,KCNIP4
ATP7A,NTRK1,RACK1,KCNAB1
ATP7A,NTRK1,SEZ6L2,CDHR4,MICB
ATP7A,NTRK1,CTNNB1,MYO1B
ATP7A,LYN,F2RL1,SERPINB2
ATP7A,LYN,NF2
ATP7A,NTRK1,LPCAT1,DIP2A
ATP7A,CLU,TMPO,HDAC11,OR6T1
ATP7A,NTRK1,FLNA,PHLDB2
ATP7A,LYN,SYK,SIRPB1
ATP7A,NTRK1,TJP1,CLDN1
ATP7A,NTRK1,CDK2,NTNG1
ATP7A,NTRK1,STAT3,PTPRD,PDCD1,PDCD1LG2
ATP7A,copper(1+),SOD2,ENO3
ATP7A,CLU,TMPO,HDAC11,SERPINB4
ATP7A,NTRK1,LAMB1,PSG8
ATP7A,NTRK1,RAB11A,DENND4C
ATP7A,NTRK1,ESYT2,MPHOSPH8
ATP7A,NTRK1,HSPA5,LOC102723407,COL25A1
ATP7A,LYN,SYK,SIRPB1,CD300LD
ATP7A,OCLN,NTRK2
ATP7A,NTRK1,RAB11A,DENND4C
ATP7A,NTRK1,ABL1,WNK2
ATP7A,NTRK1,GNB1,MC2R
ATP7A,NTRK1,FLNA,PHLDB2
ATP7A,NTRK1,PRKCA,AKAP5
ATP7A,CLU,TMPO,HDAC11
ATP7A,CLU,DLG4,DRD1
ATP7A,CLU,TNC,NCAN,LY96
ATP7A,CLU,SCARB2,ACTL6A
ATP7A,NTRK1,CTNNB1,MYO1B
ATP7A,LYN,CASP8,NLRC4
ATP7A,NTRK1,CANX,VMA21,LYPD1
ATP7A,CLU,DLG4,DRD1
ATP7A,OCLN,APBB1,SLAMF7
ATP7A,CLU,TMPO,HDAC11
ATP7A,CLU,TMPO,HDAC11
ATP7A,NTRK1,NUMBL,TMC5
ATP7A,CLU,HYOU1,DNAJC9
ATP7A,NTRK1,ATP2A2,PDS5A
ATP7A,CLU,HYOU1,DNAJC9
ATP7A,NTRK1,VAPB,OSBPL6
ATP7A,CLU,IKBKB,TANK,UNC13B
ATP7A,CLU,HYOU1,DNAJC9
ATP7A,NTRK1,RACK1,KCNAB1
ATP7A,OCLN,ATG9A,SLC44A5
ATP7A,CLU,TMPO,HDAC11
ATP7A,NTRK1,VCP,PPP1R7,LRRC55
ATP7A,NTRK1,ABL1,WNK2
ATP7A,OCLN,ITCH,ARRDC4
ATP7A,NTRK1,ABL1,WNK2
ATP7A,NTRK1,SHC1,FLT4
ATP7A,OCLN,APBB1,SLAMF7
ATP7A,NTRK1,FLNA,PHLDB2
ATP7A,NTRK1,ABL1,WNK2,IHH
ATP7A,NTRK1,RAB11A,DENND4C
ATP7A,SOD3,SQSTM1,GABARAPL1,BLTP1
ATP7A,CLU,SCARB2,ACTL6A,CR1L
ATP7A,CLU,HYOU1,DNAJC9
ATP7A,NTRK1,FRS2,FGFR3
ATP7A,LYN,CD36
ATP7A,NTRK1,SV2A,ADCK1,SLC22A16
ATP7A,NTRK1,ABL1,WNK2
ATP7A,LYN,SRC,FCER1A
ATP7A,CLU,PRNP,PLK3,SNTG2
ATP7A,OCLN,ITCH,ARRDC4
ATP7A,NTRK1,FKBP5,PI4KA
ATP7A,CLU,SCARB2,ACTL6A,GUCY2F
ATP7A,NTRK1,STAT3,PTPRD
ATP7A,NTRK1,HSPA5
ATP7A,NTRK1,NCAM1,SIGLEC9
ATP7A,NTRK1,STAT3,PTPRD
ATP7A,NTRK1,ABL1,WNK2
ATP7A,copper(1+),SOD1,RNF112,CPNE7
ATP7A,copper(1+),SOD1,RNF112,PIP5KL1
ATP7A,NTRK1,ABL1,WNK2
ATP7A,NTRK1,TUBB3,HSPA2,CLDN12
ATP7A,CLU,DLG4,DRD1
ATP7A,NTRK1,PRKCA,AKAP5
ATP7A,NTRK1,YWHAE,REM1
ATP7A,NTRK1,HNRNPA1,ANXA1
ATP7A,CLU,IKBKB,TANK,IFNLR1
ATP7A,NTRK1,HSPA8
ATP7A,NTRK1,ATP12A,TRARG1
ATP7A,NTRK1,GNB1,MC2R
ATP7A,NTRK1,HSP90AA1,NR3C2,SLC9A5
ATP7A,SOD3,SQSTM1,GABARAPL1,IL1RAPL1
ATP7A,NTRK1,GNB1,MC2R
ATP7A,NTRK1,RELA,COMMD10,LTA
ATP7A,LYN,FGFR4
ATP7A,NTRK1,UBC,OTUB2,CACNA2D2
ATP7A,CLU,SCARB2,ACTL6A
ATP7A,NTRK1,FKBP5,PI4KA,TTC7A
ATP7A,NTRK1,UBQLN1
ATP7A,NTRK1,TARDBP,ATF3,ADGRE5
ATP7A,NTRK1,ATIC,CAPN2
ATP7A,NTRK1,ABL1,WNK2
ATP7A,NTRK1,TRAF6,TNFRSF13B
ATP7A,NTRK1,EGFR,GABRA2
ATP7A,CLU,TMPO,HDAC11
ATP7A,NTRK1,DPYSL2
ATP7A,CLU,TMPO,HDAC11,ANO8
ATP7A,NTRK1,RAB11A,DENND4C
ATP7A,NTRK1,STAT3,PTPRD
ATP7A,NTRK1,CDK2,NTNG1
ATP7A,CLU,TMPO,HDAC11,CATSPERG
ATP7A,CLU,APP,APBB2,PCDHGA9
ATP7A,NTRK1,VAPB,OSBPL6
ATP7A,NTRK1,KIDINS220,SEPTIN5
ATP7A,NTRK1,NSF,BET1,LRRC45
ATP7A,NTRK1,TUBB3,HSPA2
ATP7A,OCLN,RAB4A,SLC9A7
ATP7A,OCLN,PLAAT3
ATP7A,NTRK1,PDGFRA,CD55
ATP7A,OCLN,GPX8,SLC34A3,SLC10A4
ATP7A,CLU,DLG4,DRD1
ATP7A,NTRK1,ATIC,CAPN2
ATP7A,CLU,TMPO,HDAC11
ATP7A,NTRK1,YWHAH
ATP7A,LYN,SRC,FCER1A
ATP7A,CLU,SCARB2,ACTL6A,LIM2
ATP7A,NTRK1,GNA13,GNG5
ATP7A,NTRK1,GNAO1,RGS9
ATP7A,copper(1+),SOD1,RNF112,ENPP6
ATP7A,CLU,TMPO,HDAC11,COL13A1
ATP7A,OCLN,TGOLN2
ATP7A,CLU,DLG4,DRD1,GRIN3B
ATP7A,CLU,TMPO,HDAC11,HAS1
ATP7A,NTRK1,RACK1,KCNAB1
ATP7A,NTRK1,GNB1,MC2R
ATP7A,LYN,MET
ATP7A,NTRK1,RAB11A,DENND4C
ATP7A,NTRK1,SHC1,FLT4,IL2RG
ATP7A,NTRK1,PDGFRB
ATP7A,NTRK1,VAPB
ATP7A,NTRK1,DVL2,RPGRIP1L
ATP7A,SOD3,KCNIP3,CREM,IL3RA
ATP7A,LYN,PRKCB,SYT6
ATP7A,SOD3,SGTA,ACBD5,CABP2
ATP7A,NTRK1,GNA13,GNG5
ATP7A,CLU,HYOU1,DNAJC9,ATP6AP1
ATP7A,NTRK1,CSDE1,ARHGEF39
ATP7A,NTRK1,PLCG1,PICALM
ATP7A,NTRK1,UBQLN2
ATP7A,NTRK1,JUP
ATP7A,NTRK1,CAPN1,CAPNS2
ATP7A,NTRK1,YWHAE,REM1
ATP7A,NTRK1,TJP1,CLDN1
ATP7A,TMEM59,TMEM192,PLPP2
ATP7A,SOD3,SQSTM1,GABARAPL1,PCDHGC5
ATP7A,NTRK1,DVL2,RPGRIP1L
ATP7A,NTRK1,TRAF6,TNFRSF13B,NLRP6
ATP7A,LYN,ITGB2,TLN2
ATP7A,NTRK1,RAB11A,DENND4C
ATP7A,NTRK1,MSH6,EXO1
ATP7A,copper(1+),SOD2,ENO3
ATP7A,NTRK1,RAB11A,DENND4C
ATP7A,LYN,SLC4A1
ATP7A,CLU,TMPO,HDAC11
ATP7A,CLU,TMPO,HDAC11
ATP7A,NTRK1,ABL1,WNK2
ATP7A,LYN,MAP3K21,CLINT1
ATP7A,NTRK1,TJP1
ATP7A,CLU,TMPO,HDAC11
ATP7A,NTRK1,ABL1,WNK2,PAQR6
ATP7A,CLU,HYOU1,DNAJC9
ATP7A,CLU,TMPO,HDAC11,KNTC1
ATP7A,NTRK1,CSNK2A2,PALM3
ATP7A,OCLN,IQGAP2
ATP7A,NTRK1,YWHAE,REM1
ATP7A,NTRK1,CDK2,NTNG1
ATP7A,CLU,TMPO,HDAC11
ATP7A,CLU,TMPO,HDAC11
ATP7A,NTRK1,GNB1,MC2R
ATP7A,NTRK1,UBQLN1,FGF7,PCDHA11
ATP7A,NTRK1,RAB11A,DENND4C
ATP7A,SOD3,SQSTM1,GABARAPL1,IL1RL1
ATP7A,CLU,HYOU1,DNAJC9,ADAMTS13,CELSR1
ATP7A,CLU,TMPO,HDAC11
ATP7A,NTRK1,YWHAE,REM1
ATP7A,SOD3,SQSTM1,GABARAPL1,NTNG2
ATP7A,NTRK1,TBL1XR1,H2BC21,CD8A
ATP7A,NTRK1,PRKCA,AKAP5
ATP7A,LYN,ARF6,NMT2
ATP7A,NTRK1,NCK1,SHROOM2
ATP7A,LYN,RHOU
ATP7A,CLU,TTR,CTNND2
ATP7A,NTRK1,NBEA
ATP7A,NTRK1,ATP2B1
ATP7A,NTRK1,GNB1,MC2R
ATP7A,NTRK1,RHOBTB3,RTN4R,OMG
ATP7A,OCLN,SIGLECL1,ELAPOR2
ATP7A,NTRK1,RAB11A,DENND4C
ATP7A,NTRK1,CDH2
ATP7A,LYN,EFNB1
ATP7A,NTRK1,DVL2,RPGRIP1L
ATP7A,CLU,PRNP,PLK3,IGSF8
ATP7A,NTRK1,HSP90AB1
ATP7A,NTRK1,WASF1,MPDZ,OR2AG1
ATP7A,CLU,HYOU1,DNAJC9
ATP7A,SOD3,SQSTM1,GABARAPL1,PDE4A
ATP7A,NTRK1,CYFIP1,MYO16
ATP7A,NTRK1,AP2A1,EHD1
ATP7A,NTRK1,FKBP5,PI4KA
ATP7A,NTRK1,RAB11A,DENND4C
ATP7A,NTRK1,SHC1,FLT4
ATP7A,NTRK1,STAT3,PTPRD
ATP7A,NTRK1,SHC1,FLT4,CACNB1
ATP7A,NTRK1,CAPN1,CAPNS2
ATP7A,LYN,MCAM
ATP7A,NTRK1,RACK1,KCNAB1
ATP7A,CLU,TMPO,HDAC11
ATP7A,NTRK1,KIDINS220,SEPTIN5
ATP7A,CLU,TMPO,HDAC11
ATP7A,LYN,SRC,FCER1A
ATP7A,NTRK1,SLC3A2,SLC7A7
ATP7A,NTRK1,GNA13
ATP7A,copper(1+),SOD1,RNF112,TRPA1
ATP7A,LYN,RHOD
ATP7A,NTRK1,UCHL1,ADRA2B
ATP7A,LYN,ARF6,NMT2
ATP7A,OCLN,TMEM30B
ATP7A,TMEM59,ABCA3,MARCHF4,TYROBP,TREM1
ATP7A,LYN,ARF6,NMT2,GLRA2
ATP7A,NTRK1,FLNA,PHLDB2
ATP7A,NTRK1,WASF1,MPDZ
ATP7A,NTRK1,YWHAE,REM1
ATP7A,NTRK1,DVL2,RPGRIP1L
ATP7A,NTRK1,ATIC
ATP7A,copper(1+),SOD2,ENO3
ATP7A,NTRK1,EGFR,GABRA2
ATP7A,NTRK1,CTNNB1,MYO1B
ATP7A,LYN,SRC,FCER1A
ATP7A,NTRK1,TUBB3,HSPA2
ATP7A,CLU,HYOU1,DNAJC9
ATP7A,LYN,ARHGAP39,KCNE3
ATP7A,NTRK1,TRIM33,CEP78,UNC79
ATP7A,NTRK1,BSG,SLC16A13
ATP7A,LYN,KIF23,ATAD3B
ATP7A,NTRK1,TJP1,CLDN1
ATP7A,NTRK1,GNB1,MC2R
ATP7A,LYN,IL1R1
ATP7A,NTRK1,GNA13,GNG5
ATP7A,NTRK1,ERBB2
ATP7A,NTRK1,FRS2
ATP7A,CLU,TTR,CTNND2
ATP7A,LYN,PLXNA1
ATP7A,NTRK1,ABL1,WNK2
ATP7A,NTRK1,YWHAE,REM1
ATP7A,NTRK1,CYFIP1,MYO16
ATP7A,NTRK1,RAB11A,DENND4C
ATP7A,LYN,SRC,FCER1A,SLC9A3R2,OR52B2
ATP7A,CLU,TMPO,HDAC11
ATP7A,LYN,SNCA
ATP7A,CLU,TTR,CTNND2
ATP7A,NTRK1,YBX1
ATP7A,NTRK1,ABL1,WNK2
ATP7A,LYN,SRC,FCER1A
ATP7A,NTRK1,GNB1,MC2R
ATP7A,NTRK1,VAPB,OSBPL6
ATP7A,NTRK1,ESYT2,MPHOSPH8
ATP7A,LYN,DIRAS3
ATP7A,NTRK1,RAB11A,DENND4C
ATP7A,LYN,RAC2,MYO18B,SLC22A1
ATP7A,LYN,LIMA1
ATP7A,NTRK1,KHDRBS1,RBM15,SYT13
ATP7A,CLU,SCARB2,ACTL6A
ATP7A,CLU,DLG4,DRD1
ATP7A,NTRK1,AP2A1,EHD1
ATP7A,NTRK1,DVL2,RPGRIP1L
ATP7A,CLU,TMPO,HDAC11
ATP7A,LYN,SRC,FCER1A
ATP7A,NTRK1,ABL1,WNK2
ATP7A,NTRK1,NCK1,SHROOM2
ATP7A,CLU,TMPO,HDAC11
ATP7A,NTRK1,KIF5B,RUSC1,PRRT2
ATP7A,CLU,TMPO,HDAC11
ATP7A,NTRK1,RAB11A,DENND4C
ATP7A,NTRK1,TUBB3,HSPA2
ATP7A,LYN,CASK,CYSLTR2
ATP7A,NTRK1,SHC1,FLT4
ATP7A,CLU,DLG4,DRD1
ATP7A,NTRK1,DVL2,RPGRIP1L
ATP7A,NTRK1,PTPN13
ATP7A,NTRK1,ABL1,WNK2
ATP7A,CLU,ARGLU1,WAC,GRM3
ATP7A,SOD3,SQSTM1,GABARAPL1,CNST
ATP7A,NTRK1,CDH2,CDH11
ATP7A,OCLN,RAB5A,RAB3GAP2
ATP7A,NTRK1,SLC3A2
ATP7A,LYN,ITGA4
ATP7A,CLU,TMPO,HDAC11
ATP7A,NTRK1,PIK3C2B
ATP7A,NTRK1,PRKCA,AKAP5
ATP7A,SOD3,SQSTM1,GABARAPL1,CD68
ATP7A,NTRK1,RAB11A,DENND4C
ATP7A,NTRK1,DYNC1I2,PFDN6,C4BPB
ATP7A,NTRK1,DCTN1,HAUS6,CHRNA1
ATP7A,NTRK1,ABL1,WNK2
ATP7A,LYN,PKP4
ATP7A,NTRK1,RAB11A,DENND4C
ATP7A,NTRK1,ABL1,WNK2
ATP7A,CLU,TMPO,HDAC11
ATP7A,NTRK1,MAPK1,GNPTAB,C1QTNF5
ATP7A,NTRK1,FKBP5,PI4KA
ATP7A,NTRK1,GNA13,GNG5
ATP7A,LYN,NRAS
ATP7A,NTRK1,HSP90AA1,NR3C2,SLC27A6
ATP7A,NTRK1,RAB11A,DENND4C
ATP7A,NTRK1,PLCG1,PICALM
ATP7A,LYN,MARK3
ATP7A,NTRK1,RACK1,KCNAB1
ATP7A,CLU,TMPO,HDAC11
ATP7A,NTRK1,ENO2,SIGIRR
ATP7A,NTRK1,ABL1,WNK2
ATP7A,NTRK1,RAB11A,DENND4C
ATP7A,LYN,AR,SLC43A1
ATP7A,NTRK1,CBL,KRT6C,CBLB
ATP7A,NTRK1,PLCG1,PICALM,CD28
ATP7A,OCLN,STX6,ABCA6
ATP7A,LYN,AR,SLC43A1
ATP7A,NTRK1,TUBB3,HSPA2
ATP7A,NTRK1,UBE3A,ATP1A4
ATP7A,NTRK1,CDK2,NTNG1
ATP7A,NTRK1,ITGAV,CEACAM8
ATP7A,SOD3,SQSTM1,GABARAPL1,MAEA
ATP7A,TMEM59,TMEM192,PLPP2
ATP7A,NTRK1,ABL1,WNK2
ATP7A,NTRK1,ABCB1
ATP7A,NTRK1,ABL1,WNK2
ATP7A,NTRK1,STAT3,PTPRD
ATP7A,NTRK1,STAT3,PTPRD
ATP7A,OCLN,ATG9A,SLC44A5
ATP7A,NTRK1,CDK2,NTNG1
ATP7A,NTRK1,GNB1,MC2R
ATP7A,LYN,ITGB2,TLN2
ATP7A,NTRK1,AP2A1,EHD1
ATP7A,CLU,TMPO,HDAC11,ADAM18
ATP7A,NTRK1,RACK1,KCNAB1
ATP7A,OCLN,RAB8B
ATP7A,LYN,SDK2
ATP7A,CLU,TMPO,HDAC11
ATP7A,NTRK1,GNB1,MC2R
ATP7A,NTRK1,TUBA1A,TCP11L1,ENPP7
ATP7A,CLU,DLG4,DRD1,GRIK3
ATP7A,NTRK1,LAMB1,PSG8
ATP7A,NTRK1,DDR2
ATP7A,NTRK1,RALA
ATP7A,NTRK1,DVL2,RPGRIP1L
ATP7A,NTRK1,RACK1,KCNAB1
ATP7A,NTRK1,PIK3CA,RASD2
ATP7A,NTRK1,SOS1,EPS8L1
ATP7A,TMEM59,TMEM30A,ATP8A1
ATP7A,CLU,TMPO,HDAC11
ATP7A,NTRK1,ABL1,WNK2
ATP7A,NTRK1,ABL1,WNK2,OAS3
ATP7A,NTRK1,RAB11A,DENND4C
ATP7A,LYN,SRC,FCER1A
ATP7A,CLU,TMPO,HDAC11
ATP7A,NTRK1,FLNA,PHLDB2
ATP7A,SOD3,SQSTM1,GABARAPL1,C4A
ATP7A,NTRK1,INA,RSPRY1,CYTH4
ATP7A,NTRK1,RAB11A,DENND4C
ATP7A,CLU,LRP2,SYNJ2BP,GDF5,RGMA
ATP7A,NTRK1,PTPN1,ASGR2
ATP7A,NTRK1,CDK2,NTNG1
ATP7A,CLU,TMPO,HDAC11
ATP7A,NTRK1,CANX,VMA21,DPEP1
ATP7A,OCLN,RAB5A,RAB3GAP2
ATP7A,LYN,SRC,FCER1A
ATP7A,CLU,TMPO,HDAC11
ATP7A,NTRK1,WASF1,MPDZ
ATP7A,NTRK1,DVL2,RPGRIP1L
ATP7A,NTRK1,SFN,CYP26C1,CHRNB4
ATP7A,LYN,AR,SLC43A1
ATP7A,NTRK1,EGFR,GABRA2
ATP7A,NTRK1,HNRNPA1,ANXA1,ADH1C
ATP7A,CLU,TMPO,HDAC11
ATP7A,NTRK1,CTNNB1,MYO1B
ATP7A,NTRK1,CDH2,CDH11
ATP7A,NTRK1,PTK7,BTNL8,KCNS2
ATP7A,CLU,TMPO,HDAC11
ATP7A,NTRK1,CTNNB1,MYO1B
ATP7A,CLU,TTR,CTNND2
ATP7A,CLU,IKBKB,TANK,CACNA1E
ATP7A,NTRK1,CDK4,CDT1,CPEB3
ATP7A,NTRK1,STAT3,PTPRD
ATP7A,CLU,HYOU1,DNAJC9
ATP7A,CLU,TMPO,HDAC11,HAS3
ATP7A,NTRK1,LLGL1,PARD6G
ATP7A,NTRK1,MSH6,EXO1
ATP7A,NTRK1,VIM,WHRN,LSP1
ATP7A,NTRK1,RAB11A,DENND4C
ATP7A,CLU,TMPO,HDAC11
ATP7A,NTRK1,KIDINS220,SEPTIN5,MBLAC2
ATP7A,NTRK1,MSH6,EXO1
ATP7A,NTRK1,RAB11A,DENND4C
ATP7A,SOD3,KCNIP3
ATP7A,NTRK1,MAP1B
ATP7A,NTRK1,TUBB4B,PRCP
ATP7A,LYN,ADCY3,CNGA3
ATP7A,NTRK1,CTNNB1,MYO1B
ATP7A,NTRK1,VIM,WHRN
ATP7A,NTRK1,CSNK2A1,MFAP1,KCNN3
ATP7A,CLU,TMPO,HDAC11
ATP7A,NTRK1,RAB11A,DENND4C
ATP7A,NTRK1,MYC,CECR2,KIR3DL2
ATP7A,NTRK1,STAM2,LITAF
ATP7A,NTRK1,HNRNPA1,ANXA1
ATP7A,OCLN,TGFBR1
ATP7A,NTRK1,LPCAT1,DIP2A
ATP7A,CLU,TMPO,HDAC11
ATP7A,OCLN,PATJ,HOMER2
ATP7A,NTRK1,MARCKS,FSCN1,CHRNE
ATP7A,LYN,GP1BA
ATP7A,CLU,NUCB2
ATP7A,CLU,IKBKB,TANK,CHRDL1
ATP7A,copper(1+),SOD1,RNF112,LYPLA1
ATP7A,CLU,HYOU1,DNAJC9
ATP7A,CLU,HYOU1,DNAJC9
ATP7A,NTRK1,HNRNPA1,ANXA1
ATP7A,NTRK1,SH3PXD2A,RALGPS2
ATP7A,NTRK1,DOCK1
ATP7A,NTRK1,TUBB3,HSPA2
ATP7A,NTRK1,YWHAZ,ANKRD18A,SLC9C1
ATP7A,NTRK1,GNAI3,RGS3
ATP7A,LYN,ATP2B4
ATP7A,NTRK1,GNB1,MC2R
ATP7A,CLU,TMPO,HDAC11
ATP7A,LYN,CDK16,CCNYL1
ATP7A,NTRK1,RPS6,H1-8,HNF4G,HAS2
ATP7A,NTRK1,LPCAT1,DIP2A
ATP7A,NTRK1,CDK5
ATP7A,NTRK1,CTNNB1,MYO1B
ATP7A,LYN,CASP8,NLRC4
ATP7A,NTRK1,PRKCA,AKAP5
ATP7A,CLU,TMPO,HDAC11
ATP7A,OCLN,TGFBR2,MYADM
ATP7A,NTRK1,ATIC,CAPN2
ATP7A,NTRK1,YWHAE,REM1
ATP7A,NTRK1,YWHAE,REM1
ATP7A,NTRK1,CSNK2A2,PALM3
ATP7A,NTRK1,NCK1,SHROOM2
ATP7A,NTRK1,RAB11A,DENND4C
ATP7A,CLU,TMPO,HDAC11,NDRG4
ATP7A,NTRK1,RAB11A,DENND4C
ATP7A,LYN,EPB41L2
ATP7A,NTRK1,EGFR,GABRA2
ATP7A,NTRK1,MAGED1
ATP7A,CLU,TMPO,HDAC11,GNAL
ATP7A,CLU,HYOU1,DNAJC9
ATP7A,NTRK1,ISLR2
ATP7A,CLU,TMPO,HDAC11
ATP7A,NTRK1,GNAI3,RGS3,CR1
ATP7A,CLU,TMPO,HDAC11
ATP7A,LYN,SRC,FCER1A
ATP7A,NTRK1,FKBP5,PI4KA
ATP7A,CLU,TMPO,HDAC11
ATP7A,NTRK1,MSH6,EXO1
ATP7A,NTRK1,KIDINS220,SEPTIN5,SLC15A2
ATP7A,TMEM59,TMEM30A,ATP8A1
ATP7A,CLU,TTR,CTNND2
ATP7A,NTRK1,CDH2,CDH11
ATP7A,CLU,TMPO,HDAC11
ATP7A,NTRK1,GNB1,MC2R
ATP7A,NTRK1,RHOT2,CNR2
ATP7A,SOD3,SQSTM1,GABARAPL1,CD27,CD70
ATP7A,NTRK1,DVL2,RPGRIP1L
ATP7A,LYN,ABI1,EPS8L3
ATP7A,NTRK1,STAM2,LITAF,MVB12B
ATP7A,CLU,DLG4,DRD1
ATP7A,CLU,HYOU1,DNAJC9
ATP7A,NTRK1,YWHAH,MTM1
ATP7A,NTRK1,NCK1,SHROOM2
ATP7A,NTRK1,ABL1,WNK2
ATP7A,NTRK1,RAB11A,DENND4C
ATP7A,NTRK1,ATIC,CAPN2
ATP7A,SOD3,SQSTM1,GABARAPL1,RHBDL1
ATP7A,CLU,TMPO,HDAC11,GPR85
ATP7A,NTRK1,RACK1,KCNAB1
ATP7A,NTRK1,GNB1,MC2R
ATP7A,LYN,ERBB4
ATP7A,NTRK1,YWHAE,REM1
ATP7A,NTRK1,SHC1,FLT4
ATP7A,LYN,KIRREL1
ATP7A,OCLN,RAB8B,MICALL2
ATP7A,copper(1+),SOD2,ENO3
ATP7A,CLU,TMPO,HDAC11
ATP7A,LYN,NOTCH2
ATP7A,NTRK1,GNB1,MC2R
ATP7A,SOD3,SQSTM1,GABARAPL1,FEM1C,OR51B2
ATP7A,NTRK1,PTPRG,PCDHGC3
ATP7A,NTRK1,DVL2,RPGRIP1L
ATP7A,NTRK1,DVL2,RPGRIP1L
ATP7A,NTRK1,RHOT2,CNR2
ATP7A,LYN,ARHGEF5
ATP7A,NTRK1,ATIC,CAPN2
ATP7A,NTRK1,PLCG1,PICALM
ATP7A,OCLN,SLC22A4,SLC5A6
ATP7A,NTRK1,VAPB,OSBPL6
ATP7A,NTRK1,PPP6C,PPP6R2,HLA-DPA1
ATP7A,CLU,IKBKB,TANK,KCNH1
ATP7A,CLU,TMPO,HDAC11
ATP7A,NTRK1,HNRNPA1,ANXA1
ATP7A,CLU,DLG4,DRD1
ATP7A,CLU,DLG4,DRD1
ATP7A,NTRK1,HSP90AA1,NR3C2,OLFM4
ATP7A,NTRK1,SHC1,FLT4
ATP7A,CLU,TMPO,HDAC11
ATP7A,TMEM59,TMEM192,PLPP2
ATP7A,NTRK1,TUBB3,HSPA2
ATP7A,CLU,DLG4,DRD1,CACNA2D1
ATP7A,TMEM59,TMEM192,PLPP2
ATP7A,OCLN,PRKACA,SNRNP35,PKD1L3
ATP7A,NTRK1,ACTR2,FAM98B,OR5F1
ATP7A,NTRK1,GOPC,CERCAM
ATP7A,NTRK1,AP2A1,EHD1
ATP7A,NTRK1,RAB11A,DENND4C
ATP7A,NTRK1,ROR2,ATXN7L1,ATP23
ATP7A,CLU,C9,C8B
ATP7A,NTRK1,GOPC,CERCAM
ATP7A,LYN,SYK
ATP7A,NTRK1,ULK1,IRGM,RAB12
ATP7A,OCLN,EPHB2
ATP7A,CLU,HYOU1,DNAJC9
ATP7A,NTRK1,RHOT2,CNR2
ATP7A,LYN,RAC1
ATP7A,NTRK1,ABL1,WNK2
ATP7A,NTRK1,RHOT2,CNR2
ATP7A,LYN,NRAS,PCDH18
ATP7A,NTRK1,PTK2,EPS8L2
ATP7A,NTRK1,RACK1,KCNAB1
ATP7A,CLU,TMPO,HDAC11
ATP7A,LYN,FASLG
ATP7A,NTRK1,TUBB4B,PRCP
ATP7A,CLU,SCARB2,ACTL6A,NEXN
ATP7A,NTRK1,GNB1,MC2R
ATP7A,NTRK1,EGFR,GABRA2
ATP7A,NTRK1,SPTLC1,ORMDL3
ATP7A,NTRK1,ESYT2
ATP7A,NTRK1,VAPB,OSBPL6
ATP7A,NTRK1,FLNA,PHLDB2
ATP7A,NTRK1,CDK2,NTNG1
ATP7A,NTRK1,KIDINS220,SEPTIN5
ATP7A,CLU,APP,APBB2,SLC7A10
ATP7A,NTRK1,ABL1,WNK2
ATP7A,CLU,DLG4,DRD1,CLEC4G
ATP7A,copper(1+),SOD1,RNF112,KCNN4
ATP7A,NTRK1,GNB1,MC2R
ATP7A,CLU,HYOU1,DNAJC9,BTN2A2
ATP7A,NTRK1,GNB1,MC2R
ATP7A,NTRK1,HNRNPA1,ANXA1
ATP7A,LYN,MYO1E
ATP7A,NTRK1,HSP90AA1,NR3C2,GDE1
ATP7A,CLU,HYOU1,DNAJC9,P2RX5
ATP7A,NTRK1,EGFR,GABRA2
ATP7A,OCLN,NEDD4L,PRRG2
ATP7A,NTRK1,CTNNB1,MYO1B
ATP7A,LYN,AR,SLC43A1
ATP7A,NTRK1,HNRNPA1,ANXA1
ATP7A,CLU,TMPO,HDAC11
ATP7A,NTRK1,PTK7,BTNL8
ATP7A,NTRK1,TUBB3,HSPA2
ATP7A,CLU,HYOU1,DNAJC9
ATP7A,NTRK1,CTNNB1,MYO1B
ATP7A,CLU,HYOU1,DNAJC9
ATP7A,NTRK1,SCRIB
ATP7A,NTRK1,GNAI3,RGS3
ATP7A,NTRK1,RGS19,CATSPER1,CACNA1I
ATP7A,TMEM59,CEACAM21,PVR,CD200R1,CD200
ATP7A,NTRK1,DVL2,RPGRIP1L
ATP7A,NTRK1,RAB11A,DENND4C
ATP7A,CLU,TMPO,HDAC11
ATP7A,NTRK1,CSNK2A1,MFAP1,S100A13
ATP7A,NTRK1,HNRNPA1,ANXA1
ATP7A,NTRK1,PTPRF,OPTC,SLC39A6
ATP7A,SOD3,KCNIP3,CREM,TDG
ATP7A,NTRK1,GNB1,MC2R
ATP7A,NTRK1,STAT3,PTPRD
ATP7A,OCLN,MIA3,ADAM30
ATP7A,NTRK1,ABL1,WNK2
ATP7A,NTRK1,ATIC,CAPN2
ATP7A,NTRK1,RACK1,KCNAB1
ATP7A,SOD3,SQSTM1,GABARAPL1,PDE9A
ATP7A,NTRK1,LAMB1,PSG8
ATP7A,NTRK1,GNA13,GNG5
ATP7A,NTRK1,HSP90AA1,NR3C2,PAQR9
ATP7A,NTRK1,TPR,ZNF721,KCNAB3
ATP7A,NTRK1,GNB1,MC2R,ADORA2B
ATP7A,CLU,TMPO,HDAC11,ORAI3
ATP7A,NTRK1,TFRC
ATP7A,LYN,SRC,FCER1A
ATP7A,TMEM59,PDE3B,SLC8A3
ATP7A,TMEM59,TMEM192,PLPP2
ATP7A,SOD3,SQSTM1,GABARAPL1,TNFRSF17
ATP7A,LYN,ITGA2
ATP7A,NTRK1,RACK1,KCNAB1
ATP7A,NTRK1,PRKCA,AKAP5
ATP7A,NTRK1,PLCG1,PICALM
ATP7A,LYN,TNF,ZAN
ATP7A,NTRK1,STAT3
ATP7A,TMEM59,DNAJC5,SLC32A1
ATP7A,NTRK1,KCNH2
ATP7A,OCLN,RAB5A
ATP7A,NTRK1,ANK2,DNAAF2,SLC12A5
ATP7A,NTRK1,GOPC,CERCAM
ATP7A,NTRK1,CBS,EHHADH,PAQR8
ATP7A,NTRK1,NSF
ATP7A,NTRK1,HNRNPA1,ANXA1
ATP7A,LYN,PIK3CG,ERAS
ATP7A,NTRK1,HSPA5,LOC102723407,TNFSF18
ATP7A,NTRK1,CTNNB1,MYO1B
ATP7A,NTRK1,DVL2,RPGRIP1L
ATP7A,NTRK1,ABL1,WNK2
ATP7A,copper(1+),SOD1,RNF112,PCDHGB2
ATP7A,SOD3,KCNIP1
ATP7A,CLU,TMPO,HDAC11,ABCA12
ATP7A,LYN,NRAS,PCDH18
ATP7A,NTRK1,NCK1,SHROOM2
ATP7A,NTRK1,CSNK2A2,PALM3
ATP7A,NTRK1,ABL1,WNK2
ATP7A,NTRK1,HSP90AA1,NR3C2,CD1A
ATP7A,NTRK1,YWHAE,REM1
ATP7A,CLU,IKBKB,TANK,FLAD1
ATP7A,NTRK1,PIK3CB,FLRT1
ATP7A,NTRK1,TJP1,CLDN1
ATP7A,CLU,TMPO,HDAC11,RERG
ATP7A,NTRK1,GNB1,MC2R
ATP7A,CLU,TMPO,HDAC11
ATP7A,CLU,TMPO,HDAC11
ATP7A,OCLN,RAB5A,RAB3GAP2
ATP7A,SOD3,SQSTM1,GABARAPL1,NTM
ATP7A,LYN,CASK,CYSLTR2
ATP7A,NTRK1,LGR5
ATP7A,NTRK1,LAMB1,PSG8
ATP7A,NTRK1,RAB11A,DENND4C
ATP7A,NTRK1,HSP90AB1,ZNF843,NPPA,NPR3
ATP7A,NTRK1,DVL2,RPGRIP1L,PTGER4
ATP7A,SOD3,SGTA,ACBD5,ZDHHC22
ATP7A,NTRK1,GNB1,MC2R
ATP7A,NTRK1,SLC12A2
ATP7A,NTRK1,SHC1
ATP7A,CLU,SCARB2,ACTL6A
ATP7A,CLU,TMPO,HDAC11
ATP7A,NTRK1,ARHGAP35
ATP7A,copper(1+),SOD1,RNF112,MADD
ATP7A,NTRK1,HNRNPA1,ANXA1
ATP7A,LYN,ITSN1
ATP7A,OCLN,SLC12A7
ATP7A,SOD3,SQSTM1,GABARAPL1,DTNBP1
ATP7A,LYN,AR
ATP7A,NTRK1,VAPB,OSBPL6
ATP7A,LYN,PARD3,JAM3
ATP7A,LYN,NRAS,PCDH18
ATP7A,CLU,HYOU1,DNAJC9
ATP7A,NTRK1,TUBB3,HSPA2
ATP7A,NTRK1,DVL2,RPGRIP1L
ATP7A,NTRK1,HSPA5,LOC102723407,OR14J1
ATP7A,NTRK1,KIDINS220,SEPTIN5
ATP7A,CLU,DLG4,DRD1
ATP7A,CLU,TMPO,HDAC11
ATP7A,NTRK1,MSH6,EXO1
ATP7A,LYN,EPHA4
ATP7A,NTRK1,PTPRC,CD244
ATP7A,NTRK1,FLNA,PHLDB2
ATP7A,NTRK1,AP2A2
ATP7A,CLU,TXNDC11,DCT
ATP7A,CLU,HYOU1,DNAJC9
ATP7A,CLU,TMPO,HDAC11
ATP7A,NTRK1,PDGFRA,CD55
ATP7A,LYN,RHOB
ATP7A,CLU,APP,APBB2,LRP10
ATP7A,NTRK1,STAT3,PTPRD
ATP7A,TMEM59,CEACAM21,PVR,CD200R1
ATP7A,CLU,TMPO,HDAC11
ATP7A,CLU,IKBKB,TANK,SLC16A6
ATP7A,LYN,NMT1,ACSL4
ATP7A,TMEM59,TMEM30A,ATP8A1
ATP7A,LYN,NRAS,PCDH18
ATP7A,NTRK1,STAM2,LITAF
ATP7A,NTRK1,UNC5B
ATP7A,NTRK1,TUBB3,HSPA2,RTN4RL1
ATP7A,CLU,TMPO,HDAC11
ATP7A,LYN,SRC,FCER1A,LYNX1
ATP7A,NTRK1,RAB11A,DENND4C
ATP7A,CLU,ARGLU1,WAC,KL
ATP7A,CLU,TMPO,HDAC11
ATP7A,NTRK1,ABL1,WNK2
ATP7A,NTRK1,ARF4
ATP7A,SOD3,SQSTM1,GABARAPL1,C2CD5
ATP7A,NTRK1,EGFR,GABRA2
ATP7A,CLU,DLG4,DRD1
ATP7A,NTRK1,GNAI3,RGS3
ATP7A,NTRK1,RAB11A,DENND4C
ATP7A,NTRK1,EGFR,GABRA2
ATP7A,LYN,SYK,SIRPB1
ATP7A,CLU,ARGLU1,WAC,CHMP7
ATP7A,CLU,LRP1B
ATP7A,NTRK1,LAMB1,PSG8
ATP7A,CLU,TMPO,HDAC11
ATP7A,OCLN,UBA52
ATP7A,CLU,TMPO,HDAC11
ATP7A,NTRK1,GAA,LARGE1
ATP7A,NTRK1,ITGAV,CEACAM8
ATP7A,CLU,TXNDC11,DCT
ATP7A,CLU,TMPO,HDAC11
ATP7A,NTRK1,TUBB3,HSPA2
ATP7A,NTRK1,YWHAE,REM1
ATP7A,NTRK1,DLG5
ATP7A,LYN,LPXN,PLEKHN1
ATP7A,NTRK1,PRKCA,AKAP5
ATP7A,NTRK1,PTK7,BTNL8
ATP7A,NTRK1,RAB11A,DENND4C
ATP7A,NTRK1,UBE3A,ATP1A4
ATP7A,LYN,ABCC5,SLC30A2
ATP7A,LYN,LPXN,PLEKHN1
ATP7A,CLU,TMPO,HDAC11
ATP7A,NTRK1,TUBB3,HSPA2
ATP7A,NTRK1,SFN,CYP26C1,PSG6
ATP7A,NTRK1,GNA13,GNG5
ATP7A,LYN,ARF6,NMT2
ATP7A,NTRK1,UNC5C,NTN1,NTN4
ATP7A,OCLN,PATJ,HOMER2
ATP7A,NTRK1,RAB11A,DENND4C
ATP7A,NTRK1,RAB11A,DENND4C
ATP7A,NTRK1,HNRNPA1,ANXA1
ATP7A,OCLN,TGOLN2,RAB18
ATP7A,CLU,DLG4,DRD1,TMPRSS12
ATP7A,NTRK1,NCAM1,SIGLEC9
ATP7A,CLU,DLG4,DRD1,INPP5E
ATP7A,NTRK1,RAB11A,DENND4C
ATP7A,NTRK1,CTNNB1,MYO1B
ATP7A,NTRK1,RACK1,KCNAB1
ATP7A,NTRK1,WASL,WIPF3,ADAM9
ATP7A,CLU,HYOU1,DNAJC9
ATP7A,copper(1+),SOD2,ENO3
ATP7A,LYN,AR,SLC43A1
ATP7A,NTRK1,RAB11A,DENND4C
ATP7A,CLU,IKBKB,TANK,FGF13
ATP7A,NTRK1,GNB1,MC2R
ATP7A,NTRK1,RAB11A,DENND4C
ATP7A,NTRK1,DVL2,RPGRIP1L
ATP7A,CLU,TMPO,HDAC11
ATP7A,NTRK1,MSH6,EXO1
ATP7A,NTRK1,HSP90B1,ZNF780A,GABRG3
ATP7A,NTRK1,RALA,PLCD1
ATP7A,copper(1+),SOD2,ENO3
ATP7A,NTRK1,GNA13,GNG5,CXCL12,CCR10
ATP7A,NTRK1,VCP,PPP1R7,ZNF804A
ATP7A,SOD3,SQSTM1,GABARAPL1,ITGB1BP1
ATP7A,NTRK1,YWHAE,REM1
ATP7A,LYN,KIF23,ATAD3B
ATP7A,SOD3,SQSTM1,GABARAPL1,ATP6V1F
ATP7A,NTRK1,SHC1,FLT4,LIMS2
ATP7A,NTRK1,GNAO1,RGS9
ATP7A,CLU,TMPO,HDAC11
ATP7A,CLU,TMPO,HDAC11
ATP7A,SOD3,SGTA,ACBD5,UGT1A1
ATP7A,LYN,F2RL1,SERPINB2
ATP7A,NTRK1,TUBB3,HSPA2
ATP7A,NTRK1,CAPN1
ATP7A,LYN,TNF,ZAN
ATP7A,NTRK1,UCHL1,ADRA2B
ATP7A,CLU,DLG4,DRD1,SLC1A4
ATP7A,NTRK1,VAPB,OSBPL6
ATP7A,NTRK1,GNA13,GNG5
ATP7A,TMEM59,TMEM192,PLPP2
ATP7A,NTRK1,RACK1,KCNAB1
ATP7A,NTRK1,RAB11A,DENND4C
ATP7A,CLU,TMPO,HDAC11
ATP7A,NTRK1,TUBB3,HSPA2
ATP7A,CLU,DLG4,DRD1
ATP7A,CLU,HP,DDHD2,ACP3
ATP7A,NTRK1,VIM,WHRN
ATP7A,NTRK1,RAB11A,DENND4C,FZD10
ATP7A,SOD3,SQSTM1,GABARAPL1,GPR152
ATP7A,NTRK1,ABL1,WNK2
ATP7A,CLU,IKBKB,TANK,KIR3DL1
ATP7A,NTRK1,USP8,VPS4B
ATP7A,NTRK1,YWHAE,REM1
ATP7A,SOD3,SQSTM1,GABARAPL1,MOG
ATP7A,NTRK1,HNRNPA1,ANXA1
ATP7A,LYN,APC
ATP7A,NTRK1,ABL1,WNK2
ATP7A,LYN,VAMP2,PRKD3
ATP7A,CLU,TMPO,HDAC11
ATP7A,LYN,GP1BB,FSHR
ATP7A,SOD3,SQSTM1,GABARAPL1,GJC1
ATP7A,CLU,DLG4,DRD1
ATP7A,NTRK1,TUBB4B,PRCP
ATP7A,NTRK1,ABL1,WNK2
ATP7A,NTRK1,TRAF6,TNFRSF13B
ATP7A,CLU,DLG4,DRD1
ATP7A,CLU,TMPO,HDAC11
ATP7A,NTRK1,GOPC,CERCAM
ATP7A,NTRK1,TUBB3,HSPA2
ATP7A,CLU,TMPO,HDAC11,CGAS
ATP7A,NTRK1,RACK1,KCNAB1
ATP7A,NTRK1,NCAM1,SIGLEC9,ROM1
ATP7A,NTRK1,PDGFRA,CD55
ATP7A,NTRK1,DVL2,RPGRIP1L
ATP7A,NTRK1,RAB11A,DENND4C
ATP7A,LYN,SH3KBP1,VPS37B
ATP7A,NTRK1,TRIM33,CEP78,SYT7
ATP7A,CLU,DLG4,DRD1,DRD4
ATP7A,NTRK1,KIDINS220,SEPTIN5
ATP7A,CLU,HYOU1,DNAJC9
ATP7A,NTRK1,DSC2,PSG11
ATP7A,NTRK1,MSH6,EXO1
ATP7A,NTRK1,KIF5B,RUSC1,BTNL9
ATP7A,NTRK1,LAMB1,PSG8
ATP7A,NTRK1,RACK1,KCNAB1
ATP7A,NTRK1,SPTLC1,ORMDL3
ATP7A,NTRK1,GNB1,MC2R
ATP7A,OCLN,APBB1,SLAMF7
ATP7A,CLU,HYOU1,DNAJC9
ATP7A,LYN,SLC38A1,SLC10A1
ATP7A,NTRK1,PRKCA,AKAP5
ATP7A,NTRK1,TRAF6,TNFRSF13B
ATP7A,NTRK1,PTK2,EPS8L2
ATP7A,CLU,APP,APBB2,TMBIM6
ATP7A,CLU,TMPO,HDAC11
ATP7A,LYN,MAP3K3,MYO1A
ATP7A,NTRK1,CAV1,SCP2,AGTRAP
ATP7A,NTRK1,TUBB3,HSPA2
ATP7A,LYN,AKT2,CLIP3
ATP7A,CLU,TMPO,HDAC11
ATP7A,LYN,TMX1,TMEM179B
ATP7A,LYN,JAK2,MUC7
ATP7A,NTRK1,RAB11A,DENND4C
ATP7A,TMEM59,TMEM30A
ATP7A,NTRK1,RAB11A,DENND4C
ATP7A,CLU,TMPO,HDAC11
ATP7A,NTRK1,ABL1,WNK2
ATP7A,CLU,APP,APBB2,SPINT1
ATP7A,LYN
ATP7A,NTRK1,YWHAE,REM1
ATP7A,NTRK1,PDGFRB,HELLS,CD59
ATP7A,NTRK1,TUBB3,HSPA2
ATP7A,CLU,ARGLU1,WAC,GNAT3
ATP7A,NTRK1,TRIM33,CEP78,NALF1
ATP7A,NTRK1,RAB11A,DENND4C
ATP7A,NTRK1,DVL2,RPGRIP1L
ATP7A,NTRK1,YWHAE,REM1
ATP7A,NTRK1,PDGFRA,CD55
ATP7A,CLU,DLG4,DRD1
ATP7A,NTRK1,GNAI3,RGS3
ATP7A,SOD3,SQSTM1,GABARAPL1,GPR37
ATP7A,OCLN,TMPRSS11B
ATP7A,NTRK1,MAP2,TRIM36
ATP7A,NTRK1,CSNK2A1,MFAP1,REM2
ATP7A,LYN,RAC3
ATP7A,SOD3,SQSTM1,GABARAPL1,NEGR1
ATP7A,LYN,CD79A
ATP7A,LYN,ITGB2,TLN2
ATP7A,NTRK1,RACK1,KCNAB1
ATP7A,NTRK1,RACK1,KCNAB1
ATP7A,CLU,TMPO,HDAC11
ATP7A,NTRK1,RGS19
ATP7A,CLU,TMPO,HDAC11,FOLH1
ATP7A,NTRK1,MAPK1
ATP7A,LYN,RND2,PCDH17,UNC5D
ATP7A,SOD3,SGTA,ACBD5,CALN1
ATP7A,OCLN,CGN
ATP7A,LYN,ARHGEF28
ATP7A,NTRK1,LGALS3BP,SIGLEC6
ATP7A,NTRK1,PAK4,TMPRSS11A
ATP7A,CLU,HYOU1,DNAJC9
ATP7A,NTRK1,PLCG1,PICALM
ATP7A,NTRK1,SEZ6L2,CDHR4
ATP7A,LYN,NRAS,PCDH18
ATP7A,NTRK1,CAPN1,CAPNS2
ATP7A,NTRK1,CSNK2A2,PALM3
ATP7A,CLU,TMPO,HDAC11
ATP7A,NTRK1,PRKCA,AKAP5
ATP7A,LYN,SRC,FCER1A
ATP7A,NTRK1,NCK1,SHROOM2
ATP7A,NTRK1,FLNA,PHLDB2,TTLL12
ATP7A,TMEM59,RHOG
ATP7A,CLU,TMPO,HDAC11
ATP7A,NTRK1,UBE3A,ATP1A4
ATP7A,NTRK1,ABL1,WNK2
ATP7A,NTRK1,EGFR,GABRA2
ATP7A,NTRK1,PRKCA,AKAP5
ATP7A,NTRK1,VIM,WHRN,OR6C70
ATP7A,NTRK1,TARDBP,ATF3,GGT7
ATP7A,SOD3,SQSTM1,GABARAPL1,C3
ATP7A,NTRK1,HK2,HEXB,SLC39A12
ATP7A,TMEM59,ABCA3,MARCHF4,TYROBP
ATP7A,OCLN,SLC22A4,SLC5A6
ATP7A,NTRK1,RAB11A,DENND4C
ATP7A,LYN,SRC,FCER1A
ATP7A,CLU,APP,APBB2,SYT3
ATP7A,NTRK1,STAT3,PTPRD,SLC20A1
ATP7A,CLU,PDIA3,HMGN1,GBP1
ATP7A,NTRK1,CTNNB1,MYO1B
ATP7A,copper(1+),SOD2,ENO3,GLO1
ATP7A,CLU,TMPO,HDAC11
ATP7A,OCLN,DLK1,SLC16A2
ATP7A,NTRK1,ATP2A2,PDS5A,CDH19
ATP7A,copper(1+),SOD1,RNF112,SLC36A1
ATP7A,NTRK1,VIM,WHRN
ATP7A,LYN,SRC,FCER1A
ATP7A,SOD3,SQSTM1,GABARAPL1,TNFRSF13C
ATP7A,NTRK1,GOPC
ATP7A,SOD3,SGTA,ACBD5,LRRC70
ATP7A,LYN,AR,SLC43A1
ATP7A,NTRK1,CUL1,RAE1,RAB28
ATP7A,NTRK1,TRAF6,TNFRSF13B
ATP7A,NTRK1,SH2B2
ATP7A,NTRK1,VIM
ATP7A,NTRK1,CUL1,RAE1,IL22RA1
ATP7A,NTRK1,RACK1,KCNAB1
ATP7A,NTRK1,RHOT2,CNR2
ATP7A,NTRK1,GOPC,CERCAM
ATP7A,NTRK1,PRKCA,AKAP5
ATP7A,TMEM59,CEACAM21,PVR
ATP7A,NTRK1,SOS1,EPS8L1
ATP7A,NTRK1,ABL1,WNK2
ATP7A,CLU,TMPO,HDAC11
ATP7A,LYN,CD79B
ATP7A,NTRK1,TRAF6,TNFRSF13B
ATP7A,NTRK1,YWHAE,REM1
ATP7A,NTRK1,ABL1,WNK2
ATP7A,NTRK1,DOCK1,ARL4A
ATP7A,LYN,ADD1
ATP7A,NTRK1,ABL1,WNK2
ATP7A,OCLN,DNAJC5B,IFITM1
ATP7A,NTRK1,CAPN1,CAPNS2
ATP7A,CLU,HYOU1,DNAJC9
ATP7A,NTRK1,PRKCA,AKAP5,GRM4
ATP7A,NTRK1,AP2A1,EHD1
ATP7A,NTRK1,YWHAE,REM1
ATP7A,NTRK1,TNK2,MAGI3
ATP7A,CLU,TMPO,HDAC11
ATP7A,NTRK1,RAP1A,CACUL1,CLPTM1
ATP7A,NTRK1,FLNA,PHLDB2
ATP7A,NTRK1,HNRNPA1,ANXA1
ATP7A,CLU,TTR,CTNND2
ATP7A,NTRK1,RAB11A,DENND4C
ATP7A,NTRK1,RACK1,KCNAB1
ATP7A,NTRK1,VAPB,OSBPL6
ATP7A,LYN,KIT
ATP7A,NTRK1,CTNNB1,MYO1B
ATP7A,NTRK1,SV2A
ATP7A,NTRK1,SHC1,FLT4,PARVG
ATP7A,NTRK1,RAB11A,DENND4C
ATP7A,LYN,F2RL1,SERPINB2
ATP7A,LYN,NMT1,ACSL4
ATP7A,NTRK1,RACK1,KCNAB1
ATP7A,NTRK1,STAT3,PTPRD
ATP7A,NTRK1,PIK3R3,PCDHB5
ATP7A,NTRK1,SHC1,FLT4
ATP7A,NTRK1,RELA,COMMD10,RNF34
ATP7A,NTRK1,ABL1,WNK2
ATP7A,NTRK1,PRKCA,AKAP5
ATP7A,NTRK1,PLCG1,PICALM
ATP7A,NTRK1,VAPB,OSBPL6
ATP7A,CLU,TMPO,HDAC11
ATP7A,NTRK1,RACK1,KCNAB1
ATP7A,NTRK1,PTK2,EPS8L2
ATP7A,NTRK1,ABL1,WNK2
ATP7A,CLU,TMPO,HDAC11,LRP3
ATP7A,NTRK1,AP2A1,EHD1
ATP7A,NTRK1,ABL1,WNK2
ATP7A,NTRK1,ABL1,WNK2
ATP7A,NTRK1,TRAF6,TNFRSF13B
ATP7A,LYN,SDK2,RAET1E
ATP7A,NTRK1,EPS15
ATP7A,LYN,RHOC,SLC30A5
ATP7A,NTRK1,EGFR,GABRA2
ATP7A,LYN,CD22,TLR5
ATP7A,LYN,AR,SLC43A1
ATP7A,LYN,MAPK3
ATP7A,NTRK1,SPTLC1,ORMDL3
ATP7A,LYN,KIT,KITLG
ATP7A,NTRK1,ABL1,WNK2
ATP7A,NTRK1,TUBB3,HSPA2
ATP7A,NTRK1,RAB11A,DENND4C
ATP7A,NTRK1,VIM,WHRN,SERPINB10
ATP7A,NTRK1,RACK1,KCNAB1
ATP7A,NTRK1,KLC1,MYCL,PIP4P1
ATP7A,NTRK1,ABL1,WNK2
ATP7A,NTRK1,PTK2,EPS8L2
ATP7A,TMEM59,TMEM192,PLPP2
ATP7A,NTRK1,HNRNPA1,ANXA1
ATP7A,NTRK1,TUBB3,HSPA2
ATP7A,NTRK1,GNB1,MC2R
ATP7A,CLU,HYOU1,DNAJC9,SLC22A23
ATP7A,NTRK1,PLCG1,PICALM
ATP7A,LYN,EPB41
ATP7A,NTRK1,CTNNB1,MYO1B
ATP7A,NTRK1,POLE
ATP7A,CLU,DLG4,DRD1
ATP7A,TMEM59,TMEM30A,ATP8A1
ATP7A,NTRK1,YWHAG,DUSP16,DGLUCY,GPR45
ATP7A,NTRK1,GNB1,MC2R
ATP7A,NTRK1,HNRNPA1,ANXA1
ATP7A,NTRK1,RACK1,KCNAB1
ATP7A,NTRK1,GNAS,RIC8B
ATP7A,CLU,HYOU1,DNAJC9
ATP7A,NTRK1,RACK1,KCNAB1
ATP7A,NTRK1,PTPRG,PCDHGC3
ATP7A,NTRK1,PTPN1,ASGR2
ATP7A,LYN,DOK3
ATP7A,NTRK1,HNRNPA1,ANXA1
ATP7A,NTRK1,PTK2,EPS8L2
ATP7A,LYN,TOLLIP,SLC38A2
ATP7A,NTRK1,CUL1,RAE1,LANCL2
ATP7A,NTRK1,TRAF6,TNFRSF13B,IL17RE
ATP7A,copper(1+),SOD2,ENO3
ATP7A,NTRK1,CTNNB1,MYO1B
ATP7A,NTRK1,GNAI3
ATP7A,NTRK1,RACK1,KCNAB1
ATP7A,NTRK1,PRKCA,AKAP5,IPCEF1
ATP7A,CLU,DLG4,DRD1
ATP7A,TMEM59,AP2M1,AP1S3,C4B
ATP7A,CLU,TMPO,HDAC11
ATP7A,NTRK1,RAB11A,DENND4C
ATP7A,CLU,TMPO,HDAC11
ATP7A,LYN,CASK,CYSLTR2
ATP7A,NTRK1,PRKCA,AKAP5
ATP7A,NTRK1,NCAM1
ATP7A,CLU,ZWINT,SNAP29
ATP7A,CLU,TMPO,HDAC11,TUSC3
ATP7A,CLU,TXNDC11,DCT
ATP7A,NTRK1,PLCG1,PICALM
ATP7A,NTRK1,GNA13,GNG5
ATP7A,NTRK1,ABL1,WNK2
ATP7A,NTRK1,VAPB,OSBPL6
ATP7A,NTRK1,EGFR,GABRA2
ATP7A,NTRK1,DSG2
ATP7A,NTRK1,PDGFRA,CD55
ATP7A,CLU,TMPO,HDAC11
ATP7A,CLU,LRP2,SYNJ2BP,SV2B
ATP7A,NTRK1,RACK1,KCNAB1
ATP7A,CLU,HYOU1,DNAJC9
ATP7A,NTRK1,TRAF6,TNFRSF13B
ATP7A,CLU,DLG4,DRD1
ATP7A,TMEM59,TMEM192,PLPP2
ATP7A,NTRK1,PDGFRA
ATP7A,CLU,TMPO,HDAC11,SLC22A12
ATP7A,NTRK1,GNB1,MC2R
ATP7A,CLU,TMPO,HDAC11
ATP7A,NTRK1,EGFR
ATP7A,LYN,SRC,FCER1A,SLC9A3R2
ATP7A,CLU,DLG4,DRD1
ATP7A,NTRK1,HSP90AA1,NR3C2,AVPR1B
ATP7A,NTRK1,GNB1,MC2R
ATP7A,OCLN,TGOLN2,RAB18
ATP7A,CLU,HP,DDHD2,OPRPN,SLC5A4
ATP7A,NTRK1,EGFR,GABRA2
ATP7A,NTRK1,ITGB1
ATP7A,NTRK1,RHOT2,CNR2
ATP7A,NTRK1,RACK1,KCNAB1
ATP7A,NTRK1,ABL1,WNK2
ATP7A,OCLN,PLEKHA1
ATP7A,CLU,TMPO,HDAC11
ATP7A,NTRK1,TUBB3,HSPA2
ATP7A,CLU,TXNDC11,DCT,DUOXA2
ATP7A,NTRK1,FLNA,PHLDB2
ATP7A,NTRK1,UBC,OTUB2,SCARA5
ATP7A,NTRK1,RACK1,KCNAB1
ATP7A,NTRK1,CDK2,NTNG1
ATP7A,NTRK1,RHOT2,CNR2
ATP7A,TMEM59,TMEM192,PLPP2
ATP7A,NTRK1,STAM2,LITAF
ATP7A,CLU,TMPO,HDAC11
ATP7A,NTRK1,RACK1,KCNAB1
ATP7A,NTRK1,WASL
ATP7A,NTRK1,GNAI3,RGS3
ATP7A,LYN,NRAS,PCDH18
ATP7A,NTRK1,DVL2,RPGRIP1L
ATP7A,OCLN,RAB4A,SLC9A7
ATP7A,OCLN,TGOLN2,RAB18
ATP7A,LYN,TNF,ZAN
ATP7A,copper(1+),SOD2,ENO3
ATP7A,NTRK1,HNRNPA1,ANXA1
ATP7A,NTRK1,KIDINS220,SEPTIN5
ATP7A,LYN,PLD1
ATP7A,NTRK1,PRKCA
ATP7A,NTRK1,IGLL5,FCGRT,ZDHHC20
ATP7A,NTRK1,HSPA4L,RASGRP1
ATP7A,NTRK1,GNA13,GNG5
ATP7A,LYN,ERBB3,SELENOK
ATP7A,OCLN,SLC22A4,SLC5A6
ATP7A,NTRK1,YWHAG,DUSP16,FCRL5
ATP7A,NTRK1,AP2A1,EHD1
ATP7A,OCLN,APBB1,SLAMF7
ATP7A,CLU,TMPO,HDAC11,STK17B
ATP7A,NTRK1,GNB1,MC2R
ATP7A,LYN,F2RL1,SERPINB2
ATP7A,NTRK1,PRKCA,AKAP5
ATP7A,NTRK1,RACK1,KCNAB1
ATP7A,NTRK1,TRAF4
ATP7A,CLU,SCARB2,ACTL6A,CLDN18
ATP7A,LYN,JAK2,MUC7
ATP7A,NTRK1,TUBA1A
ATP7A,NTRK1,SOS2
ATP7A,NTRK1,GNA13,GNG5
ATP7A,CLU,SCARB2,ACTL6A,GSDMA
ATP7A,copper(1+),SOD1,RNF112,TMC2
ATP7A,TMEM59,DNAJC5,SLC32A1
ATP7A,CLU,HYOU1,DNAJC9,TLR7
ATP7A,NTRK1,TUBB3,HSPA2
ATP7A,NTRK1,GOPC,CERCAM
ATP7A,CLU,HYOU1,DNAJC9
ATP7A,copper(1+),SOD1,RNF112,UBAC1
ATP7A,CLU,TMPO,HDAC11
ATP7A,NTRK1,AP2A1,EHD1
ATP7A,CLU,DLG4,DRD1
ATP7A,NTRK1,ABL1,WNK2
ATP7A,CLU,IKBKB,TANK,SLC35A4,SLC13A4
ATP7A,CLU,TMPO,HDAC11
ATP7A,NTRK1,NCK1,SHROOM2
ATP7A,NTRK1,GOPC,CERCAM
ATP7A,LYN,MAP3K3,MYO1A
ATP7A,CLU,DLG4,DRD1
ATP7A,NTRK1,DVL2,RPGRIP1L
ATP7A,NTRK1,RAB11A,DENND4C
ATP7A,CLU,TMPO,HDAC11,CHRNB2
ATP7A,NTRK1,PPP6C,PPP6R2,RP2
ATP7A,NTRK1,MARCKS
ATP7A,LYN,YES1,SLC16A14
ATP7A,NTRK1,CSNK2A1,MFAP1,PXK
ATP7A,LYN,SRC,FCER1A
ATP7A,OCLN,TNKS1BP1
ATP7A,NTRK1,PRKCA,AKAP5
ATP7A,NTRK1,DVL2,RPGRIP1L
ATP7A,NTRK1,PRKCA,AKAP5
ATP7A,NTRK1,GNAS,RIC8B
ATP7A,NTRK1,TUBB3,HSPA2
ATP7A,CLU,TMPO,HDAC11
ATP7A,NTRK1,GNB1,MC2R
ATP7A,NTRK1,YWHAH,MTM1
ATP7A,LYN,NRAS,PCDH18
ATP7A,NTRK1,GNAO1
ATP7A,CLU,BCL2L1,LARP1,PLEKHF2,GPBP1
ATP7A,LYN,ROBO1
ATP7A,LYN,SLC7A2
ATP7A,SOD3,SQSTM1,GABARAPL1,DLL4
ATP7A,CLU,TMPO,HDAC11
ATP7A,TMEM59,CEACAM21,PVR
ATP7A,CLU,DLG4,DRD1,ANKRD20A1
ATP7A,NTRK1,GNB1,MC2R
ATP7A,LYN,SRC,FCER1A
ATP7A,CLU,IKBKB,TANK,CEP295
ATP7A,CLU,TMPO,HDAC11,STOML1
ATP7A,NTRK1,EGFR,GABRA2
ATP7A,NTRK1,CANX,VMA21,SLC2A5
ATP7A,NTRK1,GNAI3,RGS3
ATP7A,NTRK1,ABL1,WNK2
ATP7A,NTRK1,PIK3CA,RASD2
ATP7A,CLU,PRNP
ATP7A,LYN,YES1,SLC16A14
ATP7A,NTRK1,PRKCA,AKAP5
ATP7A,NTRK1,KLC2,CHRNA9
ATP7A,CLU,TXNDC11,DCT
ATP7A,NTRK1,GNB1,MC2R
ATP7A,NTRK1,EGFR,GABRA2
ATP7A,NTRK1,GNAS,RIC8B
ATP7A,NTRK1,LGALS3BP,SIGLEC6
ATP7A,NTRK1,XPR1
ATP7A,NTRK1,STAT3,PTPRD,MC5R
ATP7A,NTRK1,PRKCA,AKAP5
ATP7A,NTRK1,GNB1,MC2R
ATP7A,CLU,TMPO,HDAC11
ATP7A,LYN,ERBB3
ATP7A,CLU,HYOU1,DNAJC9
ATP7A,NTRK1,MYH9
ATP7A,CLU,DLG4,DRD1
ATP7A,NTRK1,GNB1,MC2R
ATP7A,CLU,TMPO,HDAC11
ATP7A,NTRK1,CAPN1,CAPNS2
ATP7A,CLU,DLG4,DRD1
ATP7A,TMEM59,RND1,PCDHGA5
ATP7A,NTRK1,CSDE1,ARHGEF39
ATP7A,CLU,TMPO,HDAC11
ATP7A,copper(1+),SOD2,ENO3
ATP7A,NTRK1,HNRNPA1,ANXA1
ATP7A,NTRK1,GNB1,MC2R
ATP7A,LYN,PLCG2
ATP7A,NTRK1,VIM,WHRN
ATP7A,LYN,SYK,SIRPB1
ATP7A,NTRK1,RELA,COMMD10,CHRNB1
ATP7A,CLU,TMPO,HDAC11
ATP7A,NTRK1,GNB1,MC2R
ATP7A,CLU,PDIA3,HMGN1,RSC1A1
ATP7A,copper(1+),SOD1,RNF112,IL17RD
ATP7A,LYN,ADCY3,CNGA3
ATP7A,SOD3,SQSTM1,GABARAPL1,GPR39
ATP7A,NTRK1,ABL1,WNK2
ATP7A,NTRK1,TRAF6,TNFRSF13B
ATP7A,NTRK1,PLCG1,PICALM
ATP7A,NTRK1,VCP,PPP1R7,AQP10
ATP7A,SOD3,SQSTM1,GABARAPL1,MYO7A,RPE65
ATP7A,NTRK1,RACK1,KCNAB1
ATP7A,CLU,TMPO,HDAC11
ATP7A,NTRK1,CUL1,RAE1,RPL36A-HNRNPH2
ATP7A,NTRK1,AGK,ATP2C1
ATP7A,NTRK1,CTNNB1,MYO1B
ATP7A,LYN,LPXN,PLEKHN1
ATP7A,NTRK1,DNM1,LYPD6
ATP7A,NTRK1,SH2B1
ATP7A,NTRK1,ABL1,WNK2
ATP7A,NTRK1,RACK1,KCNAB1
ATP7A,CLU,ATP7B,NRG1
ATP7A,CLU,TMPO,HDAC11,IL27RA
ATP7A,NTRK1,TUBB3,HSPA2
ATP7A,NTRK1,VIM,WHRN
ATP7A,NTRK1,PLCG1,PICALM
ATP7A,NTRK1,PPP1CA
ATP7A,CLU,LRP2,SYNJ2BP,CACNB4
ATP7A,NTRK1,RHOBTB3,RTN4R
ATP7A,NTRK1,FKBP5,PI4KA
ATP7A,NTRK1,DVL2,RPGRIP1L,PCDH15
ATP7A,NTRK1,ABL1,WNK2
ATP7A,NTRK1,SOS1,EPS8L1
ATP7A,LYN,RHOC,SLC30A5
ATP7A,NTRK1,TUBB3,HSPA2
ATP7A,NTRK1,RACK1,KCNAB1,SLC44A1
ATP7A,NTRK1,RACK1,KCNAB1
ATP7A,CLU,TMPO,HDAC11
ATP7A,NTRK1,CDK2,NTNG1,MS4A14
ATP7A,NTRK1,RACK1,KCNAB1
ATP7A,TMEM59,TMEM192,PLPP2
ATP7A,CLU,PDIA3,HMGN1,GUCY2C
ATP7A,NTRK1,EGFR,GABRA2
ATP7A,NTRK1,FLNA
ATP7A,CLU,ATP7B
ATP7A,NTRK1,VAPB,OSBPL6
ATP7A,NTRK1,SHC3
ATP7A,LYN,EPHB3
ATP7A,LYN,VAMP3
ATP7A,NTRK1,RAB11A,DENND4C
ATP7A,LYN,SLC7A5
ATP7A,NTRK1,GNA13,GNG5
ATP7A,NTRK1,UBC
ATP7A,NTRK1,ABL1,WNK2
ATP7A,CLU,TMPO,HDAC11
ATP7A,CLU,TMPO,HDAC11,IFITM5
ATP7A,NTRK1,HNRNPA1,ANXA1
ATP7A,CLU,TMPO,HDAC11
ATP7A,SOD3,SQSTM1,GABARAPL1,LGALS4
ATP7A,OCLN,TMPRSS11B,SLC39A3
ATP7A,CLU,TMPO,HDAC11
ATP7A,NTRK1,GNAI3,RGS3
ATP7A,CLU,TMPO,HDAC11
ATP7A,NTRK1,NDUFS2,UQCR11,COA6
ATP7A,NTRK1,FLNA,PHLDB2
ATP7A,NTRK1,ARHGDIA,HSD17B10
ATP7A,SOD3,KCNIP3,CREM,AGPAT2
ATP7A,NTRK1,STAT3,PTPRD
ATP7A,NTRK1,CUL3
ATP7A,NTRK1,ANK2,DNAAF2,CNTN6
ATP7A,NTRK1,HNRNPA1,ANXA1
ATP7A,NTRK1,EGFR,GABRA2
ATP7A,NTRK1,UCHL1,ADRA2B
ATP7A,NTRK1,RAB11A,DENND4C
ATP7A,CLU,TMPO,HDAC11
ATP7A,NTRK1,ABL1,WNK2,ABCC9
ATP7A,NTRK1,HNRNPA1,ANXA1
ATP7A,NTRK1,PTPN1,ASGR2
ATP7A,NTRK1,HNRNPA1,ANXA1
ATP7A,NTRK1,PRKCA,AKAP5
ATP7A,NTRK1,PRKCA,AKAP5
ATP7A,NTRK1,RGS19,CATSPER1
ATP7A,NTRK1,BSG,SLC16A13,XKR3
ATP7A,CLU,IKBKB,TANK,NT5E
ATP7A,LYN,ADD3
ATP7A,NTRK1,CTNNB1,MYO1B
ATP7A,NTRK1,ABL1,WNK2
ATP7A,CLU,SCF-betaTRCP,ATF4,ITGAE
ATP7A,NTRK1,STAT3,PTPRD
ATP7A,LYN,GP1BA,SELP
ATP7A,NTRK1,PRKCA,AKAP5
ATP7A,NTRK1,SPTLC1,ORMDL3
ATP7A,NTRK1,SHC1,FLT4
ATP7A,NTRK1,KIDINS220,SEPTIN5
ATP7A,CLU,TMPO,HDAC11
ATP7A,NTRK1,HNRNPA1,ANXA1
ATP7A,CLU,TMPO,HDAC11
ATP7A,CLU,DLG4,DRD1
ATP7A,NTRK1,RAB11A,DENND4C
ATP7A,CLU,TMPO,HDAC11
ATP7A,NTRK1,PTK2,EPS8L2
ATP7A,NTRK1,PRKCA,AKAP5
ATP7A,NTRK1,PTPN1,ASGR2,SLC9A2
ATP7A,NTRK1,NCK1,SHROOM2
ATP7A,NTRK1,SHC1,FLT4,GPC5
ATP7A,CLU,DLG4,DRD1
ATP7A,LYN,ITGB2,TLN2
ATP7A,NTRK1,PTPRS
ATP7A,NTRK1,MSH6,EXO1
ATP7A,SOD3,SQSTM1,GABARAPL1,MYO1F
ATP7A,CLU,IKBKB,TANK,TMEFF1
ATP7A,NTRK1,FKBP5,PI4KA
ATP7A,TMEM59,COLEC12
ATP7A,NTRK1,SHC1,FLT4
ATP7A,LYN,NRAS,PCDH18
ATP7A,NTRK1,CAPN1,CAPNS2
ATP7A,NTRK1,MYO9B,CDC42,PDE6C
ATP7A,NTRK1,TUBB3,HSPA2
ATP7A,NTRK1,GNA13,GNG5
ATP7A,LYN,SRC,FCER1A,GLRA3
ATP7A,NTRK1,TUBB3,HSPA2,SLC17A5
ATP7A,NTRK1,DOCK1,ARL4A
ATP7A,SOD3,SQSTM1,GABARAPL1,SLC25A11
ATP7A,NTRK1,CTNNB1,MYO1B
ATP7A,NTRK1,STAM2,LITAF
ATP7A,NTRK1,TARDBP,ATF3,SLC38A6
ATP7A,NTRK1,CUL1,RAE1,KLRK1,RAET1L
ATP7A,NTRK1,RACK1,KCNAB1
ATP7A,SOD3,SQSTM1,GABARAPL1,CD27
ATP7A,NTRK1,TUBB3,HSPA2
ATP7A,CLU,SCARB2,ACTL6A
ATP7A,NTRK1,CTNNB1,MYO1B
ATP7A,LYN,EFNB2
ATP7A,SOD3,SGTA,ACBD5,CEP112
ATP7A,LYN,LPXN,PLEKHN1
ATP7A,NTRK1,STAM2,LITAF
ATP7A,LYN,SRC,FCER1A
ATP7A,SOD3,SQSTM1,GABARAPL1,CLCA1
ATP7A,LYN,SRC,FCER1A
ATP7A,NTRK1,TRAF6,TNFRSF13B
ATP7A,copper(1+),SOD1,RNF112,PCDHGB5
ATP7A,copper(1+),SOD1,RNF112,CPNE4
ATP7A,LYN,TOLLIP,SLC38A2
ATP7A,NTRK1,VAPB,OSBPL6
ATP7A,NTRK1,DNAJA3,ATOSB,SLC22A2
ATP7A,NTRK1,PRKCA,AKAP5
ATP7A,NTRK1,ABL1,WNK2,ADM,RAMP2
ATP7A,NTRK1,PLXNB2,SEMA4A
ATP7A,CLU,HYOU1,DNAJC9,HMOX1,CYBRD1
ATP7A,NTRK1,INA,RSPRY1,BORCS5
ATP7A,LYN,KIRREL1,CCKBR
ATP7A,NTRK1,TRAF6,TNFRSF13B
ATP7A,CLU,TMPO,HDAC11,PIEZO1
ATP7A,SOD3,SQSTM1,GABARAPL1,CARD14
ATP7A,LYN,SH3KBP1,VPS37B
ATP7A,OCLN,JAG2,STS
ATP7A,CLU,TMPO,HDAC11
ATP7A,CLU,TMPO,HDAC11
ATP7A,CLU,TMPO,HDAC11
ATP7A,NTRK1,RACK1,KCNAB1
ATP7A,LYN,NRAS,PCDH18
ATP7A,NTRK1,TARDBP,ATF3,PXDNL
ATP7A,NTRK1,NCK1,SHROOM2
ATP7A,NTRK1,EGFR,GABRA2
ATP7A,NTRK1,ABL1,WNK2
ATP7A,NTRK1,RACK1,KCNAB1
ATP7A,SOD3,SQSTM1,GABARAPL1,LRRN1
ATP7A,NTRK1,RAB11A,DENND4C
ATP7A,NTRK1,DVL2,RPGRIP1L
ATP7A,CLU,TMPO,HDAC11
ATP7A,CLU,TMPO,HDAC11
ATP7A,NTRK1,TRAF4,ZC3H12C,TNFSF4
ATP7A,CLU,TMPO,HDAC11
ATP7A,CLU,HYOU1,DNAJC9,RNASEK
ATP7A,CLU,PRNP,PLK3,PTGER1
ATP7A,CLU,BCL2L1,LARP1,OPN1LW
ATP7A,LYN,JAK2,MUC7
ATP7A,LYN,ITGB2,TLN2
ATP7A,NTRK1,TUBB3,HSPA2
ATP7A,NTRK1,PRKCA,AKAP5
ATP7A,NTRK1,RAB11A,DENND4C
ATP7A,NTRK1,PRKCA,AKAP5
ATP7A,NTRK1,ARHGEF11,PLXNB3
ATP7A,NTRK1,SHC1,FLT4
ATP7A,CLU,LRP2,SYNJ2BP,DYSF
ATP7A,NTRK1,TRIM33,CEP78,LDB2
ATP7A,NTRK1,DVL2,RPGRIP1L
ATP7A,CLU,DLG4,DRD1
ATP7A,NTRK1,GNB1,MC2R,ADCYAP1,ADCYAP1R1
ATP7A,LYN,TYK2
ATP7A,copper(1+),SOD1,RNF112,A1BG
ATP7A,CLU,SCARB2,ACTL6A
ATP7A,CLU,TMPO,HDAC11,TMEM219
ATP7A,NTRK1,RAB11A,DENND4C
ATP7A,CLU,C9,C8B,C5AR2
ATP7A,CLU,TMPO,HDAC11,BTN3A3
ATP7A,NTRK1,TBL1XR1,H2BC21,CD8A,CD8B
ATP7A,CLU,TMPO,HDAC11
ATP7A,LYN,YES1
ATP7A,CLU,ATP7B,NRG1
ATP7A,NTRK1,SPTLC1,ORMDL3
ATP7A,copper(1+),SOD1,RNF112,IL31RA
ATP7A,NTRK1,PPP1CA,CCDC6,KCNC3
ATP7A,NTRK1,LTF,LRRC17,APCDD1
ATP7A,CLU,TMPO,HDAC11,PCDHB2
ATP7A,CLU,DLG4,DRD1
ATP7A,CLU,PRNP,PLK3,GPR55
ATP7A,NTRK1,STAT3,PTPRD,PCDHGA6
ATP7A,NTRK1,HNRNPA1,ANXA1
ATP7A,CLU,HYOU1,DNAJC9
ATP7A,NTRK1,TUBB3,HSPA2
ATP7A,LYN,F2RL1,SERPINB2
ATP7A,NTRK1,ABL1,WNK2
ATP7A,NTRK1,RAB11A,DENND4C
ATP7A,LYN,RHOC
ATP7A,LYN,ERBB3,SELENOK
ATP7A,NTRK1,EGFR,GABRA2
ATP7A,NTRK1,CCT5,PEX7,P2RY1
ATP7A,OCLN,JAG2,STS
ATP7A,LYN,NF1
ATP7A,NTRK1,CTTN
ATP7A,CLU,TMPO,HDAC11,PDE6B
ATP7A,LYN,ABCC5
ATP7A,NTRK1,DNAJA3,ATOSB,KCNK1
ATP7A,NTRK1,VIM,WHRN
ATP7A,OCLN,PLSCR1
ATP7A,CLU,HYOU1,DNAJC9
ATP7A,NTRK1,TRAF6,TNFRSF13B
ATP7A,NTRK1,HNRNPA1,ANXA1
ATP7A,NTRK1,RACK1,KCNAB1
ATP7A,CLU,IKBKB,TANK,TRPV1,SYT9
ATP7A,LYN,SKAP2
ATP7A,CLU,TMPO,HDAC11
ATP7A,NTRK1,RHOT2,CNR2
ATP7A,NTRK1,DVL2,RPGRIP1L
ATP7A,copper(1+),SOD1,RNF112,ZDHHC4
ATP7A,NTRK1,RHOT2,CNR2
ATP7A,LYN,ERBB3,SELENOK
ATP7A,NTRK1,RACK1,KCNAB1
ATP7A,NTRK1,AP2A1,EHD1
ATP7A,NTRK1,RAB11A,DENND4C
ATP7A,LYN,NF2,IQCJ-SCHIP1
ATP7A,NTRK1,RGS19,CATSPER1,CACNA1I,CATSPER2
ATP7A,LYN,RHOJ
ATP7A,NTRK1,ABL1,WNK2
ATP7A,NTRK1,TUBB3,HSPA2
ATP7A,NTRK1,RAB11A,DENND4C
ATP7A,NTRK1,HSP90AA1,NR3C2,ULBP3
ATP7A,CLU,TMPO,HDAC11,CLCA2
ATP7A,CLU,TMPO,HDAC11
ATP7A,LYN,RHOC,SLC30A5
ATP7A,NTRK1,ENAH,AJUBA
ATP7A,NTRK1,GNB1,MC2R
ATP7A,NTRK1,FLNA,PHLDB2
ATP7A,NTRK1,ABL1,WNK2
ATP7A,LYN,MAP4K5
ATP7A,CLU,TMPO,HDAC11
ATP7A,NTRK1,MYO6
ATP7A,OCLN,NEDD4L,PRRG2
ATP7A,TMEM59,RND1
ATP7A,CLU,DLG4,DRD1,CNTNAP1
ATP7A,NTRK1,RAB11A,DENND4C
ATP7A,NTRK1,WASF1,MPDZ,OR3A1
ATP7A,CLU,BCL2L1,LARP1,NEU4
ATP7A,NTRK1,RAB11A,DENND4C
ATP7A,CLU,TMPO,HDAC11
ATP7A,NTRK1,ABL1,WNK2
ATP7A,NTRK1,RACK1,KCNAB1
ATP7A,TMEM59,TMEM192,PLPP2
ATP7A,NTRK1,RACK1,KCNAB1
ATP7A,LYN,PLEKHA7,SOWAHB,ATRN
ATP7A,NTRK1,VAPB,OSBPL6
ATP7A,NTRK1,STAM2,LITAF
ATP7A,NTRK1,CTNND1
ATP7A,TMEM59,CEACAM21,PVR
ATP7A,NTRK1,HSPA5,LOC102723407,PCDHGA10
ATP7A,NTRK1,HSP90AA1,NR3C2,ARRDC2
ATP7A,TMEM59,AP2M1
ATP7A,copper(1+),SOD2,ENO3
ATP7A,NTRK1,GNB1,MC2R
ATP7A,NTRK1,ITGAV,CEACAM8
ATP7A,NTRK1,DVL2,RPGRIP1L,HCRTR1
ATP7A,CLU,TMPO,HDAC11
ATP7A,NTRK1,YBX1,RBMXL2,KCNK7
ATP7A,NTRK1,CAPN1,CAPNS2
ATP7A,NTRK1,STAT3,PTPRD
ATP7A,NTRK1,HSP90AB1,ZNF843,CPNE1
ATP7A,LYN,ADCY3,CNGA3
ATP7A,NTRK1,RACK1,KCNAB1
ATP7A,CLU,TMPO,HDAC11
ATP7A,NTRK1,HNRNPA1,ANXA1
ATP7A,NTRK1,DVL2,RPGRIP1L
ATP7A,LYN,AR,SLC43A1
ATP7A,NTRK1,TUBB3,HSPA2
ATP7A,LYN,ERBB3,SELENOK
ATP7A,NTRK1,VAPB,OSBPL6
ATP7A,NTRK1,DDX3X
ATP7A,SOD3,SQSTM1,GABARAPL1,SLC6A12
ATP7A,NTRK1,CDH2,CDH11
ATP7A,CLU,TMPO,HDAC11
ATP7A,CLU,TMPO,HDAC11
ATP7A,NTRK1,ITGAV,CEACAM8
ATP7A,CLU,TMPO,HDAC11
ATP7A,CLU,DLG4,DRD1
ATP7A,CLU,TXNDC11,DCT
ATP7A,OCLN,STX6,ABCA6
ATP7A,CLU,TMPO,HDAC11
ATP7A,NTRK1,SPTLC1,ORMDL3
ATP7A,NTRK1,ITGAV,CEACAM8
ATP7A,NTRK1,STAT3,PTPRD
ATP7A,CLU,APP,APBB2,CNTN5
ATP7A,NTRK1,AP2A1
ATP7A,NTRK1,ABL1,WNK2
ATP7A,OCLN,STX4
ATP7A,CLU,TMPO,HDAC11
ATP7A,NTRK1,ABL1,WNK2
ATP7A,NTRK1,SEZ6L2,CDHR4
ATP7A,OCLN,NEDD4L,PRRG2
ATP7A,NTRK1,PRKCA,AKAP5
ATP7A,CLU,TMPO,HDAC11,PON2
ATP7A,NTRK1,HNRNPA1,ANXA1
ATP7A,NTRK1,FLNA,PHLDB2
ATP7A,NTRK1,PTPN1,ASGR2,SLC9A4
ATP7A,OCLN,APBB1,SLAMF7
ATP7A,CLU,APP,APBB2,PLA2R1
ATP7A,NTRK1,TRAF6,TNFRSF13B
ATP7A,OCLN,APBB1
ATP7A,CLU,TXNDC11,DCT
ATP7A,NTRK1,EGFR,GABRA2
ATP7A,NTRK1,UCHL1,ADRA2B
ATP7A,NTRK1,DVL2,RPGRIP1L
ATP7A,NTRK1,GAA
ATP7A,OCLN,RAB5A,RAB3GAP2
ATP7A,LYN,SRC,FCER1A
ATP7A,CLU,HYOU1,DNAJC9
ATP7A,NTRK1,CTNNB1,MYO1B
ATP7A,NTRK1,PTPRF,OPTC,SLC39A11
ATP7A,NTRK1,TUBB3,HSPA2
ATP7A,TMEM59,TMEM192,PLPP2
ATP7A,NTRK1,CDH2,CDH11
ATP7A,NTRK1,RAB11A,DENND4C
ATP7A,LYN,NR2C2,TAF10,SYNGR1
ATP7A,CLU,TMPO,HDAC11
ATP7A,LYN,TIAM1
ATP7A,NTRK1,CTNNB1,MYO1B
ATP7A,NTRK1,RACK1,KCNAB1
ATP7A,LYN,SRC,FCER1A
ATP7A,CLU,TXNDC11,DCT,ADGRG1
ATP7A,LYN,HRAS,PTAR1,SLC6A20
ATP7A,NTRK1,PTK7,BTNL8,SLC43A2
ATP7A,NTRK1,DVL2,RPGRIP1L
ATP7A,CLU,TMPO,HDAC11
ATP7A,NTRK1,RACK1,KCNAB1
ATP7A,NTRK1,FLNA,PHLDB2
ATP7A,NTRK1,RAB11A,DENND4C
ATP7A,NTRK1,FKBP5,PI4KA
ATP7A,NTRK1,STAM2,LITAF,DXO
ATP7A,NTRK1,PDGFRA,CD55
ATP7A,NTRK1,ROR2
ATP7A,CLU,TMPO,HDAC11
ATP7A,NTRK1,GNB1,MC2R
ATP7A,NTRK1,GNB1,MC2R
ATP7A,CLU,TXNDC11,DCT
ATP7A,NTRK1,TUBB3,HSPA2
ATP7A,NTRK1,VAPB,OSBPL6
ATP7A,NTRK1,GNAS,RIC8B
ATP7A,OCLN,PATJ,HOMER2
ATP7A,NTRK1,PRKCA,AKAP5
ATP7A,CLU,TMPO,HDAC11,ATP8B3
ATP7A,NTRK1,TRAF6,TNFRSF13B
ATP7A,CLU,C9,C8B,C8A
ATP7A,CLU,TMPO,HDAC11
ATP7A,CLU,HYOU1,DNAJC9
ATP7A,OCLN,DLK1,SLC16A2
ATP7A,OCLN,TGFBR2,MYADM
ATP7A,NTRK1,DVL2,RPGRIP1L
ATP7A,NTRK1,VAPB,OSBPL6
ATP7A,LYN,SNAP23
ATP7A,CLU,HYOU1,DNAJC9
ATP7A,NTRK1,RAB11A,DENND4C
ATP7A,NTRK1,RHOT2,CNR2
ATP7A,CLU,HYOU1,DNAJC9,MARCO
ATP7A,NTRK1,RAB11FIP1,RAB11B,PLCD3
ATP7A,NTRK1,PIK3CB,FLRT1
ATP7A,NTRK1,GNB1,MC2R
ATP7A,CLU,PRNP,PLK3,OR4N2
ATP7A,NTRK1,PTK2,EPS8L2
ATP7A,NTRK1,ABL1,WNK2
ATP7A,NTRK1,RACK1,KCNAB1
ATP7A,CLU,DLG4,DRD1,MDGA1
ATP7A,NTRK1,CDH2,CDH11,CDH24
ATP7A,CLU,SCF-betaTRCP,ATF4,WARS2
ATP7A,CLU,TMPO,HDAC11,LRRC53
ATP7A,CLU,TMPO,HDAC11
ATP7A,NTRK1,ABL1,WNK2
ATP7A,NTRK1,EGFR,GABRA2
ATP7A,NTRK1,PIK3R1,SPP1,TNFSF9
ATP7A,OCLN,RAB5A,RAB3GAP2
ATP7A,NTRK1,NCK1,SHROOM2
ATP7A,LYN,PAK2
ATP7A,LYN,NEDD9
ATP7A,NTRK1,RAB11A,DENND4C
ATP7A,NTRK1,CBL,KRT6C,ADRB3
ATP7A,NTRK1,PRKACB
ATP7A,SOD3,SGTA,ACBD5,ABCA4,CNGB1
ATP7A,NTRK1,STAT3,PTPRD
ATP7A,NTRK1,CDH2,CDH11
ATP7A,CLU,TMPO,HDAC11
ATP7A,CLU,TMPO,HDAC11
ATP7A,LYN,TMX1,TMEM179B
ATP7A,NTRK1,TNK2,MAGI3
ATP7A,LYN,GP6
ATP7A,NTRK1,HSP90AA1,NR3C2,TRPC7
ATP7A,NTRK1,STAT3,PTPRD
ATP7A,NTRK1,RACK1,KCNAB1
ATP7A,LYN,CD22,TLR5
ATP7A,NTRK1,PTPRC,CD244
ATP7A,CLU,TMPO,HDAC11
ATP7A,CLU,DLG4,DRD1
ATP7A,NTRK1,RACK1,KCNAB1
ATP7A,SOD3,SQSTM1,GABARAPL1,PLPP4
ATP7A,NTRK1,GNAI3,RGS3
ATP7A,CLU,DLG4,DRD1
ATP7A,LYN,JAK2,MUC7
ATP7A,CLU,LRP2,SYNJ2BP,VLDLR
ATP7A,OCLN,APBB1,SLAMF7
ATP7A,NTRK1,PTPRG,PCDHGC3
ATP7A,LYN,DAPP1
ATP7A,NTRK1,TUBB3,HSPA2
ATP7A,LYN,CSF3R
ATP7A,LYN,ARF6,NMT2
ATP7A,SOD3,SGTA,ACBD5,GABRQ
ATP7A,NTRK1,CTNNB1,MYO1B
ATP7A,NTRK1,STAM2,LITAF
ATP7A,SOD3,SQSTM1,GABARAPL1,AKTIP
ATP7A,LYN,KIT,KITLG
ATP7A,NTRK1,ABL1,WNK2
ATP7A,NTRK1,MSH6,EXO1
ATP7A,NTRK1,RAB11A,DENND4C,PTCH2
ATP7A,CLU,IKBKB,TANK,PCDHGB4
ATP7A,NTRK1,LPCAT1
ATP7A,CLU,PRNP,PLK3,PDAP1
ATP7A,NTRK1,TUBB3,HSPA2
ATP7A,LYN,ERBB3,SELENOK
ATP7A,NTRK1,ABL1,WNK2
ATP7A,NTRK1,ATIC,CAPN2
ATP7A,NTRK1,UBE3A,ATP1A4
ATP7A,NTRK1,SHC1,FLT4
ATP7A,LYN,SDK2,RAET1E
ATP7A,LYN,SLC30A1
ATP7A,LYN,SYK,SIRPB1
ATP7A,NTRK1,RAB11A,DENND4C
ATP7A,LYN,PRKCB,SYT6
ATP7A,LYN,SNCA,MT2A,GPM6B
ATP7A,NTRK1,PTPN1,ASGR2,SLC27A1
ATP7A,LYN,HRAS
ATP7A,NTRK1,PLCG1,PICALM
ATP7A,NTRK1,USP8,VPS4B
ATP7A,CLU,HYOU1,DNAJC9,CHRNB3
ATP7A,NTRK1,NGFR
ATP7A,NTRK1,TNK2,MAGI3,CHRNG
ATP7A,NTRK1,TRAF6,TNFRSF13B
ATP7A,LYN,GP1BB
ATP7A,NTRK1,PTK2,EPS8L2
ATP7A,NTRK1,RAB11A,DENND4C
ATP7A,NTRK1,GOPC,CERCAM
ATP7A,NTRK1,GNA13,GNG5
ATP7A,LYN,VAMP2,PRKD3
ATP7A,NTRK1,KIDINS220,SEPTIN5
ATP7A,NTRK1,TUBB3,HSPA2
ATP7A,NTRK1,DSG2,PKP2
ATP7A,NTRK1,SHC1,FLT4
ATP7A,NTRK1,PRKCA,AKAP5
ATP7A,LYN,AR,SLC43A1
ATP7A,NTRK1,RPL13A,MRPL30,ABCA5
ATP7A,NTRK1,ABL1,WNK2
ATP7A,LYN,TNF,ZAN
ATP7A,LYN,TMX1,TMEM179B
ATP7A,LYN,FMN2
ATP7A,CLU,PDIA3,HMGN1,SOX11
ATP7A,CLU,DLG4,DRD1
ATP7A,CLU,TMPO,HDAC11
ATP7A,LYN,NOTCH1,WNT2,TSLP,CRLF2
ATP7A,NTRK1,EEF2
ATP7A,CLU,HYOU1,DNAJC9,KCNK16
ATP7A,NTRK1,AGK,ATP2C1
ATP7A,TMEM59,IL20RB
ATP7A,copper(1+),SOD2,ENO3
ATP7A,copper(1+),SOD1,RNF112,RASL10B
ATP7A,NTRK1,SEZ6L2,CDHR4
ATP7A,NTRK1,STAT3,PTPRD
ATP7A,SOD3,SQSTM1,GABARAPL1,EPB41L5
ATP7A,CLU,HYOU1,DNAJC9
ATP7A,NTRK1,RACK1,KCNAB1
ATP7A,LYN,TNF,ZAN,CSPG5
ATP7A,SOD3,SGTA,ACBD5,TVP23B,YIPF1
ATP7A,NTRK1,RAB11A,DENND4C
ATP7A,NTRK1,HNRNPA1,ANXA1
ATP7A,NTRK1,ABL1,WNK2
ATP7A,CLU,TMPO,HDAC11
ATP7A,OCLN,RAB5A,RAB3GAP2
ATP7A,NTRK1,ATP12A,TRARG1
ATP7A,NTRK1,RAB11A,DENND4C
ATP7A,OCLN,AQP3
ATP7A,LYN,RHOF
ATP7A,NTRK1,ENO2
ATP7A,LYN,PARD3,JAM3,JAM2
ATP7A,CLU,DLG4,DRD1
ATP7A,LYN,FCGR2B
ATP7A,CLU,TMPO,HDAC11
ATP7A,NTRK1,EGFR,GABRA2
ATP7A,NTRK1,STAT3,PTPRD
ATP7A,CLU,TMPO,HDAC11
ATP7A,NTRK1,STAT3,PTPRD
ATP7A,NTRK1,FLNA,PHLDB2
ATP7A,SOD3,SQSTM1,GABARAPL1,TNFRSF14
ATP7A,CLU,TTR,CTNND2
ATP7A,OCLN,DVL1,NKD2
ATP7A,NTRK1,VIM,WHRN
ATP7A,copper(1+),SOD1,RNF112,PLEKHG4B
ATP7A,NTRK1,RAB11A,DENND4C
ATP7A,CLU,TXNDC11,DCT
ATP7A,LYN,HRAS,PTAR1,SLC6A19
ATP7A,CLU,HP,DDHD2,LY9
ATP7A,LYN,SRC
ATP7A,CLU,ARGLU1,WAC,PRTG
ATP7A,NTRK1,PIK3CB,FLRT1
ATP7A,NTRK1,RACK1,KCNAB1
ATP7A,NTRK1,PRKCA,AKAP5
ATP7A,NTRK1,RACK1,KCNAB1
ATP7A,NTRK1,RAB11A,DENND4C
ATP7A,LYN,DAPP1,MYLIP
ATP7A,CLU,TMPO,HDAC11
ATP7A,NTRK1,PLCG1,PICALM,TSPAN7,LHFPL5
ATP7A,LYN,SRC,FCER1A
ATP7A,TMEM59,TMEM30A,ATP8A1
ATP7A,SOD3,KCNIP3,CREM,TMC3
ATP7A,NTRK1,MSH6,EXO1
ATP7A,TMEM59,AP1M1
ATP7A,CLU,HYOU1,DNAJC9
ATP7A,NTRK1,GNB1,MC2R
ATP7A,LYN,SYK,SIRPB1
ATP7A,NTRK1,TUBB2B,DCX,BTN1A1
ATP7A,CLU,ARGLU1,WAC,P2RX4
ATP7A,CLU,TMPO,HDAC11
ATP7A,NTRK1,PTPRR
ATP7A,CLU,TMPO,HDAC11,MLEC
ATP7A,CLU,DLG4,DRD1
ATP7A,LYN,TNF,ZAN
ATP7A,NTRK1,PTK2,EPS8L2
ATP7A,NTRK1,PTPN1,ASGR2
ATP7A,NTRK1,RACK1,KCNAB1
ATP7A,NTRK1,AUP1,SURF4
ATP7A,NTRK1,MSH6,EXO1
ATP7A,NTRK1,STAT3,PTPRD
ATP7A,NTRK1,TUBB3,HSPA2
ATP7A,NTRK1,HNRNPA1,ANXA1
ATP7A,NTRK1,FLNA,PHLDB2
ATP7A,LYN,AKT2,CLIP3
ATP7A,CLU,TXNDC11,DCT
ATP7A,NTRK1,SPTLC1,ORMDL3
ATP7A,LYN,ITGB3,ITGA2B
ATP7A,NTRK1,PRKCA,AKAP5
ATP7A,NTRK1,RACK1,KCNAB1,CDH17
ATP7A,CLU,HYOU1,DNAJC9,PRF1
ATP7A,NTRK1,RACK1,KCNAB1,PSG7
ATP7A,CLU,TMPO,HDAC11,FBP2
ATP7A,NTRK1,STAT1,RNF220,HLA-DOA
ATP7A,OCLN,NEDD4L,PRRG2
ATP7A,copper(1+),SOD2,ENO3
ATP7A,NTRK1,PRKCA,AKAP5
ATP7A,NTRK1,NCK1,SHROOM2
ATP7A,LYN,SLC38A1,SLC10A1
ATP7A,LYN,SRC,FCER1A
ATP7A,CLU,TMPO,HDAC11
ATP7A,NTRK1,HNRNPA1,ANXA1
ATP7A,CLU,TMPO,HDAC11,CLEC5A
ATP7A,NTRK1,MSH6,EXO1,SLC46A1
ATP7A,NTRK1,GNB1,MC2R
ATP7A,NTRK1,DVL2,RPGRIP1L
ATP7A,LYN,DAPP1,MYLIP
ATP7A,CLU,DLG4,DRD1,WNT3
ATP7A,NTRK1,GNA13,GNG5,ADRA1A
ATP7A,NTRK1,CUL1,RAE1,KLRK1,RAET1L
ATP7A,NTRK1,DSG2,PKP2
ATP7A,NTRK1,CTNNB1,MYO1B
ATP7A,CLU,TMPO,HDAC11
ATP7A,NTRK1,GNAS
ATP7A,NTRK1,CYFIP1,MYO16
ATP7A,NTRK1,TUBB3,HSPA2
ATP7A,CLU,DLG4,DRD1
ATP7A,LYN,LSR
ATP7A,NTRK1,PIK3R3,PCDHB5
ATP7A,SOD3,SQSTM1,GABARAPL1,RECK
ATP7A,OCLN,EPHB2,PLA2G4C,CNNM1
ATP7A,NTRK1,SOS1,EPS8L1
ATP7A,NTRK1,STAT3,PTPRD,MC3R
ATP7A,NTRK1,NCK1,SHROOM2
ATP7A,NTRK1,SHC1,FLT4
ATP7A,LYN,MAL
ATP7A,SOD3,KCNIP3,CREM,JPH2
ATP7A,NTRK1,RACK1,KCNAB1
ATP7A,NTRK1,RAB11A,DENND4C
ATP7A,LYN,NUMB
ATP7A,CLU,TMPO,HDAC11
ATP7A,NTRK1,GNAI3,RGS3
ATP7A,LYN,NRAS,PCDH18
ATP7A,NTRK1,RACK1,KCNAB1
ATP7A,LYN,SYK,SIRPB1
ATP7A,LYN,MAP3K21,CLINT1
ATP7A,LYN,SRC,FCER1A
ATP7A,NTRK1,GNAI3,RGS3
ATP7A,LYN,HCLS1
ATP7A,NTRK1,SHC1,FLT4
ATP7A,LYN,ITGB2
ATP7A,NTRK1,RAB11A,DENND4C
ATP7A,NTRK1,EGFR,GABRA2
ATP7A,NTRK1,EGFR,GABRA2
ATP7A,NTRK1,ANK2
ATP7A,CLU,TMPO,HDAC11
ATP7A,OCLN,RND3,SEMA4F
ATP7A,SOD3,KCNIP3,CREM,CD2
ATP7A,NTRK1,FLNA,PHLDB2
ATP7A,LYN,AR,SLC43A1
ATP7A,LYN,SYK,SIRPB1
ATP7A,NTRK1,EGFR,GABRA2
ATP7A,NTRK1,DVL2,RPGRIP1L
ATP7A,NTRK1,STAT3,PTPRD
ATP7A,NTRK1,YWHAH,MTM1
ATP7A,TMEM59,POMT2,PCDHB6
ATP7A,CLU,TMPO,HDAC11
ATP7A,CLU,TMPO,HDAC11
ATP7A,NTRK1,GNB1,MC2R
ATP7A,OCLN,SIGLECL1,ELAPOR2
ATP7A,LYN,RAC2
ATP7A,LYN,KIRREL1,CCKBR
ATP7A,copper(1+),SOD1,RNF112,TGM5
ATP7A,SOD3,SGTA,ACBD5,TREML2
ATP7A,NTRK1,PLCG1,PICALM,TSPAN7
ATP7A,NTRK1,YWHAH,MTM1
ATP7A,LYN,IL1R1,MYD88
ATP7A,CLU,TMPO,HDAC11
ATP7A,NTRK1,TXN,GSTO2,SLC4A4
ATP7A,copper(1+),SOD1,RNF112,AOC1
ATP7A,LYN,AFDN
ATP7A,NTRK1,RACK1,KCNAB1,RAB19
ATP7A,NTRK1,RACK1,KCNAB1
ATP7A,CLU,PRNP,PLK3,GRK3
ATP7A,CLU,TMPO,HDAC11
ATP7A,NTRK1,HSP90AA1,NR3C2,LRRC8B
ATP7A,NTRK1,HNRNPA1,ANXA1
ATP7A,NTRK1,ABL1,WNK2
ATP7A,NTRK1,STAT3,PTPRD
ATP7A,NTRK1,GNB1,MC2R
ATP7A,NTRK1,ABL1,WNK2
ATP7A,copper(1+),SOD2,ENO3
ATP7A,NTRK1,BSG,SLC16A13
ATP7A,NTRK1,GNB1,MC2R
ATP7A,NTRK1,RACK1,KCNAB1
ATP7A,NTRK1,ABL1,WNK2
ATP7A,NTRK1,GNB1,MC2R
ATP7A,NTRK1,CTNNB1,MYO1B
ATP7A,NTRK1,PLCG1,PICALM
ATP7A,NTRK1,ATP1A3
ATP7A,NTRK1,RAB11A,DENND4C
ATP7A,NTRK1,TUBB3,HSPA2,ABCB4
ATP7A,TMEM59,RND1,PCDHGA5
ATP7A,NTRK1,TRAF6,TNFRSF13B,FZD3
ATP7A,NTRK1,ATP1A1
ATP7A,NTRK1,YWHAE,REM1
ATP7A,CLU,DLG4,DRD1
ATP7A,NTRK1,UBE3A,ATP1A4
ATP7A,CLU,TMPO,HDAC11,ATP6V1D
ATP7A,LYN,ERBB3,SELENOK
ATP7A,CLU,APP,APBB2,SLC2A9
ATP7A,CLU,HYOU1,DNAJC9
ATP7A,NTRK1,SPTLC1,ORMDL3,CYP2C8
ATP7A,CLU,TMPO,HDAC11
ATP7A,SOD3,SQSTM1,GABARAPL1,EFR3B
ATP7A,NTRK1,KLC2,CHRNA9
ATP7A,NTRK1,HGS,EGFL7,ADAM21
ATP7A,CLU,DLG4,DRD1
ATP7A,LYN,NRAS,PCDH18
ATP7A,NTRK1,RACK1,KCNAB1
ATP7A,NTRK1,ATP12A,TRARG1
ATP7A,SOD3,SGTA,ACBD5,NEU1
ATP7A,NTRK1,RACK1,KCNAB1
ATP7A,NTRK1,RAB11A,DENND4C
ATP7A,NTRK1,ABL1,WNK2
ATP7A,NTRK1,CUL1,RAE1,THEM4
ATP7A,LYN,CASP8,NLRC4
ATP7A,CLU,TMPO,HDAC11
ATP7A,NTRK1,GOPC,CERCAM
ATP7A,copper(1+),SOD2,ENO3
ATP7A,NTRK1,RAB11A,DENND4C
ATP7A,NTRK1,PTPN1,ASGR2
ATP7A,LYN,GP1BB,FSHR
ATP7A,CLU,TMPO,HDAC11
ATP7A,NTRK1,TUBB3,HSPA2
ATP7A,NTRK1,ATP12A,TRARG1
ATP7A,LYN,KIF23,ATAD3B
ATP7A,CLU,TMPO,HDAC11
ATP7A,NTRK1,PPIB,CFAP97D1,UGT8
ATP7A,NTRK1,HNRNPA1,ANXA1
ATP7A,CLU,DLG4,DRD1
ATP7A,NTRK1,ABL1,WNK2
ATP7A,OCLN,STX6,ABCA6,ABCA8
ATP7A,OCLN,ITCH,ARRDC4
ATP7A,NTRK1,RELA,COMMD10,MUC2
ATP7A,CLU,SCF-betaTRCP,ATF4,CD82
ATP7A,NTRK1,EGFR,GABRA2
ATP7A,TMEM59,DNAJC5,SLC32A1
ATP7A,NTRK1,CUL1,RAE1,PLSCR5
ATP7A,LYN,RHOQ
ATP7A,NTRK1,TRAF6
ATP7A,OCLN,RAB4A,SLC9A7
ATP7A,NTRK1,ABL1,WNK2,DRP2
ATP7A,NTRK1,USP8,VPS4B
ATP7A,NTRK1,BSG
ATP7A,SOD3,SGTA,ACBD5,ABCA2
ATP7A,NTRK1,RACK1,KCNAB1
ATP7A,LYN,PIK3AP1
ATP7A,NTRK1,HNRNPA1,ANXA1
ATP7A,CLU,IKBKB,TANK,PHKB
ATP7A,NTRK1,VAPB,OSBPL6
ATP7A,CLU,TMPO,HDAC11
ATP7A,NTRK1,DOCK1,ARL4A
ATP7A,CLU,TMPO,HDAC11
ATP7A,NTRK1,ABL1,WNK2
ATP7A,CLU,TTR,CTNND2
ATP7A,OCLN,JAG2,STS
ATP7A,CLU,TMPO,HDAC11
ATP7A,SOD3,SQSTM1,GABARAPL1,FGG
ATP7A,OCLN,RAB5A,RAB3GAP2
ATP7A,OCLN,APBB1,SLAMF7
ATP7A,NTRK1,ABL1,WNK2
ATP7A,NTRK1,P4HB,KLF11,GCA
ATP7A,NTRK1,DVL2,RPGRIP1L
ATP7A,NTRK1,TUBB3,HSPA2
ATP7A,CLU,DLG4,DRD1
ATP7A,NTRK1,EGFR,GABRA2
ATP7A,NTRK1,ABL1,WNK2
ATP7A,NTRK1,RACK1,KCNAB1
ATP7A,NTRK1,RACK1,KCNAB1
ATP7A,NTRK1,GNB1,MC2R
ATP7A,LYN,PECAM1,KLRG1
ATP7A,NTRK1,CTNNB1,MYO1B
ATP7A,NTRK1,STAT3,PTPRD
ATP7A,SOD3,SGTA,ACBD5,RAB40C
ATP7A,NTRK1,TRIM33,CEP78,CDAN1
ATP7A,NTRK1,MSH6,EXO1
ATP7A,NTRK1,RACK1,KCNAB1
ATP7A,NTRK1,TUBB3,HSPA2
ATP7A,OCLN,SIGLECL1
ATP7A,NTRK1,TNK2,MAGI3
ATP7A,NTRK1,DVL2,RPGRIP1L,GPR3
ATP7A,NTRK1,EGFR,GABRA2
ATP7A,SOD3,SQSTM1,GABARAPL1,PKD1
ATP7A,NTRK1,RHOBTB3,RTN4R
ATP7A,CLU,TMPO,HDAC11
ATP7A,NTRK1,STAM2,LITAF
ATP7A,CLU,TMPO,HDAC11
ATP7A,CLU,HYOU1,DNAJC9
ATP7A,LYN,STXBP3
ATP7A,NTRK1,SHC1,FLT4
ATP7A,OCLN,JAG2,STS
ATP7A,NTRK1,AP2A1,EHD1
ATP7A,NTRK1,NIBAN2
ATP7A,SOD3,SQSTM1,GABARAPL1,NLGN4Y
ATP7A,NTRK1,PRKCA,AKAP5
ATP7A,SOD3,SQSTM1,GABARAPL1,TNFRSF19
ATP7A,NTRK1,ITGAV,CEACAM8
ATP7A,NTRK1,BSG,SLC16A13
ATP7A,LYN,ITGB2,TLN2
ATP7A,OCLN,RAB5A,RAB3GAP2
ATP7A,NTRK1,GOPC,CERCAM
ATP7A,LYN,PRKCB,SYT6
ATP7A,CLU,IKBKB,TANK,NAIF1
ATP7A,LYN,AR,SLC43A1,CRHR2
ATP7A,CLU,SCARB2,ACTL6A
ATP7A,NTRK1,ABCC3
ATP7A,NTRK1,TRAF6,TNFRSF13B
ATP7A,NTRK1,TUBB3,HSPA2
ATP7A,NTRK1,GNB1,MC2R
ATP7A,NTRK1,BSG,SLC16A13,TSPO2
ATP7A,NTRK1,RACK1,KCNAB1
ATP7A,CLU,TMPO,HDAC11
ATP7A,OCLN,LAMP2,SLC2A13
ATP7A,NTRK1,VAPB,OSBPL6
ATP7A,NTRK1,CAPN1,CAPNS2
ATP7A,LYN,SRC,FCER1A
ATP7A,CLU,PRNP,PLK3,GPR37L1
ATP7A,NTRK1,LLGL1
ATP7A,NTRK1,UCHL1,ADRA2B
ATP7A,LYN,SRC,FCER1A
ATP7A,NTRK1,PLCG1,PICALM
ATP7A,NTRK1,ENO2,SIGIRR
ATP7A,NTRK1,TRAP1,LTA4H,AMACR
ATP7A,LYN,CASP8,NLRC4
ATP7A,NTRK1,YWHAE,REM1
ATP7A,LYN,JAK2,MUC7
ATP7A,copper(1+),SOD2,ENO3
ATP7A,NTRK1,RACK1,KCNAB1
ATP7A,LYN,SH3KBP1
ATP7A,CLU,TMPO,HDAC11
ATP7A,OCLN,EPHB2,PLA2G4C
ATP7A,NTRK1,RAB11A,DENND4C
ATP7A,LYN,ABI1,EPS8L3
ATP7A,NTRK1,TRIM33,CEP78,ROBO3
ATP7A,NTRK1,AGO2,DAZL,SLC3A1
ATP7A,NTRK1,LRRC1,MAST1,FPGT,NLN
ATP7A,OCLN,TGFBR2
ATP7A,CLU,IKBKB,TANK,CLCN2
ATP7A,NTRK1,NOTCH3,C1QL1,LRP12,NMRK2
ATP7A,NTRK1,SLC3A2,SLC7A7
ATP7A,NTRK1,TARDBP,ATF3,NAA38,NAA35
ATP7A,LYN,FNBP1
ATP7A,CLU,HYOU1,DNAJC9
ATP7A,NTRK1,USP8,VPS4B
ATP7A,OCLN
ATP7A,LYN,SYK,SIRPB1
ATP7A,NTRK1,CDK2,NTNG1
ATP7A,NTRK1,DVL2,RPGRIP1L
ATP7A,NTRK1,TJP1,CLDN1
ATP7A,NTRK1,EGFR,GABRA2
ATP7A,CLU,DLG4,DRD1
ATP7A,CLU,TTR,CTNND2
ATP7A,NTRK1,EGFR,GABRA2
ATP7A,CLU,TXNDC11,DCT
ATP7A,NTRK1,CTNNB1,MYO1B
ATP7A,CLU,TMPO,HDAC11
ATP7A,CLU,IKBKB,TANK,SLC26A3
ATP7A,NTRK1,HSPA5,LOC102723407,SLC39A8
ATP7A,CLU,TMPO,HDAC11
ATP7A,LYN,SRC,FCER1A
ATP7A,NTRK1,TTN,ANKRD2,FCMR
ATP7A,NTRK1,TRAF6,TNFRSF13B
ATP7A,NTRK1,NCK1,SHROOM2,HTR3E
ATP7A,OCLN,DVL1,NKD2
ATP7A,NTRK1,STAT3,PTPRD
ATP7A,copper(1+),SOD2,ENO3
ATP7A,LYN,NRAS,PCDH18
ATP7A,NTRK1,GOPC,CERCAM
ATP7A,NTRK1,STAM2,LITAF,RNF146
ATP7A,TMEM59,PRTN3,LYPLAL1,NCR1
ATP7A,NTRK1,PRKCA,AKAP5
ATP7A,NTRK1,ATG7,TRMT1,MIGA1
ATP7A,NTRK1,CTNNB1,MYO1B
ATP7A,LYN,CCDC8
ATP7A,CLU,TMPO,HDAC11
ATP7A,NTRK1,CCT2,LRRC10,CD40LG
ATP7A,NTRK1,GNAS,RIC8B
ATP7A,CLU,HYOU1,DNAJC9
ATP7A,TMEM59,ABCA3,MARCHF4,TYROBP,TREM1
ATP7A,NTRK1,TARDBP,ATF3,ZGPAT
ATP7A,NTRK1,SEZ6L2,CDHR4
ATP7A,copper(1+),SOD2,ENO3
ATP7A,CLU,IKBKB,TANK,KNSTRN
ATP7A,NTRK1,PTK7,BTNL8
ATP7A,NTRK1,ABL1,WNK2
ATP7A,NTRK1,GNB1,MC2R
ATP7A,NTRK1,HNRNPA1,ANXA1
ATP7A,LYN,AKT2,CLIP3
ATP7A,NTRK1,ABL1,WNK2
ATP7A,NTRK1,DVL2,RPGRIP1L,CAPRIN2
ATP7A,SOD3,SQSTM1,GABARAPL1,BLTP2
ATP7A,NTRK1,HNRNPA1,ANXA1
ATP7A,NTRK1,CAV1
ATP7A,NTRK1,GNB1,MC2R
ATP7A,NTRK1,ANKFY1,VPS8,TNFRSF11B
ATP7A,NTRK1,PRKCA,AKAP5
ATP7A,CLU,PRNP,PLK3,SYTL1
ATP7A,NTRK1,RACK1,KCNAB1
ATP7A,LYN,CASK,CYSLTR2
ATP7A,CLU,PDIA3,HMGN1,MANBA
ATP7A,CLU,DLG4,DRD1
ATP7A,NTRK1,GNB1,MC2R
ATP7A,NTRK1,KLC2,CHRNA9
ATP7A,CLU,TMPO,HDAC11
ATP7A,NTRK1,LPCAT2
ATP7A,NTRK1,NCSTN
ATP7A,NTRK1,YWHAH,MTM1
ATP7A,SOD3,KCNIP3,CREM,KCNIP2
ATP7A,NTRK1,TUBB3,HSPA2
ATP7A,NTRK1,RACK1,KCNAB1
ATP7A,NTRK1,DYNC1I2,PFDN6,MARCKSL1
ATP7A,NTRK1,ABL1,WNK2
ATP7A,NTRK1,ABL1,WNK2
ATP7A,copper(1+),SOD1,RNF112,INPP5K
ATP7A,CLU,TMPO,HDAC11
ATP7A,NTRK1,STAT3,PTPRD
ATP7A,CLU,TMPO,HDAC11
ATP7A,copper(1+),SOD2,ENO3
ATP7A,NTRK1,RELA,COMMD10,IL6R
ATP7A,copper(1+),SOD1,RNF112,SERINC5
ATP7A,NTRK1,CAPN1,CAPNS2
ATP7A,NTRK1,PLXNB2,SEMA4A
ATP7A,NTRK1,WASF1,MPDZ
ATP7A,TMEM59,CEACAM21,PVR
ATP7A,OCLN,DLK1,SLC16A2
ATP7A,NTRK1,SORT1,KRT75,NTRK3
ATP7A,CLU,TMPO,HDAC11
ATP7A,OCLN,JAG2
ATP7A,NTRK1,VAPB,OSBPL6
ATP7A,CLU,PLXNA4
ATP7A,NTRK1,RAB11A,DENND4C
ATP7A,CLU,TMPO,HDAC11
ATP7A,NTRK1,ENO1
ATP7A,NTRK1,RELA,COMMD10,PLGRKT
ATP7A,OCLN,INSR
ATP7A,NTRK1,RHOBTB3,RTN4R
ATP7A,NTRK1,ABL1,WNK2
ATP7A,SOD3,SQSTM1,GABARAPL1,ALOX15B
ATP7A,CLU,TMPO,HDAC11
ATP7A,NTRK1,ABL1,WNK2
ATP7A,CLU,HYOU1,DNAJC9
ATP7A,CLU,TMPO,HDAC11,MMP16
ATP7A,CLU,TMPO,HDAC11
ATP7A,SOD3,SQSTM1,GABARAPL1,AKAP11
ATP7A,CLU,TMPO,HDAC11
ATP7A,NTRK1,PLCG1,PICALM
ATP7A,CLU,DLG4,DRD1,SLC14A2
ATP7A,TMEM59,ISLR,GPC3
ATP7A,NTRK1,MSH6,EXO1
ATP7A,NTRK1,GNAI3,RGS3
ATP7A,NTRK1,RAB11A,DENND4C
ATP7A,NTRK1,BSG,SLC16A13
ATP7A,NTRK1,SRPK1
ATP7A,CLU,DLG4,DRD1
ATP7A,NTRK1,GOPC,CERCAM
ATP7A,OCLN,NEDD4L,PRRG2
ATP7A,NTRK1,EGFR,GABRA2
ATP7A,NTRK1,MYC,CECR2,CDSN
ATP7A,NTRK1,TJP1,CLDN1
ATP7A,NTRK1,DVL2,RPGRIP1L
ATP7A,NTRK1,HSP90AA1,NR3C2,ARAP1
ATP7A,copper(1+),SOD1,RNF112,SERPINB6
ATP7A,NTRK1,DVL2,RPGRIP1L
ATP7A,SOD3,SGTA,ACBD5,MYPN
ATP7A,LYN,JAK2
ATP7A,NTRK1,GOPC,CERCAM
ATP7A,NTRK1,CSNK2A2,PALM3
ATP7A,LYN,CSF1R
ATP7A,NTRK1,NEDD4,RUNX2,TNFSF11
ATP7A,NTRK1,KIDINS220,SEPTIN5
ATP7A,NTRK1,ANK2,DNAAF2,SLC31A2
ATP7A,CLU,TMPO,HDAC11,TMEM63B
ATP7A,SOD3,SQSTM1,GABARAPL1,SLC26A8
ATP7A,NTRK1,TUBB3,HSPA2,P2RY11
ATP7A,OCLN,DVL1,NKD2
ATP7A,CLU,TMPO,HDAC11
ATP7A,NTRK1,HSPA5,LOC102723407,BTBD17
ATP7A,NTRK1,CAPN1,CAPNS2
ATP7A,CLU,APP,APBB2,PLAUR
ATP7A,NTRK1,DVL2,RPGRIP1L,PTGER2
ATP7A,OCLN,NEDD4L,PRRG2
ATP7A,CLU,DLG4,DRD1
ATP7A,NTRK1,ATIC,CAPN2
ATP7A,NTRK1,GAK,RAB29
ATP7A,OCLN,RAB5A,RAB3GAP2
ATP7A,NTRK1,GOPC,CERCAM,CNGA4
ATP7A,NTRK1,FLNA,PHLDB2
ATP7A,NTRK1,STAT3,PTPRD
ATP7A,NTRK1,DSG2,PKP2
ATP7A,CLU,TMPO,HDAC11
ATP7A,CLU,HYOU1,DNAJC9
ATP7A,NTRK1,ARF4,ARHGAP31,PNPLA2
ATP7A,TMEM59,SLC26A2
ATP7A,NTRK1,RACK1,KCNAB1
ATP7A,LYN,BAIAP2L1
ATP7A,NTRK1,RAB11A,DENND4C
ATP7A,NTRK1,TUBB3,HSPA2
ATP7A,OCLN,RAB5A,RAB3GAP2
ATP7A,LYN,SRC,FCER1A
ATP7A,LYN,AR,SLC43A1
ATP7A,NTRK1,HSP90B1,ZNF780A,LRFN3
ATP7A,NTRK1,SHC1,FLT4
ATP7A,NTRK1,EGFR,GABRA2
ATP7A,NTRK1
ATP7A,CLU,APP,APBB2,LY86,CD180
ATP7A,CLU,TMPO,HDAC11
ATP7A,NTRK1,RAB11A,DENND4C
ATP7A,CLU,TMPO,HDAC11,ASIC2
ATP7A,TMEM59,POMT2,PCDHB6
ATP7A,NTRK1,SOS1
ATP7A,SOD3,SQSTM1,GABARAPL1,SLC6A1
ATP7A,LYN,F2RL1
ATP7A,LYN,ADD2
ATP7A,NTRK1,PIK3R2,HAUS4,HAUS7
ATP7A,LYN,SLC7A11
ATP7A,CLU,TMPO,HDAC11
ATP7A,NTRK1,HNRNPA1,ANXA1
ATP7A,OCLN,RAB5A,RAB3GAP2
ATP7A,LYN,SRC,FCER1A
ATP7A,OCLN,NEDD4L,PRRG2
ATP7A,LYN,PIK3CG
ATP7A,NTRK1,RAB11A,DENND4C
ATP7A,CLU,TMPO,HDAC11
ATP7A,SOD3,SQSTM1,GABARAPL1,KCNF1
ATP7A,NTRK1,ENO2,SIGIRR
ATP7A,NTRK1,TUBB3,HSPA2,GCG
ATP7A,CLU,IKBKB,TANK,HHIP
ATP7A,NTRK1,SH3PXD2A,RALGPS2
ATP7A,NTRK1,PTPRC
ATP7A,NTRK1,ABL1,WNK2
ATP7A,NTRK1,SEZ6L2,CDHR4
ATP7A,NTRK1,YWHAE,REM1
ATP7A,NTRK1,VAPB,OSBPL6
ATP7A,NTRK1,YWHAE,REM1
ATP7A,LYN,PECAM1,KLRG1
ATP7A,NTRK1,RACK1,KCNAB1
ATP7A,CLU,HYOU1,DNAJC9
ATP7A,CLU,TMPO,HDAC11
ATP7A,NTRK1,HNRNPA1,ANXA1
ATP7A,NTRK1,POLD1,GINS4,PCDHB15
ATP7A,CLU,TXNDC11,DCT,DUOXA1
ATP7A,CLU,TMPO,HDAC11
ATP7A,CLU,TMPO,HDAC11
ATP7A,NTRK1,GOPC,CERCAM
ATP7A,CLU,TMPO,HDAC11
ATP7A,CLU,TMPO,HDAC11
ATP7A,CLU,TMPO,HDAC11,XKRX
ATP7A,CLU,HYOU1,DNAJC9
ATP7A,CLU,TMPO,HDAC11
ATP7A,NTRK1,VAPB,OSBPL6
ATP7A,NTRK1,RHOBTB3,RTN4R
ATP7A,NTRK1,RASA1
ATP7A,NTRK1,ATIC,CAPN2
ATP7A,CLU,PDIA3,HMGN1,RASGRP2
ATP7A,NTRK1,ATP12A,TRARG1
ATP7A,NTRK1,ABL1,WNK2
ATP7A,NTRK1,TNK2,MAGI3
ATP7A,NTRK1,PTPRF
ATP7A,CLU,TMPO,HDAC11
ATP7A,NTRK1,ITGAV,CEACAM8
ATP7A,CLU,TMPO,HDAC11
ATP7A,NTRK1,HNRNPA1,ANXA1
ATP7A,CLU,TMPO,HDAC11
ATP7A,NTRK1,STAM2,LITAF,SMPD2
ATP7A,CLU,TMPO,HDAC11
ATP7A,NTRK1,HNRNPA1,ANXA1
ATP7A,NTRK1,UBQLN1,FGF7,CDHR3
ATP7A,OCLN,LAMP1
ATP7A,NTRK1,YWHAE,REM1
ATP7A,CLU,DLG4,DRD1
ATP7A,NTRK1,CTNNB1,MYO1B
ATP7A,NTRK1,STAT3,PTPRD,ERVMER34-1
ATP7A,NTRK1,PLCG1,PICALM
ATP7A,CLU,DLG4,DRD1
ATP7A,NTRK1,STAT3,PTPRD
ATP7A,NTRK1,PIK3R1
ATP7A,CLU,DLG4,DRD1
ATP7A,CLU,HYOU1,DNAJC9
ATP7A,CLU,SCARB2,ACTL6A
ATP7A,CLU,TMPO,HDAC11
ATP7A,NTRK1,HNRNPA1,ANXA1
ATP7A,NTRK1,YWHAE,REM1
ATP7A,CLU,HYOU1,DNAJC9
ATP7A,NTRK1,SHC3,ZAP70
ATP7A,NTRK1,TFG,UBAP2,HYAL3
ATP7A,NTRK1,TARDBP,ATF3,CTSF
ATP7A,NTRK1,PRKCA,AKAP5
ATP7A,LYN,IGF1R
ATP7A,NTRK1,NEDD4
ATP7A,NTRK1,ATIC,CAPN2
ATP7A,NTRK1,MYC,CECR2,RASGEF1A
ATP7A,NTRK1,CYFIP1,MYO16
ATP7A,SOD3,SQSTM1,GABARAPL1,CLNS1A
ATP7A,NTRK1,CTNNB1,MYO1B
ATP7A,OCLN,NEDD4L,PRRG2,SLC12A4
ATP7A,OCLN,SLC22A4,SLC5A6
ATP7A,NTRK1,RHOT2,CNR2
ATP7A,NTRK1,CTNNB1,MYO1B
ATP7A,SOD3,KCNIP1,KCND3
ATP7A,NTRK1,VIM,WHRN
ATP7A,NTRK1,GAB1,PABPC3,LPP
ATP7A,NTRK1,RAB11A,DENND4C,CBLIF,CUBN
ATP7A,NTRK1,CAPN1,CAPNS2
ATP7A,NTRK1,DVL2,RPGRIP1L
ATP7A,NTRK1,RAB11A,DENND4C
ATP7A,NTRK1,PRKCA,AKAP5
ATP7A,CLU,PDIA3,HMGN1,TMEM106A
ATP7A,CLU,TMPO,HDAC11
ATP7A,CLU,DLG4,DRD1,PLB1
ATP7A,CLU,TMPO,HDAC11
ATP7A,NTRK1,KIDINS220,SEPTIN5
ATP7A,LYN,RHOC,SLC30A5
ATP7A,CLU,TMPO,HDAC11
ATP7A,OCLN,TGOLN2,RAB18
ATP7A,NTRK1,FKBP5,PI4KA
ATP7A,NTRK1,FKBP5,PI4KA
ATP7A,NTRK1,DVL2,RPGRIP1L
ATP7A,CLU,TMPO,HDAC11
ATP7A,NTRK1,CTNNB1,MYO1B
ATP7A,LYN,SRC,FCER1A
ATP7A,NTRK1,RAB11A,DENND4C
ATP7A,NTRK1,TUBB3,HSPA2
ATP7A,NTRK1,PTK7
ATP7A,LYN,CASK
ATP7A,NTRK1,AUP1,SURF4
ATP7A,CLU,SCF-betaTRCP,ATF4,APOLD1
ATP7A,NTRK1,RAB11A,DENND4C
ATP7A,SOD3,SGTA,ACBD5,SLC16A5
ATP7A,CLU,TMPO,HDAC11
ATP7A,NTRK1,GNB1,MC2R
ATP7A,CLU,DLG4,DRD1
ATP7A,NTRK1,PRKCA,AKAP5
ATP7A,NTRK1,TRAF6,TNFRSF13B
ATP7A,CLU,HYOU1,DNAJC9,ATP6V0A4
ATP7A,NTRK1,VIM,WHRN
ATP7A,CLU,HYOU1,DNAJC9
ATP7A,CLU,TMPO,HDAC11
ATP7A,CLU,TMPO,HDAC11
ATP7A,SOD3,SQSTM1,GABARAPL1,GAS8
ATP7A,NTRK1,RAB11A,DENND4C
ATP7A,LYN,SRC,FCER1A
ATP7A,NTRK1,SHC1,FLT4
ATP7A,NTRK1,GNB1,MC2R
ATP7A,LYN,MAP3K21,CLINT1
ATP7A,NTRK1,EGFR,GABRA2
ATP7A,NTRK1,RHOT2,CNR2
ATP7A,LYN,PRKCB
ATP7A,NTRK1,RAB11A,DENND4C
ATP7A,NTRK1,RAB11A,DENND4C
ATP7A,NTRK1,SFN,CYP26C1,SYT17
ATP7A,OCLN,ATG9A,SLC44A5
ATP7A,NTRK1,TARDBP,ATF3,SMPD3
ATP7A,NTRK1,GNB1,MC2R
ATP7A,CLU,HYOU1,DNAJC9
ATP7A,CLU,HYOU1,DNAJC9
ATP7A,NTRK1,ENAH
ATP7A,LYN,PALS2
ATP7A,NTRK1,RAB11A,DENND4C
ATP7A,SOD3,SQSTM1,GABARAPL1,PSG9
ATP7A,CLU,TXNDC11,DCT
ATP7A,NTRK1,MYO9B,CDC42
ATP7A,NTRK1,PRKCA,AKAP5
ATP7A,OCLN,CDC42BPB
ATP7A,NTRK1,TUBB3,HSPA2
ATP7A,NTRK1,ABL1,WNK2
ATP7A,NTRK1,ABL1,WNK2,SLC19A3
ATP7A,NTRK1,ABL1,WNK2
ATP7A,NTRK1,SH3PXD2A,RALGPS2
ATP7A,NTRK1,ABL1,WNK2
ATP7A,SOD3,SGTA,ACBD5,GOLM1
ATP7A,NTRK1,ABL1,WNK2
ATP7A,NTRK1,HSP90AA1,NR3C2,RXFP2
ATP7A,NTRK1,CAPN1,CAPNS2
ATP7A,NTRK1,TUBB3,HSPA2
ATP7A,SOD3,SQSTM1,GABARAPL1,KCNAB2
ATP7A,NTRK1,MYC,CECR2,KIR2DL4
ATP7A,CLU,TMPO,HDAC11,MGLL
ATP7A,NTRK1,SHC1,FLT4
ATP7A,NTRK1,RAB11A,DENND4C
ATP7A,NTRK1,CTNNB1,MYO1B
ATP7A,NTRK1,TUBB3,HSPA2
ATP7A,NTRK1,DVL2,RPGRIP1L
ATP7A,CLU,TTR,CTNND2
ATP7A,CLU,PRNP,PLK3,SYTL3
ATP7A,NTRK1,TUBB3,HSPA2
ATP7A,CLU,TMPO,HDAC11
ATP7A,CLU,TMPO,HDAC11
ATP7A,NTRK1,TARDBP,ATF3,PRSS41
ATP7A,CLU,APP,APBB2,NSMF
ATP7A,CLU,TMPO,HDAC11
ATP7A,NTRK1,CDK2,NTNG1
ATP7A,NTRK1,DVL2,RPGRIP1L
ATP7A,NTRK1,UBE3A,ATP1A4
ATP7A,CLU,DLG4,DRD1
ATP7A,NTRK1,FLNA,PHLDB2
ATP7A,NTRK1,RHOBTB3,RTN4R,RAB17
ATP7A,CLU,HYOU1,DNAJC9,CRCP
ATP7A,NTRK1,RHOBTB3,RTN4R,ADGRG6
ATP7A,NTRK1,BSG,SLC16A13
ATP7A,CLU,TMPO,HDAC11,VSTM4
ATP7A,NTRK1,ABL1,WNK2
ATP7A,NTRK1,CUL1,RAE1,KLRK1,RAET1L
ATP7A,CLU,TMPO,HDAC11
ATP7A,NTRK1,NCK1,SHROOM2
ATP7A,NTRK1,CTNNB1,MYO1B
ATP7A,NTRK1,LLGL1,PARD6G
ATP7A,LYN,SYK,SIRPB1
ATP7A,NTRK1,GNAI3,RGS3
ATP7A,NTRK1,TUBB3,HSPA2
ATP7A,LYN,RHOC,SLC30A5
ATP7A,SOD3,SGTA,ACBD5,ABCA4
ATP7A,OCLN,RND3,SEMA4F
ATP7A,LYN,PLEKHA4
ATP7A,CLU,TMPO,HDAC11
ATP7A,LYN,SCARB1
ATP7A,LYN,ADCY3,CNGA3,CNGB3
ATP7A,NTRK1,HNRNPA1,ANXA1
ATP7A,CLU,LRP2,SYNJ2BP,GDF5
ATP7A,NTRK1,PIK3CB
ATP7A,NTRK1,RAB11A,DENND4C
ATP7A,CLU,LRP2
ATP7A,LYN,YES1,SLC16A14
ATP7A,NTRK1,RELA,COMMD10,KIR2DL3
ATP7A,NTRK1,CDH2,CDH11
ATP7A,LYN,CASP8,NLRC4
ATP7A,NTRK1,GNB1,MC2R
ATP7A,NTRK1,FLNA,PHLDB2,MILR1
ATP7A,NTRK1,RAB11A,DENND4C
ATP7A,NTRK1,CDK2,NTNG1
ATP7A,LYN,TMX1,TMEM179B,SLC47A1
ATP7A,OCLN,APBB1,SLAMF7
ATP7A,copper(1+),SOD1,RNF112,FTO
ATP7A,CLU,SCARB2,ACTL6A
ATP7A,LYN,NRAS,PCDH18
ATP7A,NTRK1,TUBB3,HSPA2
ATP7A,NTRK1,CALD1
ATP7A,LYN,CD19
ATP7A,NTRK1,KIDINS220,SEPTIN5
ATP7A,NTRK1,RACK1,KCNAB1
ATP7A,CLU,TMPO,HDAC11
ATP7A,copper(1+),SOD1,RNF112,DPP10
ATP7A,NTRK1,STAM2,LITAF
ATP7A,NTRK1,HNRNPA1,ANXA1
ATP7A,LYN,AR,SLC43A1
ATP7A,NTRK1,DVL2,RPGRIP1L
ATP7A,NTRK1,CSDE1,ARHGEF39
ATP7A,NTRK1,KIDINS220,SEPTIN5
ATP7A,NTRK1,FLNA,PHLDB2
ATP7A,NTRK1,CTNNB1,MYO1B
ATP7A,NTRK1,AP2A1,EHD1
ATP7A,CLU,DLG4,DRD1
ATP7A,NTRK1,GOPC,CERCAM
ATP7A,NTRK1,PTPRG,PCDHGC3
ATP7A,NTRK1,UBE3A,ATP1A4
ATP7A,NTRK1,ABL1,WNK2
ATP7A,SOD3,SQSTM1,GABARAPL1,NTM,QRFPR
ATP7A,NTRK1,KIF5B,RUSC1,ARL6IP5
ATP7A,NTRK1,RACK1,KCNAB1
ATP7A,TMEM59,AP1M1,PCDHB7
ATP7A,NTRK1,DVL2,RPGRIP1L
ATP7A,NTRK1,ABL1,WNK2
ATP7A,NTRK1,GNB1,MC2R
ATP7A,NTRK1,GNA13,GNG5
ATP7A,NTRK1,CDK2,NTNG1
ATP7A,NTRK1,MSH6,EXO1,ALX1,OR52L1
ATP7A,CLU,TMPO,HDAC11
ATP7A,NTRK1,CDH2,CDH11
ATP7A,CLU,TMPO,HDAC11
ATP7A,CLU,TMPO,HDAC11
ATP7A,LYN,SRC,FCER1A
ATP7A,CLU,TMPO,HDAC11
ATP7A,CLU,TMPO,HDAC11
ATP7A,NTRK1,ABL1,WNK2
ATP7A,NTRK1,INA,RSPRY1,ADGRB3
ATP7A,CLU,TMPO,HDAC11
ATP7A,LYN,SRC,FCER1A
ATP7A,LYN,SRC,FCER1A
ATP7A,NTRK1,SEZ6L2,CDHR4
ATP7A,NTRK1,GNB1,MC2R
ATP7A,copper(1+),SOD1,RNF112,SLC4A3
ATP7A,copper(1+),SOD1,RNF112,SLC5A5
ATP7A,LYN,YES1,SLC16A14
ATP7A,LYN,MAP3K3,MYO1A
ATP7A,LYN,CBLC
ATP7A,NTRK1,EGFR,GABRA2
ATP7A,NTRK1,CAPN1,CAPNS2
ATP7A,CLU,TMPO,HDAC11
ATP7A,NTRK1,TUBB3,HSPA2
ATP7A,LYN,AR,SLC43A1
ATP7A,OCLN,MIA3,ADAM30
ATP7A,NTRK1,SHC1,FLT4,CLEC4M
ATP7A,NTRK1,HNRNPA1,ANXA1
ATP7A,NTRK1,ABL1,WNK2
ATP7A,NTRK1,RACK1,KCNAB1
ATP7A,NTRK1,HSP90AA1,NR3C2,S1PR4
ATP7A,OCLN,RAB4A,SLC9A7
ATP7A,LYN,PECAM1,KLRG1
ATP7A,CLU,TMPO,HDAC11
ATP7A,LYN,SRC,FCER1A
ATP7A,NTRK1,RAB11A,DENND4C
ATP7A,NTRK1,RACK1,KCNAB1
ATP7A,CLU,TMPO,HDAC11
ATP7A,NTRK1,UNC5C
ATP7A,NTRK1,HNRNPA1,ANXA1
ATP7A,LYN,PRKCD
ATP7A,NTRK1,PTPRO
ATP7A,NTRK1,RACK1,KCNAB1
ATP7A,NTRK1,VIM,WHRN
ATP7A,NTRK1,RAB11A,DENND4C
ATP7A,NTRK1,PRKCA,AKAP5
ATP7A,NTRK1,ASPSCR1
ATP7A,NTRK1,GNB1,MC2R
ATP7A,NTRK1,RACK1,KCNAB1
ATP7A,NTRK1,CTNNB1
ATP7A,NTRK1,CTNNB1,MYO1B
ATP7A,LYN,SLC38A1,SLC10A1
ATP7A,TMEM59,CEACAM21,PVR
ATP7A,NTRK1,GAK,RAB29
ATP7A,NTRK1,PRKCA,AKAP5
ATP7A,CLU,HYOU1,DNAJC9
ATP7A,NTRK1,GNB1,MC2R
ATP7A,OCLN,LAMP2,SLC2A13
ATP7A,NTRK1,GNA13,GNG5,TPRA1
ATP7A,NTRK1,TUBB4B,PRCP
ATP7A,NTRK1,PTPN1,ASGR2
ATP7A,CLU,TMPO,HDAC11
ATP7A,OCLN,RAB5A,RAB3GAP2,WNT7B
ATP7A,LYN,SRC,FCER1A
ATP7A,NTRK1,GAA,LARGE1
ATP7A,NTRK1,RAP1A
ATP7A,LYN,AKT2
ATP7A,copper(1+),SOD1,RNF112,ZNRF1
ATP7A,SOD3,SQSTM1,GABARAPL1,PCDHA3
ATP7A,NTRK1,SHC1,FLT4,PARVB
ATP7A,OCLN,ADCY9
ATP7A,CLU,HYOU1,DNAJC9,HMOX1,CYBRD1
ATP7A,NTRK1,EGFR,GABRA2
ATP7A,NTRK1,RHOBTB3,RTN4R
ATP7A,NTRK1,ABL1,WNK2
ATP7A,CLU,LRP2,SYNJ2BP,SV2C
ATP7A,CLU,TMPO,HDAC11,OR1M1
ATP7A,NTRK1,FLNA,PHLDB2
ATP7A,NTRK1,DVL2,RPGRIP1L
ATP7A,LYN,RND2
ATP7A,OCLN,APBB1,SLAMF7
ATP7A,CLU,TMPO,HDAC11
ATP7A,NTRK1,GNAI3,RGS3
ATP7A,CLU,TMPO,HDAC11
ATP7A,CLU,TMPO,HDAC11,GBA2
ATP7A,CLU,TMPO,HDAC11
ATP7A,NTRK1,DNM1,LYPD6
ATP7A,CLU,TXNDC11,DCT,ANGPT1
ATP7A,NTRK1,FRS2,FGFR3
ATP7A,NTRK1,RAB11A,DENND4C
ATP7A,NTRK1,SEZ6L2,CDHR4,MMP15
ATP7A,NTRK1,ATIC,CAPN2
ATP7A,NTRK1,RALA,PLCD1
ATP7A,NTRK1,SLC3A2,SLC7A7
ATP7A,LYN,ERBIN
ATP7A,NTRK1,ABL1,WNK2
ATP7A,CLU,TMPO,HDAC11
ATP7A,NTRK1,DVL2,RPGRIP1L
ATP7A,NTRK1,GRB2,CLNK,LAG3
ATP7A,NTRK1,ABL1,WNK2
ATP7A,NTRK1,STAT3,PTPRD
ATP7A,SOD3,KCNIP3,CREM,PDE6G
ATP7A,NTRK1,ABL1,WNK2,PRLHR
ATP7A,NTRK1,PRKCA,AKAP5
ATP7A,CLU,TMPO,HDAC11
ATP7A,NTRK1,GNB1,MC2R
ATP7A,NTRK1,PDGFRB,HELLS,RGMB
ATP7A,NTRK1,GNB1,MC2R
ATP7A,NTRK1,PTPRG
ATP7A,CLU,ATP7B,NRG1
ATP7A,NTRK1,VAPB,OSBPL6
ATP7A,NTRK1,ATP2A2,PDS5A
ATP7A,NTRK1,CUL3,TAF5,CDHR2
ATP7A,LYN,NF2,IQCJ-SCHIP1
ATP7A,NTRK1,STAT3,PTPRD
ATP7A,OCLN,NEDD4L,PRRG2
ATP7A,NTRK1,RHOBTB3,RTN4R
ATP7A,CLU,DLG4,DRD1
ATP7A,NTRK1,GNA13,GNG5
ATP7A,NTRK1,VAPB,OSBPL6
ATP7A,CLU,TMPO,HDAC11
ATP7A,NTRK1,CANX,VMA21,TP53I13
ATP7A,NTRK1,GOPC,CERCAM
ATP7A,NTRK1,RET
ATP7A,LYN,KIF23,ATAD3B
ATP7A,NTRK1,TUBB3,HSPA2
ATP7A,NTRK1,YWHAG,DUSP16,TPSG1
ATP7A,NTRK1,PDGFRA,CD55
ATP7A,NTRK1,ABL1,WNK2
ATP7A,NTRK1,PTPN1,ASGR2
ATP7A,LYN,ITGB3
ATP7A,NTRK1,PLCG1,PICALM
ATP7A,NTRK1,MSH6,EXO1
ATP7A,CLU,PRNP,PLK3,CCL1,CCR8
ATP7A,NTRK1,RACK1,KCNAB1
ATP7A,LYN,JAK2,MUC7
ATP7A,LYN,AKT2,CLIP3
ATP7A,NTRK1,RACK1,KCNAB1
ATP7A,copper(1+),SOD1,RNF112,ABCC4
ATP7A,NTRK1,STAT3,PTPRD
ATP7A,TMEM59,ISLR,GPC3
ATP7A,SOD3,SGTA,ACBD5,ADIPOR2
ATP7A,NTRK1,RAB11A,DENND4C
ATP7A,NTRK1,DVL2,RPGRIP1L
ATP7A,NTRK1,YWHAG,DUSP16,LRRN4
ATP7A,CLU,IKBKB,TANK,TRPC5
ATP7A,NTRK1,HSP90AA1,NR3C2,GPR142
ATP7A,CLU,TMPO,HDAC11
ATP7A,NTRK1,CANX,VMA21,GPBAR1
ATP7A,LYN,CASP8,NLRC4
ATP7A,NTRK1,PTPRB,CNTN1
ATP7A,NTRK1,VCP,PPP1R7,SLC24A3
ATP7A,NTRK1,HNRNPA1,ANXA1,CA14
ATP7A,NTRK1,STAT3,PTPRD
ATP7A,CLU,APP,APBB2,ECEL1
ATP7A,NTRK1,GNA13,GNG5,AVPR1A
ATP7A,NTRK1,PRKCA,AKAP5
ATP7A,LYN,F2RL1,SERPINB2,ADGRE2
ATP7A,NTRK1,SEZ6L2,CDHR4
ATP7A,CLU,BCL2L1,LARP1,S100A12
ATP7A,NTRK1,GNB1,MC2R,SLC34A1
ATP7A,NTRK1,RACK1,KCNAB1
ATP7A,NTRK1,STAT3,PTPRD,PDCD1
ATP7A,NTRK1,EGFR,GABRA2
ATP7A,NTRK1,SEZ6L2,CDHR4
ATP7A,NTRK1,DVL2,RPGRIP1L
ATP7A,CLU,BCL2L1,LARP1,PSKH1
ATP7A,OCLN,RAPGEF6
ATP7A,CLU,TMPO,HDAC11
ATP7A,LYN,TNF,ZAN
ATP7A,NTRK1,RHOT2,CNR2
ATP7A,NTRK1,PLCG1,PICALM
ATP7A,NTRK1,PLXNB2
ATP7A,NTRK1,FKBP5,PI4KA
ATP7A,NTRK1,ATIC,CAPN2
ATP7A,SOD3,KCNIP1,KCND3
ATP7A,LYN,SDK2,RAET1E
ATP7A,copper(1+),SOD1,RNF112,CCDC70
ATP7A,NTRK1,NCK1,SHROOM2
ATP7A,NTRK1,EGFR,GABRA2
ATP7A,NTRK1,HNRNPA1,ANXA1
ATP7A,copper(1+),SOD1,RNF112,SLC35G1
ATP7A,LYN,NRAS,PCDH18
ATP7A,NTRK1,GNAI3,RGS3
ATP7A,OCLN,PATJ,HOMER2
ATP7A,NTRK1,HSP90AA1,NR3C2,PLA2G4E
ATP7A,CLU,TMPO,HDAC11
ATP7A,CLU,TMPO,HDAC11
ATP7A,NTRK1,RPS6KA1,PEPD,KCNJ10
ATP7A,NTRK1,ABL1,WNK2
ATP7A,CLU,TMPO,HDAC11
ATP7A,NTRK1,PTPRB,CNTN1
ATP7A,NTRK1,RAB11A,DENND4C,ATP4B
ATP7A,CLU,TMPO,HDAC11
ATP7A,NTRK1,PTK2
ATP7A,NTRK1,ABL1,WNK2
ATP7A,NTRK1,GNB1,MC2R
ATP7A,OCLN,PRKACA
ATP7A,copper(1+),SOD2,ENO3,MSRA
ATP7A,NTRK1,HSP90AA1,NR3C2,GP2
ATP7A,NTRK1,DOCK1,ARL4A
ATP7A,OCLN,RHOV
ATP7A,LYN,TNF,ZAN
ATP7A,NTRK1,RAB11A,DENND4C
ATP7A,TMEM59,POMT2,PCDHB6
ATP7A,CLU,DLG4,DRD1
ATP7A,NTRK1,FLNA,PHLDB2
ATP7A,NTRK1,CCDC88A
ATP7A,NTRK1,CDK2,NTNG1
ATP7A,LYN,TNF,ZAN
ATP7A,LYN,INPP5D
ATP7A,OCLN,GPX8,SLC34A3
ATP7A,NTRK1,PLCG1
ATP7A,NTRK1,ABL1,WNK2,SLC23A1
ATP7A,NTRK1,PLCG1,PICALM
ATP7A,NTRK1,TFG,UBAP2,REEP2
ATP7A,LYN,WAS,GAS7
ATP7A,LYN,CASP8,NLRC4
ATP7A,NTRK1,RHOBTB3,RTN4R
ATP7A,CLU,TMPO,HDAC11,SLC16A9
ATP7A,CLU,DLG4,DRD1
ATP7A,NTRK1,PTK7,BTNL8
ATP7A,CLU,TMPO,HDAC11
ATP7A,NTRK1,ABL1,WNK2
ATP7A,CLU,TMPO,HDAC11
ATP7A,SOD3,SQSTM1,GABARAPL1,GABRG2
ATP7A,OCLN,TGOLN2,RAB18,MCOLN3
ATP7A,SOD3,SQSTM1,GABARAPL1,SLC14A1
ATP7A,NTRK1,GNA13,GNG5
ATP7A,SOD3,SQSTM1,GABARAPL1,SYT2
ATP7A,NTRK1,BSG,SLC16A13
ATP7A,NTRK1,CRKL,DOCK2
ATP7A,NTRK1,GNA13,GNG5
ATP7A,CLU,TMPO,HDAC11
ATP7A,CLU,DLG4,DRD1
ATP7A,NTRK1,NCK1,SHROOM2
ATP7A,SOD3,KCNIP1,KCND3
ATP7A,copper(1+),SOD1,RNF112,PDZD7
ATP7A,LYN,EPHA2
ATP7A,NTRK1,PTPN1,ASGR2
ATP7A,OCLN,SIGLECL1,ELAPOR2
ATP7A,NTRK1,FLNA,PHLDB2
ATP7A,CLU,TMPO,HDAC11
ATP7A,NTRK1,CSNK2A1,MFAP1,SPAM1
ATP7A,CLU,TXNDC11,DCT
ATP7A,CLU,TMPO,HDAC11
ATP7A,NTRK1,SHC1,FLT4
ATP7A,NTRK1,TRAF6,TNFRSF13B
ATP7A,copper(1+),SOD2,ENO3
ATP7A,NTRK1,PRKCA,AKAP5
ATP7A,GLRX,GOT2
ATP7A,NTRK1,RACK1,KCNAB1
ATP7A,NTRK1,KLC2,CHRNA9
ATP7A,CLU,HYOU1,DNAJC9,TECTA
ATP7A,LYN,RGS16
ATP7A,NTRK1,FLNA,PHLDB2
ATP7A,NTRK1,STAT3,PTPRD
ATP7A,NTRK1,PRKCA,AKAP5
ATP7A,NTRK1,CUL1
ATP7A,CLU,APP,APBB2,PLXND1
ATP7A,SOD3,SGTA,ACBD5,SLC16A7
ATP7A,NTRK1,ABL1,WNK2
ATP7A,LYN,SRC,FCER1A
ATP7A,CLU,TMPO,HDAC11,TGM1
ATP7A,NTRK1,EGFR,GABRA2
ATP7A,NTRK1,RET,GDNF,GABRA4
ATP7A,CLU,DLG4,DRD1
ATP7A,SOD3,SGTA,ACBD5,RAB22A
ATP7A,NTRK1,HSP90AA1
ATP7A,NTRK1,RACK1,KCNAB1
ATP7A,OCLN,RND3
ATP7A,NTRK1,NCK1,SHROOM2
ATP7A,NTRK1,TUBB3,HSPA2
ATP7A,LYN,EPHA7
ATP7A,NTRK1,KIDINS220,SEPTIN5
ATP7A,NTRK1,ATP12A,TRARG1
ATP7A,LYN,NMT1
ATP7A,NTRK1,YWHAE,REM1
ATP7A,CLU,SCARB2,ACTL6A
ATP7A,NTRK1,RAB11A,DENND4C
ATP7A,NTRK1,RALA,PLCD1
ATP7A,CLU,TMPO,HDAC11
ATP7A,LYN,SYK,SIRPB1
ATP7A,NTRK1,PLCG1,PICALM
ATP7A,NTRK1,LAMB1,PSG8
ATP7A,LYN,YES1,SLC16A14
ATP7A,CLU,DLG4,DRD1
ATP7A,NTRK1,STAT3,PTPRD
ATP7A,NTRK1,PTPRB
ATP7A,NTRK1,AUP1,SURF4
ATP7A,NTRK1,MAP3K1,EEF1A2,SLC13A5
ATP7A,NTRK1,STAM2,LITAF
ATP7A,NTRK1,TJP1,CLDN1
ATP7A,NTRK1,FKBP5,PI4KA
ATP7A,NTRK1,FLNA,PHLDB2
ATP7A,NTRK1,PRKCA,AKAP5
ATP7A,CLU,TMPO,HDAC11
ATP7A,CLU,SCF-betaTRCP,ATF4,ALPI
ATP7A,NTRK1,PIK3R3,PCDHB5
ATP7A,NTRK1,CSNK2A1,MFAP1,JPT2
ATP7A,OCLN,PRKCH
ATP7A,OCLN,JPH1
ATP7A,NTRK1,PRKCA,AKAP5
ATP7A,NTRK1,PTPRG,PCDHGC3
ATP7A,NTRK1,RACK1,KCNAB1,SERPINA12
ATP7A,CLU,TMPO,HDAC11
ATP7A,NTRK1,TRAF6,TNFRSF13B
ATP7A,NTRK1,ARHGDIA,HSD17B10
ATP7A,NTRK1,ENO2,SIGIRR
ATP7A,NTRK1,ATP2A2
ATP7A,NTRK1,PTPRB,CNTN1
ATP7A,NTRK1,TRAF4,ZC3H12C,TNFSF14
ATP7A,NTRK1,KHDRBS1,RBM15,TBC1D2
ATP7A,NTRK1,ABL1,WNK2
ATP7A,NTRK1,GNA13,GNG5
ATP7A,NTRK1,GNAI3,RGS3
ATP7A,NTRK1,RHOT2,CNR2,GPR18
ATP7A,CLU,TMPO,HDAC11
ATP7A,NTRK1,FLNA,PHLDB2
ATP7A,CLU,HYOU1,DNAJC9
ATP7A,NTRK1,USP8,VPS4B
ATP7A,CLU,TMPO,HDAC11
ATP7A,NTRK1,CCT5,PEX7,PLPPR4
ATP7A,NTRK1,ABL1,WNK2
ATP7A,NTRK1,ABL1,WNK2
ATP7A,NTRK1,LLGL1,PARD6G
ATP7A,NTRK1,RAB11A,DENND4C
ATP7A,NTRK1,MSH6,EXO1
ATP7A,NTRK1,RACK1,KCNAB1
ATP7A,LYN,SYK,SIRPB1
ATP7A,NTRK1,YWHAG,DUSP16,ABHD6
ATP7A,NTRK1,ABL1,WNK2
ATP7A,NTRK1,RAB11A,DENND4C
ATP7A,NTRK1,CUL1,RAE1,ITPRIP
ATP7A,NTRK1,ABL1,WNK2
ATP7A,NTRK1,PRKCA,AKAP5,KCNMB1
ATP7A,CLU,TMPO,HDAC11
ATP7A,LYN,SRC,FCER1A
ATP7A,NTRK1,ABL1,WNK2
ATP7A,NTRK1,ABCC1
ATP7A,NTRK1,TRIM33,CEP78,MUCL1
ATP7A,CLU,HYOU1,DNAJC9,TRHDE
ATP7A,OCLN,RAB4A,SLC9A7
ATP7A,NTRK1,TRIM33,CEP78,SLC5A1
ATP7A,NTRK1,ABL1,WNK2
ATP7A,NTRK1,RACK1,KCNAB1
ATP7A,NTRK1,TRAF6,TNFRSF13B
ATP7A,CLU,TMPO,HDAC11
ATP7A,NTRK1,TARDBP,ATF3,NPDC1
ATP7A,NTRK1,LTF
ATP7A,NTRK1,CAPN1,CAPNS2
ATP7A,NTRK1,EZR
ATP7A,NTRK1,ABL1,WNK2
ATP7A,CLU,HYOU1,DNAJC9
ATP7A,LYN,RHOH
ATP7A,NTRK1,YWHAE,REM1
ATP7A,CLU,TMPO,HDAC11
ATP7A,NTRK1,ABL1,WNK2,CABP1
ATP7A,NTRK1,RACK1,KCNAB1
ATP7A,NTRK1,RAB11A,DENND4C
ATP7A,NTRK1,GNB1,MC2R
ATP7A,NTRK1,HSPA4L,RASGRP1
ATP7A,NTRK1,STAT3,PTPRD
ATP7A,CLU,TMPO,HDAC11
ATP7A,NTRK1,RHOBTB3,RTN4R,PALM
ATP7A,CLU,DLG4,DRD1
ATP7A,NTRK1,RAB11A,DENND4C
ATP7A,CLU,TXNDC11,DCT
ATP7A,NTRK1,FLNA,PHLDB2
ATP7A,NTRK1,VAPB,OSBPL6
ATP7A,CLU,TMPO,HDAC11
ATP7A,NTRK1,CTNNB1,MYO1B
ATP7A,SOD3,SQSTM1,GABARAPL1,USH1G
ATP7A,NTRK1,RACK1,KCNAB1
ATP7A,NTRK1,DNM1
ATP7A,NTRK1,DVL2,RPGRIP1L
ATP7A,CLU,DLG4,DRD1,CD320
ATP7A,SOD3,SQSTM1,GABARAPL1,GPR37,GPR17
ATP7A,NTRK1,SHC1,FLT4
ATP7A,NTRK1,YWHAE,REM1
ATP7A,OCLN,TGFBR2,MYADM
ATP7A,CLU,TMPO,HDAC11,PON2,ASIC4
ATP7A,CLU,TMPO,HDAC11
ATP7A,CLU,HYOU1,DNAJC9
ATP7A,LYN,SYK,SIRPB1
ATP7A,NTRK1,RALA,PLCD1
ATP7A,TMEM59,ABCA3
ATP7A,CLU,TMPO,HDAC11
ATP7A,LYN,JAK2,MUC7
ATP7A,NTRK1,YWHAE,REM1
ATP7A,CLU,TMPO,HDAC11,ATP6AP2
ATP7A,NTRK1,RHOBTB3,RTN4R
ATP7A,LYN,SH3KBP1,VPS37B
ATP7A,SOD3,KCNIP3,CREM,MGRN1
ATP7A,CLU,ZWINT,SNAP29
ATP7A,NTRK1,VIM,WHRN
ATP7A,NTRK1,MSH6,EXO1
ATP7A,LYN,AR,SLC43A1
ATP7A,NTRK1,PRKCA,AKAP5
ATP7A,copper(1+),SOD2,ENO3
ATP7A,CLU,DLG4,DRD1
ATP7A,LYN,CD72
ATP7A,LYN,RHOA
ATP7A,NTRK1,FKBP5,PI4KA,EFR3A
ATP7A,copper(1+),SOD2,ENO3
ATP7A,LYN,VAMP2
ATP7A,NTRK1,SEZ6L2,CDHR4
ATP7A,NTRK1,TRAF6,TNFRSF13B
ATP7A,NTRK1,PRKCA,AKAP5
ATP7A,CLU,TMPO,HDAC11
ATP7A,NTRK1,RHOT2,CNR2
ATP7A,CLU,TMPO,HDAC11,LRRC8E
ATP7A,NTRK1,LAMB1,PSG8
ATP7A,NTRK1,TRAF6,TNFRSF13B
ATP7A,NTRK1,STAT3,PTPRD
ATP7A,NTRK1,ABL1,WNK2,GPRC5D
ATP7A,NTRK1,PTPN22,PSTPIP2
ATP7A,CLU,DLG4,DRD1
ATP7A,NTRK1,TUBB3,HSPA2
ATP7A,SOD3,SQSTM1,GABARAPL1,LANCL1
ATP7A,CLU,PDIA3,HMGN1,HLA-DQA1
ATP7A,NTRK1,PKM,FAHD2A,JTB
ATP7A,NTRK1,HNRNPA1,ANXA1
ATP7A,NTRK1,BSG,SLC16A13
ATP7A,NTRK1,DSC2,PSG11
ATP7A,NTRK1,CTNNB1,MYO1B
ATP7A,NTRK1,TUBB3,HSPA2,IL12RB2
ATP7A,NTRK1,CYFIP1,MYO16
ATP7A,NTRK1,CSDE1
ATP7A,NTRK1,GNB1,MC2R
ATP7A,CLU,TMPO,HDAC11
ATP7A,NTRK1,DVL2,RPGRIP1L
ATP7A,NTRK1,KLC2
ATP7A,CLU,TMPO,HDAC11,CKAP4
ATP7A,NTRK1,DVL2,RPGRIP1L
ATP7A,NTRK1,FLNA,PHLDB2
ATP7A,SOD3,SQSTM1,GABARAPL1,OR10H1
ATP7A,TMEM59
ATP7A,CLU,HYOU1,DNAJC9
ATP7A,CLU,TMPO,HDAC11
ATP7A,NTRK1,TRIM33,CEP78,ART3
ATP7A,LYN,SRC,FCER1A
ATP7A,OCLN,PTPN2
ATP7A,NTRK1,LLGL1,PARD6G
ATP7A,LYN,CD22
ATP7A,LYN,SRC,FCER1A
ATP7A,NTRK1,RAB11A,DENND4C
ATP7A,NTRK1,PRKCA,AKAP5
ATP7A,NTRK1,PLCG1,PICALM
ATP7A,NTRK1,ACTR2,FAM98B,OR2K2
ATP7A,NTRK1,PTPN1,ASGR2
ATP7A,NTRK1,YWHAH,MTM1
ATP7A,LYN,PRKCD,PDP2,CNTFR
ATP7A,NTRK1,ABL1,WNK2
ATP7A,NTRK1,VIM,WHRN
ATP7A,CLU,TMPO,HDAC11
ATP7A,CLU,IKBKB,TANK,RANGRF
ATP7A,CLU,APP
ATP7A,NTRK1,RACK1,KCNAB1
ATP7A,CLU,ARGLU1,WAC,COPRS
ATP7A,NTRK1,RAB11A,DENND4C
ATP7A,OCLN,ITCH,ARRDC4
ATP7A,NTRK1,PRKCA,AKAP5
ATP7A,NTRK1,RAB11A,DENND4C
ATP7A,SOD3,SQSTM1,GABARAPL1,SYT12
ATP7A,NTRK1,VCP,PPP1R7,AQP10,LYVE1
ATP7A,CLU,TMPO,HDAC11
ATP7A,OCLN,TGOLN2,RAB18
ATP7A,LYN,FASLG,MPP4
ATP7A,NTRK1,MYH9,CUZD1,PCDHA5
ATP7A,NTRK1,RACK1,KCNAB1
ATP7A,NTRK1,TUBB3,HSPA2,TMC7
ATP7A,NTRK1,PRKCA,AKAP5
ATP7A,CLU,BCL2L1,LARP1,CASP4
ATP7A,NTRK1,CLTA
ATP7A,NTRK1,RHOBTB3,RTN4R
ATP7A,NTRK1,DVL2,RPGRIP1L
ATP7A,LYN,CEMIP2
ATP7A,NTRK1,CTNNB1,MYO1B
ATP7A,CLU,TMPO,HDAC11
ATP7A,CLU,HYOU1,DNAJC9
ATP7A,CLU,ARGLU1,WAC,SLC2A12
ATP7A,NTRK1,FLNA,PHLDB2
ATP7A,LYN,VAMP2,PRKD3
ATP7A,CLU,TMPO,HDAC11,CXCR1
ATP7A,NTRK1,HNRNPA1,ANXA1
ATP7A,OCLN,APBB1,SLAMF7
ATP7A,SOD3,SQSTM1,GABARAPL1,TIMD4
ATP7A,CLU,TMPO,HDAC11
ATP7A,NTRK1,CDK2,NTNG1
ATP7A,CLU,APP,APBB2,KSR2
ATP7A,CLU,ZWINT,SNAP29
ATP7A,NTRK1,HNRNPA1,ANXA1
ATP7A,CLU,DLG4,DRD1,GRIN3A
ATP7A,NTRK1,CSNK2A1
ATP7A,CLU,APP,APBB2,ADGRL3,TENM2
ATP7A,CLU,TMPO,HDAC11
ATP7A,NTRK1,AGK,ATP2C1
ATP7A,CLU,TMPO,HDAC11
ATP7A,NTRK1,VIM,WHRN
ATP7A,NTRK1,CTNNB1,MYO1B
ATP7A,CLU,C9,C8B
ATP7A,SOD3,SQSTM1,GABARAPL1,ZDHHC24,STOML3
ATP7A,NTRK1,GAA,LARGE1
ATP7A,LYN,CDK16
ATP7A,NTRK1,SH3PXD2A,RALGPS2
ATP7A,LYN,AHNAK2
ATP7A,TMEM59,ISLR,GPC3
ATP7A,NTRK1,MARK2
ATP7A,CLU,TMPO,HDAC11
ATP7A,NTRK1,ENAH,AJUBA
ATP7A,CLU,HYOU1,DNAJC9
ATP7A,LYN,CASK,CYSLTR2
ATP7A,copper(1+),SOD1,RNF112,SLC12A9
ATP7A,TMEM59,TMEM30A,ATP8A1
ATP7A,NTRK1,GNB1,MC2R
ATP7A,LYN,STK10
ATP7A,NTRK1,EGFR,GABRA2
ATP7A,NTRK1,VAPB,OSBPL6
ATP7A,NTRK1,VIM,WHRN
ATP7A,NTRK1,PRKCA,AKAP5
ATP7A,CLU,APP,APBB2,RAB3C
ATP7A,LYN,KRAS
ATP7A,NTRK1,STAT3,PTPRD
ATP7A,NTRK1,PRKCA,AKAP5
ATP7A,CLU,DLG4
ATP7A,NTRK1,PRKCA,AKAP5
ATP7A,LYN,PRKCB,SYT6,SYT10
ATP7A,NTRK1,TUBB4B,PRCP
ATP7A,LYN,TRPV4
ATP7A,CLU,PRNP,PLK3,GRK4
ATP7A,NTRK1,EGFR,GABRA2
ATP7A,NTRK1,CUL1,RAE1,MYOF
ATP7A,NTRK1,ENO1,HINT2,ACKR2
ATP7A,NTRK1,ARHGDIA,HSD17B10
ATP7A,copper(1+),SOD1,RNF112,GPR143
ATP7A,NTRK1,CDK1,CDKN3,DCST1
ATP7A,NTRK1,GNB1,MC2R
ATP7A,NTRK1,RACK1,KCNAB1
ATP7A,CLU,TMPO,HDAC11
ATP7A,CLU,TMPO,HDAC11,SLC10A7
ATP7A,NTRK1,TNK2
ATP7A,NTRK1,ATIC,CAPN2
ATP7A,NTRK1,DVL2,RPGRIP1L
ATP7A,NTRK1,TUBB3,HSPA2
ATP7A,NTRK1,RHOT2,CNR2
ATP7A,SOD3,SGTA,ACBD5,ARL14EP
ATP7A,NTRK1,TUBB3,HSPA2
ATP7A,OCLN,TGOLN2,RAB18
ATP7A,SOD3,SQSTM1,GABARAPL1,SDC1
ATP7A,NTRK1,SHC1,FLT4
ATP7A,LYN,TUBD1,ATP6V0A2
ATP7A,NTRK1,TACC3,CIB3,P2RX1
ATP7A,CLU,TMPO,HDAC11,SPPL3
ATP7A,NTRK1,YWHAE,REM1
ATP7A,CLU,TMPO,HDAC11
ATP7A,LYN,PIP5K1A
ATP7A,copper(1+),SOD2,ENO3
ATP7A,NTRK1,HNRNPA1,ANXA1
ATP7A,SOD3,KCNIP3,CREM,APLNR
ATP7A,OCLN,EPHB2,PLA2G4C,CNNM4
ATP7A,NTRK1,GNB1,MC2R
ATP7A,CLU,TMPO,HDAC11
ATP7A,NTRK1,TUBB3,HSPA2
ATP7A,LYN,JAK2,MUC7
ATP7A,NTRK1,GNB1,MC2R
ATP7A,LYN,TNF,ZAN
ATP7A,NTRK1,WASF1,MPDZ,OR1D2
ATP7A,CLU,TMPO,HDAC11
ATP7A,CLU,TMPO,HDAC11,PCDHA2
ATP7A,NTRK1,RAB11A,DENND4C
ATP7A,NTRK1,VAPB,OSBPL6
ATP7A,CLU,HYOU1,DNAJC9
ATP7A,CLU,HYOU1,DNAJC9
ATP7A,CLU,TTR,CTNND2,CP
ATP7A,NTRK1,RACK1,KCNAB1
ATP7A,copper(1+),SOD1,RNF112,VPS28
ATP7A,NTRK1,TUBB3,HSPA2
ATP7A,NTRK1,TRAF6,TNFRSF13B
ATP7A,NTRK1,STAT3,PTPRD
ATP7A,NTRK1,GNB1,MC2R
ATP7A,NTRK1,GNB1
ATP7A,NTRK1,TRAF6,TNFRSF13B
ATP7A,NTRK1,RACK1,KCNAB1
ATP7A,NTRK1,TUBB3,HSPA2
ATP7A,NTRK1,TJP1,CLDN1
ATP7A,OCLN,MIA3,ADAM30
ATP7A,CLU,TMPO,HDAC11
ATP7A,TMEM59,FKRP,SIDT2
ATP7A,NTRK1,SEZ6L2
ATP7A,NTRK1,RAB11A,DENND4C
ATP7A,NTRK1,RACK1,KCNAB1
ATP7A,CLU,TXNDC11,DCT
ATP7A,NTRK1,CAV1,SCP2,GDPD5
ATP7A,TMEM59,TMEM192,PLPP2,GLDC
ATP7A,CLU,TMPO,HDAC11,SLC27A4
ATP7A,LYN,ABCC5,SLC30A2,SLC30A10
ATP7A,LYN,SLC38A1
ATP7A,LYN,EPHA3
ATP7A,NTRK1,RACK1,KCNAB1
ATP7A,NTRK1,LAMB1,PSG8
ATP7A,LYN,AR,SLC43A1
ATP7A,CLU,TMPO,HDAC11
ATP7A,NTRK1,PTK2,EPS8L2,HJV
ATP7A,NTRK1,TRAF6,TNFRSF13B
ATP7A,CLU,DLG4,DRD1
ATP7A,NTRK1,ABL1,WNK2,CATIP
ATP7A,NTRK1,SHC1,FLT4
ATP7A,NTRK1,TRAF6,TNFRSF13B
ATP7A,copper(1+),SOD2,ENO3
ATP7A,CLU,TMPO,HDAC11
ATP7A,NTRK1,ATP2A2,PDS5A
ATP7A,CLU,DLG4,DRD1
ATP7A,LYN,TMX1,TMEM179B
ATP7A,NTRK1,HSP90AA1,NR3C2,PLA2G6
ATP7A,CLU,DLG4,DRD1
ATP7A,NTRK1,STAT3,PTPRD
ATP7A,LYN,NOTCH1
ATP7A,NTRK1,XPO5,AMIGO1,PROM2
ATP7A,CLU,TMPO,HDAC11,SPTBN5
ATP7A,LYN,SNX9
ATP7A,NTRK1,ATP2A2,PDS5A
ATP7A,NTRK1,PTPRF,OPTC,CEACAM7
ATP7A,NTRK1,DVL2,RPGRIP1L
ATP7A,TMEM59,DNAJC5
ATP7A,TMEM59,RND1,PCDHGA5
ATP7A,NTRK1,GNB1,MC2R
ATP7A,LYN,PECAM1
ATP7A,CLU,APP,APBB2,GPR42
ATP7A,NTRK1,DNM2
ATP7A,OCLN,RAB5A,RAB3GAP2
ATP7A,NTRK1,HNRNPA1,ANXA1
ATP7A,SOD3,SGTA,ACBD5,RGS11
ATP7A,LYN,TULP3
ATP7A,NTRK1,PIK3C2A
ATP7A,LYN,ACSL3
ATP7A,NTRK1,RACK1,KCNAB1
ATP7A,NTRK1,RACK1,KCNAB1
ATP7A,NTRK1,MSH6,EXO1,ALX1,OR52L1
ATP7A,NTRK1,STAT3,PTPRD
ATP7A,NTRK1,CTNNB1,MYO1B
ATP7A,NTRK1,GNB1,MC2R
ATP7A,NTRK1,ABL1,WNK2
ATP7A,NTRK1,CSDE1,ARHGEF39
ATP7A,LYN,CDKN1B,LRCH4
ATP7A,LYN,CSNK1G3
ATP7A,CLU,DLG4,DRD1
ATP7A,NTRK1,NCAM1,SIGLEC9
ATP7A,NTRK1,STAM2,LITAF
ATP7A,NTRK1,SHC1,FLT4
ATP7A,NTRK1,CUL1,RAE1,RAB40AL
ATP7A,CLU,IKBKB,TANK,CPNE2
ATP7A,LYN,ROBO2
ATP7A,LYN,SRC,FCER1A
ATP7A,NTRK1,CUL1,RAE1,RAB39B
ATP7A,NTRK1,TUBB3,HSPA2
ATP7A,NTRK1,PTPN1,ASGR2
ATP7A,NTRK1,STAT3,PTPRD
ATP7A,NTRK1,RHOBTB3,RTN4R
ATP7A,LYN,SH3KBP1,VPS37B
ATP7A,NTRK1,RACK1,KCNAB1
ATP7A,LYN,CD22,TLR5
ATP7A,NTRK1,RAB11A,DENND4C
ATP7A,CLU,APP,APBB2,SYT5
ATP7A,CLU,TMPO,HDAC11
ATP7A,NTRK1,CSNK2A1,MFAP1,FGFBP1
ATP7A,CLU,TMPO,HDAC11
ATP7A,CLU,ZWINT,SNAP29
ATP7A,NTRK1,RACK1,KCNAB1
ATP7A,NTRK1,TUBB3,HSPA2
ATP7A,LYN,KIF23,ATAD3B
ATP7A,NTRK1,DVL2,RPGRIP1L
ATP7A,NTRK1,ABL1,WNK2
ATP7A,OCLN,RAB4A,SLC9A7
ATP7A,CLU,LRP1
ATP7A,NTRK1,GNA13,GNG5
ATP7A,LYN,IRS4
ATP7A,CLU,DLG4,DRD1,PSG4
ATP7A,SOD3,SQSTM1,GABARAPL1,HSD17B8
ATP7A,NTRK1,TBL1XR1,H2BC21,UBL3
ATP7A,NTRK1,VAPB,OSBPL6,CPNE5
ATP7A,NTRK1,PTPRC,CD244
ATP7A,NTRK1,HSP90AA1,NR3C2,PDE2A
ATP7A,NTRK1,STAT3,PTPRD
ATP7A,LYN,KRAS,AP4S1,SLC17A1
ATP7A,NTRK1,PPP1CB,APOBEC3B,WDPCP
ATP7A,NTRK1,RACK1,KCNAB1
ATP7A,OCLN,RAB5A,RAB3GAP2
ATP7A,NTRK1,RAB11A,DENND4C
ATP7A,LYN,MPP1
ATP7A,CLU,TMPO,HDAC11
ATP7A,NTRK1,TUBB3,HSPA2
ATP7A,LYN,KIF23,ATAD3B
ATP7A,NTRK1,TUBB3,HSPA2,OR52W1
ATP7A,SOD3,SQSTM1,GABARAPL1,LSAMP
ATP7A,NTRK1,TRAF6,TNFRSF13B,ALG10B
ATP7A,CLU,DLG4,DRD1
ATP7A,CLU,TMPO,HDAC11
ATP7A,NTRK1,DSC2
ATP7A,LYN,CDK16,CCNYL1
ATP7A,NTRK1,ABL1,WNK2
ATP7A,CLU,TMPO,HDAC11
ATP7A,NTRK1,ABL1,WNK2
ATP7A,NTRK1,RACK1,KCNAB1
ATP7A,CLU,TMPO,HDAC11
ATP7A,NTRK1,GAA,LARGE1
ATP7A,NTRK1,IRS2
ATP7A,NTRK1,RHOBTB3,RTN4R
ATP7A,NTRK1,NOTCH3,C1QL1,LRP12
ATP7A,LYN,SRC,FCER1A
ATP7A,SOD3,SGTA,ACBD5,ABCA4,CNGB1,CNGA1
ATP7A,CLU,TMPO,HDAC11
ATP7A,NTRK1,PIK3CA
ATP7A,OCLN,TGOLN2,RAB18
ATP7A,CLU,TMPO,HDAC11
ATP7A,NTRK1,RAB11A,DENND4C
ATP7A,NTRK1,TUBB3,HSPA2
ATP7A,NTRK1,DVL2,RPGRIP1L
ATP7A,OCLN,MIA3,ADAM30
ATP7A,NTRK1,YWHAE,REM1
ATP7A,NTRK1,PRKCA,AKAP5
ATP7A,CLU,TMPO,HDAC11
ATP7A,NTRK1,GNAO1,RGS9
ATP7A,NTRK1,RAB11A,DENND4C
ATP7A,NTRK1,TUBB3,HSPA2
ATP7A,OCLN,GPX8,SLC34A3
ATP7A,NTRK1,HSP90AA1,NR3C2,SLC6A5
ATP7A,NTRK1,RAB11A,DENND4C,SLC26A9
ATP7A,NTRK1,MARCKS,FSCN1,ADAM11
ATP7A,NTRK1,RAB11A,DENND4C,ARF1
ATP7A,NTRK1,STAT1,RNF220,EBI3
ATP7A,NTRK1,ABL1,WNK2
ATP7A,LYN,TNF,ZAN
ATP7A,NTRK1,GOPC,CERCAM
ATP7A,NTRK1,YWHAE,REM1
ATP7A,OCLN,SLC22A4
ATP7A,NTRK1,PRKCA,AKAP5
ATP7A,NTRK1,ABL1,WNK2
ATP7A,NTRK1,RAB11A,DENND4C
ATP7A,OCLN,TGFBR2,MYADM
ATP7A,NTRK1,EGFR,GABRA2
ATP7A,NTRK1,RAB11A,DENND4C
ATP7A,CLU,TMPO,HDAC11
ATP7A,NTRK1,TRAF6,TNFRSF13B
ATP7A,LYN,AR,SLC43A1
ATP7A,NTRK1,TUBB3,HSPA2,MR1
ATP7A,LYN,FCGR2A
ATP7A,CLU,TMPO,HDAC11
ATP7A,NTRK1,KIF5B,RUSC1,SLC35A1
ATP7A,CLU,TMPO,HDAC11
ATP7A,LYN,AR,SLC43A1
ATP7A,CLU,DLG4,DRD1
ATP7A,NTRK1,CTNNB1,MYO1B
ATP7A,NTRK1,DVL2,RPGRIP1L
ATP7A,NTRK1,KIDINS220,SEPTIN5
ATP7A,NTRK1,RACK1,KCNAB1
ATP7A,NTRK1,GNB1,MC2R
ATP7A,NTRK1,RACK1,KCNAB1,TTLL5
ATP7A,NTRK1,DVL2,RPGRIP1L
ATP7A,NTRK1,PPP5C
ATP7A,SOD3,SQSTM1,GABARAPL1,MIEN1
ATP7A,NTRK1,YWHAE,REM1
ATP7A,NTRK1,RELA,COMMD10,KIR2DL1
ATP7A,CLU,TMPO,HDAC11
ATP7A,CLU,IKBKB,TANK,TRPV1
ATP7A,NTRK1,AP2A1,EHD1
ATP7A,CLU,APP,APBB2,AKAP10
ATP7A,NTRK1,NEDD4,RUNX2,SCNN1D
ATP7A,LYN,AKT2,CLIP3
ATP7A,CLU,APP,APBB2,ADAP2
ATP7A,NTRK1,CTNNB1,MYO1B
ATP7A,NTRK1,EGFR,GABRA2
ATP7A,NTRK1,CDK2,NTNG1
ATP7A,NTRK1,UCHL1,ADRA2B
ATP7A,NTRK1,SORT1
ATP7A,CLU,TMPO,HDAC11
ATP7A,TMEM59,PRTN3
ATP7A,NTRK1,RACK1,KCNAB1
ATP7A,CLU,ARGLU1,WAC,MRPL42
ATP7A,NTRK1,CUL1,RAE1,KLRK1
ATP7A,NTRK1,RAB11A,DENND4C
ATP7A,NTRK1,GNB1,MC2R
ATP7A,copper(1+),SOD1,RNF112,CR2
ATP7A,LYN,NMT1,ACSL4
ATP7A,NTRK1,STAT3,PTPRD
ATP7A,CLU,IKBKB,TANK,SGCD
ATP7A,NTRK1,ABL1,WNK2
ATP7A,NTRK1,FKBP5,PI4KA,KCTD3
ATP7A,SOD3,SQSTM1,GABARAPL1,DNAAF1
ATP7A,CLU,TMPO,HDAC11
ATP7A,LYN,DSG1
ATP7A,LYN,NMT1,ACSL4
ATP7A,LYN,ITGB2,TLN2
ATP7A,NTRK1,RACK1,KCNAB1
ATP7A,CLU,HYOU1,DNAJC9
ATP7A,copper(1+),SOD1,RNF112,TRO
ATP7A,OCLN,LAMP2
ATP7A,NTRK1,RACK1,KCNAB1
ATP7A,NTRK1,RACK1,KCNAB1
ATP7A,NTRK1,RHOT2,CNR2
ATP7A,NTRK1,RAB11A,DENND4C
ATP7A,NTRK1,PPP2CA
ATP7A,SOD3,SQSTM1,GABARAPL1,TRPM2
ATP7A,NTRK1,TUBB3,HSPA2
ATP7A,CLU,TMPO,HDAC11
ATP7A,NTRK1,STAT5B,PRLR
ATP7A,copper(1+),SOD1,RNF112,EPB41L4B
ATP7A,CLU,APP,APBB2,TFPI
ATP7A,CLU,TMPO,HDAC11
ATP7A,NTRK1,LPCAT1,DIP2A
ATP7A,NTRK1,ABL1,WNK2
ATP7A,NTRK1,KIDINS220,SEPTIN5
ATP7A,LYN,SRC,FCER1A
ATP7A,CLU,TMPO,HDAC11,SERINC1
ATP7A,NTRK1,DVL2,RPGRIP1L
ATP7A,CLU,PRNP,PLK3,SYTL5
ATP7A,NTRK1,RACK1,KCNAB1
ATP7A,NTRK1,DVL2,RPGRIP1L
ATP7A,LYN,PIK3CG,ERAS
ATP7A,OCLN,SEC61B,CCPG1,SLC22A13
ATP7A,NTRK1,RHOBTB3,RTN4R
ATP7A,NTRK1,GNB1,MC2R
ATP7A,CLU,TMPO,HDAC11
ATP7A,CLU,DLG4,DRD1
ATP7A,NTRK1,CAPN1,CAPNS2
ATP7A,NTRK1,RAB11A,DENND4C
ATP7A,SOD3,SQSTM1,GABARAPL1,CACNG8
ATP7A,NTRK1,GNB1,MC2R
ATP7A,NTRK1,RHOT2,CNR2
ATP7A,NTRK1,RET,GDNF,GABRA6
ATP7A,OCLN,PATJ,HOMER2
ATP7A,NTRK1,PDGFRA,CD55
ATP7A,NTRK1,YWHAE,REM1
ATP7A,NTRK1,DAB2IP
ATP7A,LYN,VAMP2,PRKD3
ATP7A,OCLN,TJP2
ATP7A,CLU,APP,APBB2,GPR42,MGAM
ATP7A,NTRK1,RAB11A,DENND4C
ATP7A,NTRK1,GNAO1,RGS9
ATP7A,NTRK1,SPTLC1,ORMDL3
ATP7A,OCLN,ITCH
ATP7A,NTRK1,PRKCA,AKAP5
ATP7A,TMEM59,ENPP4
ATP7A,copper(1+),SOD2,ENO3
