ATP7B,ZBTB16,ESR1,STOM
ATP7B,copper(1+),SOD1,RNF112,ZNRF1
ATP7B,copper(1+),SOD1,RNF112,GAS6,PCDHA3
ATP7B,copper(1+),SOD2,ENO3,ADCY9
ATP7B,copper(1+),SOD1,RNF112,IL17RA,IL17RE
ATP7B,ZBTB16,TRIM27,TRIM9,PARVB
ATP7B,ZBTB16,RARA,MED1,HMOX1,CYBRD1
ATP7B,GOLGA1,VAMP2,EXOC3,SV2C
ATP7B,NRG1,MYO19,FLNB
ATP7B,copper(1+),SOD1,RNF112,RASSF2
ATP7B,ZBTB16,TRAF2,LRRN2,OR1M1
ATP7B,ZBTB16,ESR1,STOM
ATP7B,ZBTB16,RSAD2,TRAF6,KLRB1
ATP7B,GOLGA1,GOLGB1,DNAJC5
ATP7B,ZBTB16,MAP3K3,STUB1,RGS12
ATP7B,ZBTB16,CEBPA,C1QBP
ATP7B,ZBTB16,TP53,RAD51,GBA2
ATP7B,ZBTB16,RARA,MED1,KCNJ1
ATP7B,ZBTB16,HTT,HADHA,SNX33
ATP7B,ZBTB16,SMAD3,PPARG,ANGPT1
ATP7B,GOLGA1,VAMP4,STX8
ATP7B,ZBTB16,HDAC4,RFXANK,ATP11B
ATP7B,GOLGA1,GOLGB1,DNAJC5,MMP15
ATP7B,ZBTB16,NR3C1,ZFX,CNKSR2
ATP7B,ZBTB16,FHL5,ZBTB33
ATP7B,copper(1+),SOD1,RNF112,SLC7A6
ATP7B,ATOX1,TAGLN2,CFL1,PRKD1
ATP7B,ZBTB16,RARA,MED1,CAVIN1
ATP7B,ZBTB16,RARA,MED1,KIAA0319
ATP7B,ZBTB16,ESR1,STOM
ATP7B,NRG1,EGFR,IFIT5,LAG3
ATP7B,copper(1+),SOD1,RNF112,GRIA1
ATP7B,ZBTB16,CEBPA,C1QBP
ATP7B,ZBTB16,CYP27B1,TAF7,PDE6G
ATP7B,copper(1+),SOD1,RNF112,GRIP2,PRLHR
ATP7B,ZBTB16,MAP3K3,STUB1,CCR5
ATP7B,ZBTB16,EZH2,FBXW11,RGMB
ATP7B,NRG1,ERBB2,CDH2
ATP7B,ZBTB16,MAP3K3,STUB1,HTR4
ATP7B,NRG1,ERBB2,CDH2
ATP7B,copper(1+),SOD2,ENO3,MIGA2
ATP7B,ZBTB16,LRIG1,PDGFRA
ATP7B,ZBTB16,SMAD3,PPARG,HCN1
ATP7B,copper(1+),SOD1,RNF112,CDHR5,CDHR2
ATP7B,NRG1,ERBB2,CDH2,IQCJ-SCHIP1
ATP7B,CLU,DLG4,DRD1
ATP7B,copper(1+),SOD2,ENO3,RABGGTA
ATP7B,ZBTB16,HTT,HADHA,DRD5
ATP7B,ZBTB16,MTDH,CTCF,TMED7,TP53I13
ATP7B,ZBTB16,LRIG1,PDGFRA
ATP7B,ZBTB16,HDAC4,RFXANK,ATAD3B
ATP7B,copper(1+),SOD1,RNF112,FFAR3
ATP7B,ZBTB16,RAP2A,ANLN,NRXN3
ATP7B,ZBTB16,SMAD3,PPARG,SPTBN4
ATP7B,ZBTB16,ESR1,STOM,TPSG1
ATP7B,ZBTB16,LRIG1,PDGFRA,CD55
ATP7B,ATOX1,ATP7A,OCLN,ITGB3
ATP7B,copper(1+),SOD1,RNF112,TOPBP1
ATP7B,ZBTB16,HTT,HADHA,PKD2
ATP7B,ZBTB16,HTT,HADHA,CCL1,CCR8
ATP7B,copper(1+),SOD1,RNF112,ABCC4
ATP7B,ZBTB16,EZH2,FBXW11,CCR2
ATP7B,copper(1+),SOD2,ENO3,DIRAS1
ATP7B,ZBTB16,CDK4,EPHA2
ATP7B,ZBTB16,MAP3K3,STUB1,NPR2
ATP7B,copper(1+),SOD1,RNF112,RGL4
ATP7B,NRG1,EGFR,IFIT5,ADIPOR2
ATP7B,ATOX1,TAGLN2,CFL1,SVIL
ATP7B,NRG1,EGFR,IFIT5
ATP7B,copper(1+),SOD1,RNF112,ACVR2B
ATP7B,copper(1+),SOD1,RNF112,ENPP5
ATP7B,ZBTB16,MX1,TRPC7
ATP7B,ZBTB16,FHL3,ROR2,GPR142
ATP7B,ZBTB16,MAP3K3,STUB1,DZIP1L,LRRN4
ATP7B,ZBTB16,ESR1,STOM
ATP7B,ZBTB16,ESR1,STOM,GPBAR1
ATP7B,NRG1,MYO19,FLNB
ATP7B,ZBTB16,ESR1,STOM,NRCAM
ATP7B,ZBTB16,FHL3,ROR2
ATP7B,GOLGA1,UNK,SPCS1,SLC24A3
ATP7B,copper(1+),SOD1,RNF112,JPH4
ATP7B,copper(1+),SOD1,RNF112,FLRT2
ATP7B,ZBTB16,MAP3K3,STUB1,MUSK
ATP7B,copper(1+),SOD1,RNF112,ADCY6
ATP7B,ZBTB16,SP1,PHC2,ECEL1
ATP7B,ZBTB16,miR-146a,CXCR4,AVPR1A
ATP7B,ZBTB16,COG6,COG3
ATP7B,ZBTB16,ESR1,STOM
ATP7B,ZBTB16,NR3C1,ZFX,TSPAN15,ADGRE2
ATP7B,ZBTB16,UBE2I,PCGF2,SLC34A1
ATP7B,ZBTB16,SMAD3,PPARG,CD274,PDCD1
ATP7B,NRG1,EGFR,IFIT5
ATP7B,ZBTB16,MTDH,CTCF,PSKH1
ATP7B,GOLGA1,RAPGEF6
ATP7B,ZBTB16,CEBPA,C1QBP
ATP7B,copper(1+),SOD1,RNF112,SEMA6D
ATP7B,copper(1+),SOD1,RNF112,F8
ATP7B,copper(1+),SOD2,ENO3,PLXNB2
ATP7B,copper(1+),SOD1,RNF112,CCDC70
ATP7B,NRG1,MGST3,NME3,RAET1E
ATP7B,ZBTB16,EIF2S2,CDC123,NFASC
ATP7B,ZBTB16,MTDH,CTCF,ADCY1
ATP7B,NRG1,EGFR,IFIT5
ATP7B,NRG1,ERBB2,CDH2
ATP7B,ATOX1,TAGLN2,CFL1,MYO1G
ATP7B,GOLGA1,PCNT,SYNGAP1
ATP7B,copper(1+),SOD1,RNF112,SLC35G1
ATP7B,copper(1+),SOD1,RNF112,NOX5
ATP7B,ZBTB16,MAP3K3,STUB1,C5AR1
ATP7B,ZBTB16,CEBPA,C1QBP,CRB1
ATP7B,copper(1+),SOD2,ENO3,SDHB
ATP7B,ZBTB16,MAP3K3,STUB1,PRKAR2B
ATP7B,ZBTB16,UBE2I,PCGF2,PLA2G4E
ATP7B,NRG1,MYO19,FLNB
ATP7B,GOLGA1,NAV1,NUP62CL,KCNJ10
ATP7B,GOLGA1,VAMP2,EXOC3,ATP4B
ATP7B,ZBTB16,MTDH,CTCF,MTNR1B
ATP7B,copper(1+),SOD2,ENO3,MSRA
ATP7B,ZBTB16,MTDH,CTCF,ZMAT3
ATP7B,ZBTB16,REL,EIF5A2,GP2
ATP7B,ZBTB16,GATA1,CEBPE
ATP7B,NRG1,EGFR,IFIT5
ATP7B,copper(1+),SOD2,ENO3,DENND4C
ATP7B,NRG1,POMT1,PCDHGB4
ATP7B,ZBTB16,SMAD3,PPARG,LILRB1
ATP7B,NRG1,HLA-DPB1,HLA-DPA1
ATP7B,ZBTB16,ESR1,STOM
ATP7B,ZBTB16,ESR1,STOM
ATP7B,ATOX1,ATP7A,OCLN,INPP5D
ATP7B,ZBTB16,GATA2,SSBP2,SLC34A3
ATP7B,copper(1+),SOD2,ENO3,FLT1
ATP7B,ZBTB16,ESR1,STOM
ATP7B,ZBTB16,HDAC4,RFXANK,SLC23A1
ATP7B,ZBTB16,RARA,MED1,REEP2
ATP7B,ZBTB16,HTT,HADHA,GAS7
ATP7B,ZBTB16,RARA,MED1,SPARC
ATP7B,ZBTB16,ESR1,STOM
ATP7B,ZBTB16,ESR1,STOM,APH1B
ATP7B,copper(1+),SOD1,RNF112,ITPR1
ATP7B,ZBTB16,HTT,HADHA,SLC16A9
ATP7B,copper(1+),SOD1,RNF112,UBR4
ATP7B,copper(1+),SOD1,RNF112,BAP1
ATP7B,copper(1+),SOD1,RNF112,TOM1
ATP7B,ZBTB16,HDAC6,H2BC13,CLCN7,MCOLN3
ATP7B,ZBTB16,TRAF1,TNFRSF13C,SLC14A1
ATP7B,NRG1,EGFR,IFIT5
ATP7B,ZBTB16,ESR1,STOM
ATP7B,copper(1+),SOD1,RNF112,DOCK2
ATP7B,ZBTB16,MAP3K3,STUB1,GNG3
ATP7B,ZBTB16,CDK4,EPHA2
ATP7B,ZBTB16,VTA1,CHMP1B
ATP7B,NRG1,MYO19,FLNB
ATP7B,CLU,IKBKB,PSG1
ATP7B,NRG1,EGFR,IFIT5
ATP7B,NRG1,LIMK1,MBP
ATP7B,ZBTB16,GATA1,CEBPE
ATP7B,copper(1+),SOD1,RNF112,KCND3
ATP7B,copper(1+),SOD1,RNF112,PDZD7
ATP7B,ZBTB16,CDK4,EPHA2
ATP7B,copper(1+),SOD1,RNF112,CHP1
ATP7B,ZBTB16,AR,MID1,SPAM1
ATP7B,CLU,TXNDC11,DUOX2
ATP7B,copper(1+),SOD2,ENO3
ATP7B,ZBTB16,MTDH,CTCF,NCS1
ATP7B,GLRX,GOT2
ATP7B,copper(1+),SOD1,RNF112,CHRNA9
ATP7B,ZBTB16,TRAF2,LRRN2,TECTA
ATP7B,NRG1,EGFR,IFIT5
ATP7B,ZBTB16,FHL3,ROR2,GHR
ATP7B,ZBTB16,MX1,TRPC7
ATP7B,ZBTB16,TXNIP,HRNR,PLXND1
ATP7B,ZBTB16,NR3C1,ZFX,SLC16A7
ATP7B,ZBTB16,MAP3K3,STUB1,TIE1
ATP7B,ZBTB16,RARA,MED1,PRSS8
ATP7B,ZBTB16,MX1,TRPC7
ATP7B,ZBTB16,HDAC4,RFXANK,TGM1
ATP7B,ZBTB16,CDK4,EPHA2
ATP7B,NRG1,EGFR,IFIT5
ATP7B,ATOX1,TAGLN2,CFL1,ANKS4B
ATP7B,CLU,DLG4,DRD1
ATP7B,GOLGA1,CEP192,PRRC2A
ATP7B,ZBTB16,HDAC4,RFXANK,SLC18A2
ATP7B,ZBTB16,NR3C1,ZFX,RAB22A
ATP7B,copper(1+),SOD1,RNF112,CEMIP
ATP7B,ZBTB16,AR,MID1,SLC29A1
ATP7B,ZBTB16,GATA1,CEBPE
ATP7B,ZBTB16,RARA,MED1,SERPINC1
ATP7B,ZBTB16,MTDH,CTCF,FCER1G
ATP7B,NRG1,HLA-DPB1,HLA-DPA1
ATP7B,CLU,DLG4,DRD1
ATP7B,copper(1+),SOD1,RNF112,SURF4
ATP7B,ZBTB16,MAP3K3,STUB1,SLC13A5
ATP7B,ZBTB16,CEBPA,C1QBP
ATP7B,NRG1,ERBB2,CDH2
ATP7B,copper(1+),SOD1,RNF112,LITAF
ATP7B,ZBTB16,HDAC4,RFXANK,ALPI
ATP7B,ZBTB16,HTT,HADHA,TSPAN2
ATP7B,ZBTB16,EZH2,FBXW11,JPT2
ATP7B,NRG1,RHOBTB3,RTN4R
ATP7B,ATOX1,ATP7A,OCLN,PRKCH
ATP7B,copper(1+),SOD1,RNF112,INSC
ATP7B,ZBTB16,CDK4,EPHA2
ATP7B,ZBTB16,SMAD3,PPARG,ANXA9
ATP7B,ZBTB16,SMAD3
ATP7B,copper(1+),SOD1,RNF112,B3GNT3
ATP7B,copper(1+),SOD1,RNF112,JMJD6
ATP7B,ZBTB16,NR3C1,ZFX,SERPINA12
ATP7B,ATOX1,TAGLN2,CFL1,SPIRE1
ATP7B,copper(1+),SOD1,RNF112,RGP1
ATP7B,ZBTB16,TRAF1,TNFRSF13C,TNFSF14
ATP7B,ZBTB16,GATA1,CEBPE
ATP7B,ZBTB16,HTT,HADHA,GPR35
ATP7B,ZBTB16,ESR1,STOM
ATP7B,ZBTB16,MAP3K3,STUB1,RGS17
ATP7B,ZBTB16,MTDH,CTCF,CNR2,GPR18
ATP7B,NRG1,EGFR,IFIT5
ATP7B,ZBTB16,RSAD2,TRAF6
ATP7B,NRG1,LGR4,ITM2A
ATP7B,ZBTB16,ESR1,STOM
ATP7B,ZBTB16,HDAC4,RFXANK,KCNJ11
ATP7B,ZBTB16,LRIG1,PDGFRA
ATP7B,ZBTB16,MAP3K3,STUB1,KCNK18
ATP7B,ZBTB16,TRIM27,TRIM9,PLPPR4
ATP7B,ZBTB16,LRIG1,PDGFRA,PLXNA3
ATP7B,ZBTB16,FHL3,ROR2
ATP7B,ZBTB16,MTDH,CTCF,IL15RA
ATP7B,ZBTB16,MTDH,CTCF,NCS1,ABHD6
ATP7B,ZBTB16,RARA,MED1,HCN2
ATP7B,ZBTB16,HDAC4,RFXANK,TM9SF2
ATP7B,ZBTB16,HDAC4,RFXANK,ITPRIP
ATP7B,copper(1+),SOD1,RNF112,GRIP2
ATP7B,ZBTB16,FHL5,ZBTB33,KCNMA1,KCNMB1
ATP7B,ZBTB16,TRAF1,TNFRSF13C,MUCL1
ATP7B,copper(1+),SOD2,ENO3,SLC9A7
ATP7B,copper(1+),SOD2,ENO3,RRP8
ATP7B,ZBTB16,NR3C1,ZFX,SLC5A1
ATP7B,ZBTB16,ESR1,STOM
ATP7B,ZBTB16,CEBPA,C1QBP
ATP7B,ATOX1,TAGLN2,CFL1,CSNK1G1
ATP7B,ZBTB16,CEBPA,C1QBP
ATP7B,ZBTB16,MTDH,CTCF,KHDRBS2,NPDC1
ATP7B,GOLGA1,GOLGB1,DNAJC5
ATP7B,copper(1+),SOD1,RNF112,FZD6
ATP7B,NRG1,EGFR,IFIT5
ATP7B,ZBTB16,SMAD3,PPARG,SNX18
ATP7B,ZBTB16,MAP3K3,STUB1,TRPM3
ATP7B,ATOX1,TAGLN2,CFL1,RASGRP1
ATP7B,copper(1+),SOD1,RNF112,VASN
ATP7B,ZBTB16,RAP2A,ANLN,PALM
ATP7B,CLU,DLG4,DRD1
ATP7B,ZBTB16,MTDH,CTCF,EXOC2
ATP7B,NRG1,LGR4,ITM2A
ATP7B,copper(1+),SOD1,RNF112,NKTR
ATP7B,ZBTB16,MTDH,CTCF,CLEC1B
ATP7B,ZBTB16,ESR1,STOM
ATP7B,ZBTB16,HDAC1,RBL2,MPP3
ATP7B,ZBTB16,SUMO1,SENP6,CD320
ATP7B,ZBTB16,MAP3K3,STUB1,GPR37,GPR17
ATP7B,ZBTB16,CEBPA,C1QBP,ACE2,SLC6A19
ATP7B,ZBTB16,SIN3A,NOTCH2,MYADM
ATP7B,ZBTB16,GATA1,CEBPE
ATP7B,ZBTB16,UBE2I,PCGF2,PON2,ASIC4
ATP7B,GOLGA1,ALMS1,DNM3
ATP7B,ZBTB16,MTDH,CTCF,CD3G
ATP7B,ATOX1,ATP7A,OCLN,ABCA3
ATP7B,ZBTB16,MTDH,CTCF,CRB2
ATP7B,NRG1,S100A4,WDFY3
ATP7B,ZBTB16,EZH2,FBXW11,CSF2RA
ATP7B,NRG1,ERBB2,CDH2
ATP7B,ZBTB16,ATP6AP2
ATP7B,ZBTB16,CDK4,EPHA2
ATP7B,NRG1,RHOBTB3,RTN4R
ATP7B,ZBTB16,FHL5,ZBTB33
ATP7B,ZBTB16,MTDH,CTCF,HLA-A
ATP7B,ZBTB16,MAP3K3,STUB1,RRAD
ATP7B,ZBTB16,MAP3K3,STUB1,CASR
ATP7B,copper(1+),SOD1,RNF112,RAP2B
ATP7B,NRG1,CD72
ATP7B,copper(1+),SOD2,ENO3
ATP7B,CLU,DLG4,DRD1
ATP7B,ZBTB16,FHL3,ROR2
ATP7B,ZBTB16,MTDH,CTCF,PI4KA,TTC7B
ATP7B,copper(1+),SOD2,ENO3
ATP7B,GOLGA1,VAMP2
ATP7B,NRG1,RHOBTB3,RTN4R
ATP7B,ZBTB16,SMAD3,PPARG,IL2RA
ATP7B,GOLGA1,VAMP4,STX8,STXBP5L
ATP7B,ZBTB16,MAP3K3,STUB1,LRRC8E
ATP7B,copper(1+),SOD1,RNF112,IL17RA
ATP7B,ZBTB16,HTT,HADHA,MARCHF1
ATP7B,ZBTB16,GATA1,CEBPE
ATP7B,ZBTB16,CDK1,CKS2,GPRC5D
ATP7B,ZBTB16,HTT,HADHA,SNUPN
ATP7B,GOLGA1,CEP192,PRRC2A
ATP7B,ZBTB16,ESR1,STOM
ATP7B,ZBTB16,NR3C1,ZFX,PSTPIP2
ATP7B,CLU,DLG4,DRD1
ATP7B,NRG1,HLA-DPB1,HLA-DPA1
ATP7B,ZBTB16,RSAD2,TRAF6,ZXDC,JTB
ATP7B,NRG1,EGFR,IFIT5
ATP7B,ZBTB16,NR3C1,ZFX,SLC16A13
ATP7B,copper(1+),SOD1,RNF112,PACSIN2
ATP7B,NRG1,TMTC3,NOP56,SLC22A5
ATP7B,ZBTB16,TRAF1,TNFRSF13C
ATP7B,ZBTB16,FHL5,ZBTB33
ATP7B,ZBTB16,ESR1,STOM
ATP7B,NRG1,TUBB3,FBXO25,IL12RB2
ATP7B,ZBTB16,ESR1,STOM
ATP7B,ZBTB16,MTDH,CTCF,HLA-DQB2
ATP7B,ZBTB16,MAP3K3,STUB1,GLP1R
ATP7B,ZBTB16,RARA,MED1,MYO16
ATP7B,GOLGA1,VAMP2,EXOC3,CKAP4
ATP7B,NRG1,EGFR,IFIT5
ATP7B,ZBTB16,HTT,HADHA,OR10H1
ATP7B,ZBTB16,GATA1,CEBPE
ATP7B,copper(1+),SOD1,RNF112,SH3GL2
ATP7B,ATOX1,ATP7A,OCLN
ATP7B,copper(1+),SOD1,RNF112,KIAA1549
ATP7B,ZBTB16,CBX5,ZNF292,ART3
ATP7B,ZBTB16,RARA,MED1,EXTL3
ATP7B,copper(1+),SOD1,RNF112,RAB4B
ATP7B,ZBTB16,VTA1,CHMP1B
ATP7B,ZBTB16,VTA1,CHMP1B
ATP7B,ATOX1,ATP7A,OCLN,CD22
ATP7B,ZBTB16,FHL3,ROR2
ATP7B,copper(1+),SOD1,RNF112,FERMT2
ATP7B,ZBTB16,RARA,MED1,ABHD17A
ATP7B,ZBTB16,ATP6AP2,ATP6V1A
ATP7B,ZBTB16,ESR1,STOM
ATP7B,copper(1+),SOD1,RNF112,RALGAPA2
ATP7B,ZBTB16,FHL5,ZBTB33,KCNMA1
ATP7B,copper(1+),SOD1,RNF112,EFHD2,OR2K2
ATP7B,ZBTB16,MAP3K3,STUB1,TRPV6
ATP7B,ZBTB16,TP53,RAD51,IL6ST,CNTFR
ATP7B,NRG1,EGFR,IFIT5
ATP7B,ZBTB16,MAP3K3,STUB1,TRPM8
ATP7B,copper(1+),SOD1,RNF112,WDR6
ATP7B,ATOX1,TAGLN2,CFL1,RANGRF
ATP7B,CLU,APP
ATP7B,ATOX1,TAGLN2,CFL1,KCMF1
ATP7B,ZBTB16,HDAC1,RBL2,COPRS
ATP7B,ZBTB16,ATP6AP2,ATP6V1A
ATP7B,CLU,IKBKB,PSG1
ATP7B,ZBTB16,MAP3K3,STUB1,SH3BGRL
ATP7B,ZBTB16,MX1,TRPC7
ATP7B,ZBTB16,GATA1,CEBPE
ATP7B,copper(1+),SOD1,RNF112,CD163
ATP7B,NRG1,MGST3,NME3,LYVE1
ATP7B,ZBTB16,NR3C1,ZFX,ELAPOR1
ATP7B,ZBTB16,ESR1,STOM
ATP7B,ZBTB16,EEF1A1,ECPAS,PCDHA5
ATP7B,ZBTB16,KRT40,KPNA2,MPP4
ATP7B,NRG1,ERBB2,CDH2
ATP7B,ZBTB16,CEBPA,C1QBP,TMC7
ATP7B,copper(1+),SOD1,RNF112,AMIGO2
ATP7B,ZBTB16,MAP3K3,STUB1,CASP4
ATP7B,copper(1+),SOD2,ENO3,SMAP1
ATP7B,ZBTB16,VTA1,CHMP1B
ATP7B,NRG1,RHOBTB3,RTN4R
ATP7B,copper(1+),SOD1,RNF112,CD69
ATP7B,copper(1+),SOD2,ENO3,ATXN3
ATP7B,NRG1,EGFR,IFIT5
ATP7B,ZBTB16,HTT,HADHA,KATNB1
ATP7B,ATOX1,TAGLN2,CFL1,DSC1
ATP7B,copper(1+),SOD1,RNF112,ADCY8
ATP7B,NRG1,MYO19,FLNB
ATP7B,ZBTB16,SMAD3,PPARG,NRP1
ATP7B,ZBTB16,TRAF1,TNFRSF13C
ATP7B,ZBTB16,MAP3K3,STUB1,SLC2A12
ATP7B,NRG1,ERBB2,CDH2
ATP7B,copper(1+),SOD1,RNF112,RHBDL2
ATP7B,copper(1+),SOD1,RNF112,SLAMF7
ATP7B,ZBTB16,MAP3K3,STUB1,CXCR1
ATP7B,NRG1,MYO19,FLNB
ATP7B,ZBTB16,HDAC1,RBL2,TIMD4
ATP7B,ZBTB16,SMAD3,PPARG,CD300A
ATP7B,NRG1,EGFR,IFIT5,KSR2
ATP7B,ZBTB16,FHL3,ROR2
ATP7B,CLU,DLG4,DRD1,GRIN3A
ATP7B,ZBTB16,FHL3,ROR2
ATP7B,NRG1,RHOBTB3,RTN4R,ADGRL3,TENM2
ATP7B,ZBTB16,GATA2,SSBP2,DCUN1D3
ATP7B,ZBTB16,RARA,MED1,WHRN
ATP7B,ZBTB16,SMAD3,PPARG,CSF2RB
ATP7B,copper(1+),SOD1,RNF112,CDH3
ATP7B,ZBTB16,REL,EIF5A2,STOML3
ATP7B,ZBTB16,HTT,HADHA,PRAM1
ATP7B,ZBTB16,MTDH,CTCF,YIPF3
ATP7B,ZBTB16,KLK4,KCNIP4
ATP7B,GOLGA1,AHNAK2
ATP7B,ZBTB16,ESR1,STOM
ATP7B,ZBTB16,MAP3K3,STUB1,HTR1D
ATP7B,copper(1+),SOD1,RNF112,SLC12A9
ATP7B,ZBTB16,FHL3,ROR2,ATP10B
ATP7B,ATOX1,ATP7A,OCLN,STK10
ATP7B,GOLGA1,TTC28,IFNLR1
ATP7B,NRG1,EGFR,IFIT5
ATP7B,ZBTB16,CDK1,CKS2,AKAP5
ATP7B,ZBTB16,SMAD3,PPARG,LAIR1
ATP7B,GOLGA1,UNK,SPCS1,RAB3C
ATP7B,ZBTB16,TP53,RAD51,SELL
ATP7B,ZBTB16,MAP3K3,STUB1,PDE4D
ATP7B,copper(1+),SOD1,RNF112,SOCS7
ATP7B,CLU,DLG4
ATP7B,ZBTB16,HTT,HADHA,SYT10
ATP7B,ATOX1,ATP7A,OCLN,TRPV4
ATP7B,ZBTB16,REL,EIF5A2,GRK4
ATP7B,NRG1,EGFR,IFIT5
ATP7B,ZBTB16,MAP3K3,STUB1,MYOF
ATP7B,NRG1,HLA-DPB1,HLA-DPA1
ATP7B,copper(1+),SOD2,ENO3,ENDOD1,ACKR2
ATP7B,copper(1+),SOD1,RNF112,GPR143
ATP7B,ZBTB16,CDK1,CKS2,DCST1
ATP7B,ZBTB16,MAP3K3,STUB1,GALR1
ATP7B,NRG1,S100A4,WDFY3
ATP7B,GOLGA1,VAMP2,EXOC3,SLC10A7
ATP7B,copper(1+),SOD1,RNF112,WDR13
ATP7B,ZBTB16,EEF1A1,ECPAS,TJP3
ATP7B,NRG1,EGFR,IFIT5
ATP7B,copper(1+),SOD1,RNF112,PHPT1
ATP7B,ZBTB16,HTT,HADHA,SGPP1
ATP7B,ZBTB16,HTT,HADHA,ARL14EP
ATP7B,ZBTB16,HDAC4,RFXANK,SLC16A10
ATP7B,ZBTB16,TP53,RAD51,SDC1
ATP7B,ZBTB16,FHL5,ZBTB33
ATP7B,ZBTB16,ATP6AP2,ATP6V1A
ATP7B,ZBTB16,MAP3K3,STUB1,PRMT9,P2RX1
ATP7B,ZBTB16,MAP3K3,STUB1,PPIP5K1
ATP7B,GOLGA1,GOLGB1,DNAJC5,SPPL3
ATP7B,ZBTB16,NME4,NDUFAB1,APLNR
ATP7B,copper(1+),SOD2,ENO3
ATP7B,GOLGA1,UNK,SPCS1,CNNM4
ATP7B,ZBTB16,CEBPA,C1QBP
ATP7B,ZBTB16,MAP3K3,STUB1,CCR3
ATP7B,copper(1+),SOD1,RNF112,MPDZ,OR1D2
ATP7B,CLU,IKBKB,PSG1,TNFRSF1B
ATP7B,ZBTB16,HDAC5,HNRNPR,PCDHA2
ATP7B,copper(1+),SOD2,ENO3,OSBPL6
ATP7B,ZBTB16,KLK4,KCNIP4,CP
ATP7B,copper(1+),SOD1,RNF112,VPS28
ATP7B,ZBTB16,MAP3K3,STUB1,GLP2R
ATP7B,ZBTB16,TRAF1,TNFRSF13C
ATP7B,copper(1+),SOD1,RNF112,TJP1,CLDN6
ATP7B,GOLGA1,VAMP4,STX8
ATP7B,ZBTB16,SMAD3,PPARG,CD5
ATP7B,ZBTB16,FHL5,ZBTB33,SIDT2
ATP7B,ATOX1,ATP7A,OCLN,SEZ6L2
ATP7B,copper(1+),SOD2,ENO3,ABCC6
ATP7B,ZBTB16,MTDH,CTCF,ABCB6
ATP7B,ZBTB16,MAP3K3,STUB1,F7
ATP7B,CLU,TXNDC11,DUOX2
ATP7B,ZBTB16,TP53,RAD51,GDPD5
ATP7B,NRG1,ERBB2,CDH2
ATP7B,copper(1+),SOD2,ENO3,GCSH,GLDC
ATP7B,ZBTB16,MAP3K3,STUB1,SVIP
ATP7B,NRG1,MYO19,FLNB
ATP7B,ZBTB16,MTDH,CTCF,SLC27A4
ATP7B,ZBTB16,TP53,RAD51,SLC30A2,SLC30A10
ATP7B,ZBTB16,GATA1,CEBPE
ATP7B,ZBTB16,CEBPA,C1QBP
ATP7B,ZBTB16,TRAF1,TNFRSF13C
ATP7B,ZBTB16,CDK4,EPHA2
ATP7B,ZBTB16,SMAD3,PPARG,PSG3
ATP7B,ZBTB16,MTDH,CTCF,MUC3A
ATP7B,ZBTB16,ESR1,STOM
ATP7B,ZBTB16,UBE2I,PCGF2,BCAM
ATP7B,ZBTB16,MTDH,CTCF,AP2S1
ATP7B,NRG1,NRAS,DHRS7,HJV
ATP7B,NRG1,ERBB2,CDH2
ATP7B,ZBTB16,TRAF1,TNFRSF13C
ATP7B,CLU,DLG4,DRD1
ATP7B,ZBTB16,FHL3,ROR2
ATP7B,NRG1,ERBB2,CDH2
ATP7B,copper(1+),SOD2,ENO3,IRAK4
ATP7B,copper(1+),SOD2,ENO3
ATP7B,CLU,DLG4,DRD1
ATP7B,copper(1+),SOD1,RNF112,TLR1
ATP7B,ZBTB16,UBE2I,PCGF2,PLA2G6
ATP7B,NRG1,EGFR,IFIT5
ATP7B,ZBTB16,LRIG1,PDGFRA,AMIGO1,PROM2
ATP7B,NRG1,NRAS,DHRS7,SPTBN5
ATP7B,ZBTB16,HDAC4,RFXANK,DOK7
ATP7B,ZBTB16,NR3C1,ZFX,CEACAM7
ATP7B,ZBTB16,SMAD3,PPARG,SERPINB3
ATP7B,ZBTB16,ESR1,STOM,PCDHGA5
ATP7B,copper(1+),SOD1,RNF112,KLK10,SERPINB10
ATP7B,ZBTB16,MAP3K3,STUB1,ADGRG3
ATP7B,GOLGA1,GOLGB1,DNAJC5
ATP7B,ATOX1,ATP7A,OCLN,PECAM1
ATP7B,CLU,APP,PPP1R2,GPR42
ATP7B,ZBTB16,HTT,HADHA,SLC20A2
ATP7B,ATOX1,ATP7A,OCLN,TULP3
ATP7B,ZBTB16,MAP3K3,STUB1,FLCN
ATP7B,copper(1+),SOD1,RNF112,KCNV2
ATP7B,ZBTB16,HDAC1,RBL2,RGS11
ATP7B,ZBTB16,LRIG1,PDGFRA,KLRC2
ATP7B,ZBTB16,MAP3K3,STUB1,PTH1R
ATP7B,ZBTB16,KRT40,KPNA2,ALX1,OR52L1
ATP7B,ZBTB16,RXRA,PPARGC1A,SLC9A6
ATP7B,ZBTB16,GATA2,SSBP2,LRCH4
ATP7B,copper(1+),SOD1,RNF112,EPHA6
ATP7B,NRG1,EGFR,IFIT5
ATP7B,NRG1,ERBB2,CDH2
ATP7B,ZBTB16,VTA1,CHMP1B
ATP7B,NRG1,HLA-DPB1,HLA-DPA1
ATP7B,ATOX1,TAGLN2,CFL1,RAB40AL
ATP7B,ZBTB16,TP53,RAD51,CPNE2
ATP7B,ZBTB16,SMAD3,PPARG,CLEC2B
ATP7B,ZBTB16,RARA,MED1,RAB39B
ATP7B,GOLGA1,GOLGB1,DNAJC5
ATP7B,NRG1,HLA-DPB1,HLA-DPA1
ATP7B,ZBTB16,EP300,H3C7,DSG3
ATP7B,copper(1+),SOD1,RNF112,ACVRL1
ATP7B,ZBTB16,CEBPA,C1QBP
ATP7B,NRG1,ASGR2
ATP7B,ZBTB16,ESR1,STOM
ATP7B,ZBTB16,ESR1,STOM
ATP7B,ZBTB16,FHL2,RAI2,TLR5
ATP7B,ZBTB16,TP53,RAD51,SYT5
ATP7B,ZBTB16,TP53,RAD51,FGFBP1
ATP7B,ZBTB16,SMAD3,PPARG,LMAN2
ATP7B,ZBTB16,GATA1,CEBPE
ATP7B,ZBTB16,TP53,RAD51,ABCC8
ATP7B,ZBTB16,GATA1,CEBPE
ATP7B,copper(1+),SOD2,ENO3,GRPR
ATP7B,ZBTB16,RSAD2,TRAF6
ATP7B,CLU,LRP1
ATP7B,NRG1,LIMK1,MBP
ATP7B,CLU,DLG4,DRD1,PSG4
ATP7B,ZBTB16,HDAC4,RFXANK,HSD17B8
ATP7B,copper(1+),SOD1,RNF112,TMX3
ATP7B,GOLGA1,TTC28,IFNLR1
ATP7B,NRG1,POMT1,PCDHGB4
ATP7B,NRG1,NRAS,DHRS7,CPNE5
ATP7B,ZBTB16,UBE2I,PCGF2,SLC17A1
ATP7B,copper(1+),SOD1,RNF112,INTU,WDPCP
ATP7B,GOLGA1,VAMP2,EXOC3,PDE2A
ATP7B,copper(1+),SOD1,RNF112,PTPRM
ATP7B,ZBTB16,ATP6AP2,ATP6V1A
ATP7B,ZBTB16,ESR1,STOM
ATP7B,NRG1,TUBB3,FBXO25,OR52W1
ATP7B,ZBTB16,HTT,HADHA,ALG10B
ATP7B,CLU,DLG4,DRD1
ATP7B,ZBTB16,CDK4,EPHA2
ATP7B,copper(1+),SOD1,RNF112,PTPRS,GPC2
ATP7B,ZBTB16,GATA1,CEBPE
ATP7B,NRG1,LIMK1,MBP
ATP7B,ZBTB16,RARA,MED1,ITGA7
ATP7B,copper(1+),SOD1,RNF112,GAA,LARGE1
ATP7B,NRG1,RHOBTB3,RTN4R
ATP7B,NRG1,ERBB2,CDH2,RXFP1,LRP12
ATP7B,ZBTB16,RARA,MED1,PANX1
ATP7B,ZBTB16,NR3C1,ZFX,CNGB1,CNGA1
ATP7B,ZBTB16,TRAF1,TNFRSF13C
ATP7B,ZBTB16,MAP3K3,STUB1,CACNA1D
ATP7B,NRG1,ERBB2,CDH2,ADAM30
ATP7B,GOLGA1,VAMP4,STX8
ATP7B,NRG1,ERBB2,CDH2
ATP7B,ZBTB16,MAP3K3,STUB1,NOD1
ATP7B,ZBTB16,CDK4,EPHA2
ATP7B,ZBTB16,TRAF1,TNFRSF13C
ATP7B,copper(1+),SOD1,RNF112,SLC12A1
ATP7B,ZBTB16,MAP3K3,STUB1,MYOT
ATP7B,ZBTB16,FHL3,ROR2,SLC6A5
ATP7B,GOLGA1,VAMP2,EXOC3,SLC26A9
ATP7B,ZBTB16,RARA,MED1,IL12A,EBI3
ATP7B,ZBTB16,RARA,MED1,HCN4
ATP7B,ZBTB16,NME4,NDUFAB1,ADAM11
ATP7B,GOLGA1,ARL1,DNAJB2,ARF1
ATP7B,CLU,IKBKB,PSG1
ATP7B,ZBTB16,MAP3K3,STUB1,SCN4A
ATP7B,ATOX1,ATP7A,OCLN,SLC22A4
ATP7B,ZBTB16,MTDH,CTCF,CPNE8
ATP7B,NRG1,EGFR,IFIT5
ATP7B,GOLGA1,PCNT,SYNGAP1
ATP7B,ZBTB16,FHL3,ROR2,CD6
ATP7B,ZBTB16,MAP3K3,STUB1,ACE
ATP7B,NRG1,EGFR,IFIT5
ATP7B,NRG1,EGFR,IFIT5
ATP7B,NRG1,HLA-DRB1,ATP2A3,MR1
ATP7B,copper(1+),SOD2,ENO3,PIP5K1C
ATP7B,ATOX1,ATP7A,OCLN,FCGR2A
ATP7B,copper(1+),SOD2,ENO3,COPE,SLC35A1
ATP7B,NRG1,MYO19,FLNB
ATP7B,CLU,DLG4,DRD1
ATP7B,ZBTB16,MAP3K3,STUB1,AVPR2
ATP7B,ZBTB16,FHL3,ROR2,CD226
ATP7B,ZBTB16,TP53,RAD51,TTLL5
ATP7B,ZBTB16,MAP3K3,STUB1,FPR1
ATP7B,ZBTB16,HTT,HADHA,MANSC4
ATP7B,copper(1+),SOD1,RNF112,B2M,KIR2DL3
ATP7B,ZBTB16,CDK1,CKS2,AKAP10
ATP7B,GOLGA1,VAMP4,STX8,SCNN1D
ATP7B,ZBTB16,ESR1,STOM,FAT3
ATP7B,ZBTB16,ESR1,STOM
ATP7B,ZBTB16,REL,EIF5A2,ADAP2
ATP7B,NRG1,EGFR,IFIT5
ATP7B,ZBTB16,RARA,MED1,DAG1
ATP7B,copper(1+),SOD1,RNF112,PLXNA2
ATP7B,ZBTB16,FHL3,ROR2
ATP7B,ZBTB16,MTDH,CTCF,MRPL42
ATP7B,ZBTB16,EZH2,FBXW11,KLRK1
ATP7B,copper(1+),SOD1,RNF112,CR2
ATP7B,NRG1,EGFR,IFIT5
ATP7B,ZBTB16,TRIM54,MGARP,SGCD
ATP7B,NRG1,EGFR,IFIT5,KCTD3
ATP7B,ZBTB16,CDK4,EPHA2
ATP7B,ZBTB16,CDK4,EPHA2
ATP7B,copper(1+),SOD1,RNF112,TRO
ATP7B,ZBTB16,ESR1,STOM
ATP7B,ZBTB16,GATA1,CEBPE
ATP7B,ZBTB16,MTDH,CTCF,TRPM6
ATP7B,GOLGA1,GOLGB1,DNAJC5
ATP7B,ZBTB16,CDK4,EPHA2
ATP7B,GOLGA1,GOLGB1,DNAJC5
ATP7B,ATOX1,TAGLN2,CFL1,ARID2
ATP7B,ZBTB16,HTT,HADHA,TRPM2
ATP7B,ZBTB16,NR3C1,ZFX,SLC1A3
ATP7B,copper(1+),SOD1,RNF112,HM13
ATP7B,ZBTB16,SMAD3,PPARG,PRLR
ATP7B,NRG1,MYO19,FLNB
ATP7B,ZBTB16,NR3C1,ZFX,TFPI
ATP7B,ZBTB16,SMAD3,PPARG,SLC27A2
ATP7B,NRG1,LGR4,ITM2A
ATP7B,ZBTB16,RARA,MED1,GABBR1
ATP7B,copper(1+),SOD1,RNF112,TAMALIN
ATP7B,ZBTB16,GATA1,CEBPE
ATP7B,ZBTB16,ESR1,STOM
ATP7B,ZBTB16,GATA1,CEBPE
ATP7B,ZBTB16,ESR1,STOM
ATP7B,ZBTB16,NR3C1,ZFX,ERAS
ATP7B,ZBTB16,ESR1,STOM
ATP7B,GOLGA1,ALMS1,DNM3
ATP7B,ZBTB16,MTDH,CTCF,MEGF10
ATP7B,copper(1+),SOD1,RNF112,LRP4
ATP7B,NRG1,RHOBTB3,RTN4R
ATP7B,GOLGA1,GOLGB1,DNAJC5
ATP7B,copper(1+),SOD2,ENO3,ZP4
ATP7B,ZBTB16,SMAD3,PPARG,SIGLEC11
ATP7B,ZBTB16,FHL3,ROR2
ATP7B,NRG1,EGFR,IFIT5
ATP7B,CLU,DLG4,DRD1
ATP7B,copper(1+),SOD1,RNF112,CYSTM1
ATP7B,ZBTB16,HDAC4,RFXANK,CSF1
ATP7B,copper(1+),SOD2,ENO3,OR1C1
ATP7B,ZBTB16,LRIG1,PDGFRA,CACNG8
ATP7B,ZBTB16,MTDH,CTCF,TAS1R2
ATP7B,copper(1+),SOD1,RNF112,GABRB3,GABRA6
ATP7B,ZBTB16,MAP3K3,STUB1,ZBTB42
ATP7B,ZBTB16,MAP3K3,STUB1,HOMER2
ATP7B,CLU,IKBKB,PSG1
ATP7B,GOLGA1,FAM107B,CALD1
ATP7B,GOLGA1,RAB6A
ATP7B,ZBTB16,MAP3K3,STUB1,RGS4
ATP7B,ZBTB16,FHL5,ZBTB33,PIP5K1B
ATP7B,copper(1+),SOD1,RNF112,ENPP4
ATP7B,NRG1,S100A4,WDFY3
ATP7B,copper(1+),SOD2,ENO3
ATP7B,ATOX1,TAGLN2,CFL1,LMF2,HTR3B
ATP7B,NRG1,EGFR,IFIT5
ATP7B,ZBTB16,TP53,RAD51,IL6ST
ATP7B,ZBTB16,REL,EIF5A2,ELAPOR2
ATP7B,ZBTB16,TRAF1,TNFRSF13C
ATP7B,copper(1+),SOD1,RNF112,PTCD3
ATP7B,copper(1+),SOD1,RNF112,F2RL3
ATP7B,ZBTB16,SMAD3,PPARG,SLC6A3
ATP7B,copper(1+),SOD1,RNF112,MICALL2
ATP7B,GOLGA1,PCNT,SYNGAP1
ATP7B,CLU,DLG4,DRD1
ATP7B,ZBTB16,EEF1A1,ECPAS,ACSL6
ATP7B,ZBTB16,SMAD3,PPARG,ABCG8
ATP7B,ZBTB16,ATP6AP2,ATP6V1A
ATP7B,ZBTB16,FHL5,ZBTB33
ATP7B,copper(1+),SOD1,RNF112,ARRDC3
ATP7B,ZBTB16,ESR1,STOM
ATP7B,copper(1+),SOD2,ENO3,CYTH3
ATP7B,NRG1,HLA-DRB1,ATP2A3,ABCA7
ATP7B,ZBTB16,RARA,MED1,DKK1,KREMEN1
ATP7B,ZBTB16,SMAD3,PPARG,LDLRAD3
ATP7B,ZBTB16,MAP3K3,STUB1,CALCRL,RAMP1
ATP7B,ZBTB16,RARA,MED1,DHRS3,OR10H2
ATP7B,ZBTB16,MAP3K3,STUB1,UNC13A
ATP7B,ZBTB16,HDAC1,RBL2,TGFBI
ATP7B,copper(1+),SOD1,RNF112,BAG4
ATP7B,ZBTB16,MAP3K3,STUB1,KCNJ5
ATP7B,NRG1,RHOBTB3,RTN4R
ATP7B,ZBTB16,RXRA,PPARGC1A,SULF2
ATP7B,ZBTB16,MAP3K3,STUB1,S100A2,DGKH
ATP7B,ZBTB16,CEBPA,C1QBP
ATP7B,ZBTB16,MTDH,CTCF,CD3E
ATP7B,copper(1+),SOD1,RNF112,CTSZ
ATP7B,copper(1+),SOD1,RNF112,PAFAH1B2
ATP7B,copper(1+),SOD1,RNF112,ARHGAP15
ATP7B,GOLGA1,UNK,SPCS1,TMEM50B
ATP7B,copper(1+),SOD1,RNF112,ADCY3
ATP7B,ZBTB16,SMAD3,PPARG,SLC44A2
ATP7B,ZBTB16,GATA1,CEBPE
ATP7B,ZBTB16,CDK1,CKS2,RAB25
ATP7B,ZBTB16,NR3C1,ZFX,TSPAN15
ATP7B,NRG1,HLA-DPB1,HLA-DPA1
ATP7B,ZBTB16,ESR1,STOM
ATP7B,NRG1,NRAS,DHRS7,PIGN
ATP7B,copper(1+),SOD1,RNF112,IRAK2
ATP7B,NRG1,RHOBTB3,RTN4R
ATP7B,ZBTB16,EP300,H3C7,NECTIN4
ATP7B,ZBTB16,SP1,PHC2,KCNE3
ATP7B,NRG1,ERBB2,CDH2
ATP7B,NRG1,MGST3,NME3,MICA
ATP7B,NRG1,S100A4,WDFY3
ATP7B,ZBTB16,ESR1,STOM
ATP7B,ZBTB16,HTT,HADHA,SNF8
ATP7B,ZBTB16,CEBPA,C1QBP,KCNG3
ATP7B,ZBTB16,MAP3K3,STUB1,CA9
ATP7B,ZBTB16,GATA1,CEBPE,TESC
ATP7B,ZBTB16,ESR1,STOM
ATP7B,ZBTB16,HTT,HADHA,GJA4
ATP7B,ZBTB16,ESR1,STOM
ATP7B,ZBTB16,MTDH,CTCF,TENT4B
ATP7B,ZBTB16,RARA,MED1,LAMP3
ATP7B,ZBTB16,MTDH,CTCF,BRPF1
ATP7B,ATOX1,TAGLN2,CFL1,PLP2
ATP7B,NRG1,RHOBTB3,RTN4R,ADGRL3
ATP7B,ZBTB16,MAP3K3,STUB1,RGS6
ATP7B,NRG1,MYO19,FLNB
ATP7B,GOLGA1,UNK,SPCS1,MMD
ATP7B,ATOX1,ATP7A,OCLN,ITGAV
ATP7B,ZBTB16,CDK4,EPHA2
ATP7B,ZBTB16,TRAF1,TNFRSF13C
ATP7B,NRG1,ERBB2,CDH2
ATP7B,ZBTB16,FHL5,ZBTB33,SLC25A31
ATP7B,copper(1+),SOD1,RNF112,NCF4
ATP7B,ZBTB16,MAP3K3,STUB1,RAP1GAP2
ATP7B,ZBTB16,MAP3K3,STUB1,AQP5
ATP7B,NRG1,S100A4,WDFY3
ATP7B,ZBTB16,MAP3K3,STUB1,NALCN
ATP7B,ZBTB16,SIN3A,NOTCH2
ATP7B,copper(1+),SOD2,ENO3
ATP7B,GOLGA1,KIFC3,CLIP4,KIRREL2
ATP7B,ZBTB16,MTDH,CTCF,SLC7A3
ATP7B,ZBTB16,PRKCE,SERPINB9,ITGAX
ATP7B,ZBTB16,MAP3K3,STUB1,HPN
ATP7B,copper(1+),SOD2,ENO3
ATP7B,CLU,IKBKB,PSG1
ATP7B,GOLGA1,VAMP4,STX8
ATP7B,ZBTB16,ESR1,STOM
ATP7B,NRG1,EGFR,IFIT5
ATP7B,GOLGA1,CEP192,PRRC2A
ATP7B,CLU,C9,C8B
ATP7B,ZBTB16,NR3C1,ZFX,TSPAN4
ATP7B,copper(1+),SOD1,RNF112,CD207
ATP7B,copper(1+),SOD2,ENO3,GPD1L
ATP7B,CLU,TXNDC11,DUOX2
ATP7B,copper(1+),SOD1,RNF112,CDC42EP4
ATP7B,copper(1+),SOD1,RNF112,OSMR
ATP7B,ZBTB16,RARA,MED1,FAM120A
ATP7B,copper(1+),SOD1,RNF112,FAM9B,SLC16A3
ATP7B,ZBTB16,CEBPA,C1QBP,SLC16A4
ATP7B,copper(1+),SOD1,RNF112,TDGF1
ATP7B,ZBTB16,HDAC1,RBL2,PLCD4
ATP7B,ZBTB16,HTT,HADHA,NAA38,NAA35
ATP7B,ZBTB16,HTT,HADHA,PTPRCAP
ATP7B,NRG1,ERBB2,CDH2
ATP7B,ZBTB16,FHL5,ZBTB33
ATP7B,ZBTB16,miR-146a,CXCR4
ATP7B,CLU,TMPO,PDE3B,OR2M7
ATP7B,ATOX1,TAGLN2,CFL1,SHTN1,OR4E2
ATP7B,GOLGA1,MAPRE1,PAFAH1B1,CRLF3
ATP7B,NRG1,EGFR,IFIT5
ATP7B,ZBTB16,RARA,MED1,DKK1
ATP7B,CLU,IKBKB,PSG1
ATP7B,ZBTB16,GATA1,CEBPE
ATP7B,ZBTB16,MTDH,CTCF,ENPP1
ATP7B,ZBTB16,MTDH,CTCF,MGAT5B,PLEKHM3
ATP7B,ZBTB16,GATA1,CEBPE,SERPINB2
ATP7B,ZBTB16,MAP3K3,STUB1,PICK1
ATP7B,ZBTB16,MAP3K3,STUB1,KCNQ3
ATP7B,copper(1+),SOD1,RNF112,SPNS2
ATP7B,ZBTB16,TP53,RAD51,ALPG
ATP7B,ZBTB16,MTDH,CTCF,SDE2
ATP7B,copper(1+),SOD1,RNF112,ARHGEF18
ATP7B,copper(1+),SOD1,RNF112,ADRM1
ATP7B,ZBTB16,GATA1,CEBPE,COL26A1
ATP7B,GOLGA1,VAMP4,STX8
ATP7B,ZBTB16,HDAC1,RBL2,MEP1A
ATP7B,ZBTB16,MAP3K3,STUB1,EFNB3
ATP7B,ZBTB16,FHL5,ZBTB33,CEACAM6
ATP7B,copper(1+),SOD2,ENO3,RAB15
ATP7B,ZBTB16,FHL5,ZBTB33
ATP7B,ZBTB16,RARA,MED1,POU2F3
ATP7B,ZBTB16,TRAF1,TNFRSF13C
ATP7B,ATOX1,ATP7A,OCLN,EPOR
ATP7B,copper(1+),SOD1,RNF112,ARHGEF11
ATP7B,NRG1,EGFR,IFIT5
ATP7B,ZBTB16,HTT,HADHA,SLC4A8
ATP7B,GOLGA1,PCNT,SYNGAP1
ATP7B,ZBTB16,MAP3K3,STUB1,CACNA1S
ATP7B,ZBTB16,MAP3K3,STUB1,PRKG1
ATP7B,ZBTB16,MAP3K3,STUB1,CACNA1H
ATP7B,ZBTB16,CEBPA,C1QBP
ATP7B,copper(1+),SOD1,RNF112,TRADD
ATP7B,ZBTB16,TP53,RAD51,LRRC52
ATP7B,copper(1+),SOD1,RNF112,FEZ1
ATP7B,ZBTB16,MAP3K3,STUB1,PHKA2
ATP7B,ZBTB16,SMAD3,PPARG,SIGLEC9
ATP7B,ZBTB16,MAP3K3,STUB1,FPR2
ATP7B,ZBTB16,MAP3K3,STUB1,ATP2B2
ATP7B,NRG1,ERBB2,CDH2
ATP7B,NRG1,LIMK1,MBP
ATP7B,copper(1+),SOD1,RNF112,BTN3A2
ATP7B,ZBTB16,RARA,MED1,CCDC25
ATP7B,copper(1+),SOD1,RNF112,ANKRD13D
ATP7B,GOLGA1,DICER1,DHX58,CDV3
ATP7B,ZBTB16,MAP3K3,STUB1,KCNC1
ATP7B,ZBTB16,MAP3K3,STUB1,RIC8A
ATP7B,ZBTB16,TRAF1,TNFRSF13C
ATP7B,ZBTB16,CDK1,CKS2,ORAI1
ATP7B,CLU,TMPO,PDE3B,KLRF1
ATP7B,ZBTB16,EEF1A1,ECPAS,PCDHGB3
ATP7B,copper(1+),SOD1,RNF112,BCR
ATP7B,ZBTB16,RARA,MED1,MMP14
ATP7B,NRG1,ERBB2,CDH2
ATP7B,ZBTB16,SMAD3,PPARG,CLCN5
ATP7B,ZBTB16,HTT,HADHA,SLC24A1
ATP7B,ZBTB16,MAP3K3,STUB1,NALCN,CHRM3
ATP7B,ZBTB16,FHL3,ROR2,EXOC8
ATP7B,copper(1+),SOD1,RNF112,DCXR
ATP7B,ZBTB16,RARA,MED1,KLB
ATP7B,copper(1+),SOD1,RNF112,PLEKHG5
ATP7B,GOLGA1,GOLGB1,DNAJC5,TMED1
ATP7B,ZBTB16,MTDH,CTCF,FCER1G,CD300C
ATP7B,ZBTB16,ESR1,STOM
ATP7B,ZBTB16,GATA1,CEBPE,FCER2
ATP7B,ZBTB16,SMAD3,PPARG,SLC39A4
ATP7B,copper(1+),SOD1,RNF112,GNAT1
ATP7B,ZBTB16,VTA1,CHMP1B
ATP7B,NRG1,LIMK1,MBP
ATP7B,copper(1+),SOD1,RNF112,SPRED2
ATP7B,copper(1+),SOD2,ENO3,STK16
ATP7B,ZBTB16,MAP3K3,STUB1,SCN2A
ATP7B,ZBTB16,GATA1,CEBPE
ATP7B,ZBTB16,GATA1,CEBPE
ATP7B,ZBTB16,MAP3K3,STUB1,GOLPH3
ATP7B,ZBTB16,CDK1,CKS2,PALM2AKAP2
ATP7B,ZBTB16,HTT,HADHA,CD247
ATP7B,NRG1,EGFR,IFIT5
ATP7B,copper(1+),SOD1,RNF112,TESMIN,OR4X2
ATP7B,CLU,DLG4,DRD1
ATP7B,ZBTB16,GATA2,SSBP2,CNNM2
ATP7B,GOLGA1,CEP192,PRRC2A
ATP7B,ZBTB16,TRIM27,TRIM9,CNNM3
ATP7B,ZBTB16,CEBPA,C1QBP
ATP7B,GOLGA1,VAMP4,STX8
ATP7B,NRG1,EGFR,IFIT5
ATP7B,ZBTB16,FHL3,ROR2,MUC7
ATP7B,ZBTB16,TRIM54,MGARP,AQP7
ATP7B,ZBTB16,FHL3,ROR2,IL17RC
ATP7B,ZBTB16,GATA1,CEBPE,ADGRL1
ATP7B,ZBTB16,NR3C1,ZFX,DPP4
ATP7B,CLU,DLG4,DRD1
ATP7B,ZBTB16,TP53,RAD51,OR51E2
ATP7B,ATOX1,TAGLN2,CFL1,CLASP2
ATP7B,ZBTB16,MAP3K3,STUB1,NUBPL
ATP7B,copper(1+),SOD1,RNF112,GABRB3
ATP7B,ZBTB16,RARA,MED1,CDH13
ATP7B,ZBTB16,AR,MID1,WNT5B
ATP7B,ZBTB16,MAP3K3,STUB1,VIPR1
ATP7B,NRG1,EGFR,IFIT5
ATP7B,ZBTB16,SIN3A,NOTCH2
ATP7B,NRG1,ERBB4,DLG2
ATP7B,ZBTB16,MAP3K3,STUB1,STRN3
ATP7B,copper(1+),SOD1,RNF112,B2M
ATP7B,copper(1+),SOD1,RNF112,RASGRP4
ATP7B,NRG1,EGFR,IFIT5
ATP7B,ZBTB16,KRT40,KPNA2,NPHS1,NPHS2
ATP7B,NRG1,ERBB2,CDH2
ATP7B,copper(1+),SOD2,ENO3,OSBPL1A
ATP7B,ZBTB16,HDAC4,RFXANK,CLDN20
ATP7B,GOLGA1,GAPVD1,EPS15L1
ATP7B,ZBTB16,ESR1,STOM
ATP7B,CLU,TMPO,PDE3B,GRAMD2A
ATP7B,ZBTB16,ATP6AP2,ATP6V1A
ATP7B,ZBTB16,COG6,COG3
ATP7B,copper(1+),SOD1,RNF112,TMPRSS13
ATP7B,ZBTB16,MAP3K3,STUB1,UNC13B,DOC2B
ATP7B,ZBTB16,COG6,COG3
ATP7B,ZBTB16,MAP3K3,STUB1,SSTR2
ATP7B,GOLGA1,GOLGB1,DNAJC5,SLC23A2
ATP7B,ATOX1,TAGLN2,CFL1,MARK1
ATP7B,copper(1+),SOD1,RNF112,LAPTM5
ATP7B,ZBTB16,MAP3K3,STUB1,RGS8
ATP7B,CLU,DLG4,DRD1
ATP7B,GOLGA1,GOLGB1,DNAJC5
ATP7B,copper(1+),SOD2,ENO3
ATP7B,ZBTB16,ESR1,STOM
ATP7B,ZBTB16,MAP3K3,STUB1,GNA11
ATP7B,copper(1+),SOD1,RNF112,DGKQ
ATP7B,ATOX1,TAGLN2,CFL1,COL17A1
ATP7B,NRG1,HLA-DPB1
ATP7B,copper(1+),SOD1,RNF112,B2M,KIR2DL3
ATP7B,ZBTB16,CDK4,EPHA2
ATP7B,CLU,DLG4,DRD1
ATP7B,ZBTB16,MTDH,CTCF,RAB31
ATP7B,ZBTB16,HDAC4,RFXANK,AQP8
ATP7B,ZBTB16,COG6,COG3
ATP7B,NRG1,EGFR,IFIT5
ATP7B,NRG1,S100A4,WDFY3
ATP7B,ZBTB16,EZH2,FBXW11,KLRK1,RAET1L
ATP7B,ZBTB16,CDK4,EPHA2,CLDN4
ATP7B,ZBTB16,SMAD3,PPARG,MYCBPAP
ATP7B,copper(1+),SOD1,RNF112,ATP10A
ATP7B,ZBTB16,GATA1,CEBPE
ATP7B,ZBTB16,ESR1,STOM
ATP7B,ZBTB16,HDAC4,RFXANK,PI4K2B
ATP7B,NRG1,ERBB2,CDH2
ATP7B,GOLGA1,GOLGB1,DNAJC5
ATP7B,ZBTB16,KRT40,KPNA2,SLC39A2
ATP7B,ZBTB16,GATA2,SSBP2,GSC2,BEST3
ATP7B,copper(1+),SOD1,RNF112,ERMAP
ATP7B,CLU,IKBKB,PSG1,ZAN
ATP7B,ZBTB16,FHL5,ZBTB33,RASGEF1B
ATP7B,ZBTB16,MAP3K3,STUB1,GNG13
ATP7B,NRG1,S100A4,WDFY3,SEPHS1
ATP7B,ZBTB16,ESR1,STOM
ATP7B,NRG1,MYO19,FLNB
ATP7B,copper(1+),SOD3,SGTA,DPP6
ATP7B,copper(1+),SOD1,RNF112,ADI1
ATP7B,NRG1,TMTC3,NOP56,TCN2
ATP7B,NRG1,HLA-DPB1,HLA-DPA1
ATP7B,copper(1+),SOD1,RNF112,CLIC1
ATP7B,NRG1,LIMK1,MBP,OXER1
ATP7B,CLU,IKBKB,PSG1
ATP7B,copper(1+),SOD1,RNF112,DIAPH1
ATP7B,ZBTB16,ESR1
ATP7B,ZBTB16,MAP3K3,STUB1,GNG10
ATP7B,copper(1+),SOD1,RNF112,PACSIN3
ATP7B,copper(1+),SOD2,ENO3
ATP7B,ZBTB16,HDAC1,RBL2,ABCC10
ATP7B,copper(1+),SOD1,RNF112,ARHGDIG
ATP7B,copper(1+),SOD1,RNF112,HCAR1
ATP7B,copper(1+),SOD1,RNF112,LRRC32
ATP7B,copper(1+),SOD1,RNF112,ANKRD39,LANCL2
ATP7B,ZBTB16,HDAC4,RFXANK,BLVRB
ATP7B,ZBTB16,LRIG1,PDGFRA,CNTNAP3
ATP7B,ZBTB16,ESR1,STOM
ATP7B,NRG1,S100A4,WDFY3
ATP7B,NRG1,NRAS,DHRS7,ROBO4
ATP7B,ZBTB16,MTDH,CTCF,SYMPK
ATP7B,ZBTB16,GATA1,CEBPE
ATP7B,ZBTB16,CDK1,CKS2,CSMD3
ATP7B,ZBTB16,MAP3K3,STUB1,PLIN4
ATP7B,NRG1,EGFR,IFIT5
ATP7B,CLU,C9
ATP7B,ZBTB16,NR3C1,ZFX,SLC39A14
ATP7B,ZBTB16,HTT,HADHA,SHH
ATP7B,ATOX1,ATP7A,OCLN,PAG1
ATP7B,GOLGA1,SSX2IP,DHX35,SNX15
ATP7B,ZBTB16,ESR1,STOM
ATP7B,ZBTB16,NR3C1,ZFX,LPAR4
ATP7B,copper(1+),SOD1,RNF112,LRRC8D
ATP7B,ZBTB16,MAP3K3,STUB1,CALCRL,RAMP1
ATP7B,ZBTB16,HDAC4,RFXANK,FRMPD2
ATP7B,ZBTB16,MAP3K3,STUB1,FRAS1
ATP7B,CLU,SCARB2
ATP7B,copper(1+),SOD1,RNF112,TRIM4
ATP7B,ZBTB16,HDAC1,RBL2,COL23A1
ATP7B,GOLGA1,PASK,SFRP4,PIGR
ATP7B,ZBTB16,EP300,H3C7,KLHL41
ATP7B,ATOX1,TAGLN2,CFL1,RGS1
ATP7B,GOLGA1,PCNT,SYNGAP1
ATP7B,ZBTB16,HDAC4,RFXANK,RAB18
ATP7B,ZBTB16,HDAC4,RFXANK,RILPL1
ATP7B,ZBTB16,GATA1,CEBPE
ATP7B,ZBTB16,GATA1,CEBPE,PAWR
ATP7B,copper(1+),SOD1,RNF112,CACNA1B
ATP7B,copper(1+),SOD2,ENO3,MCC
ATP7B,GOLGA1,VAMP2,EXOC3,SCAMP5
ATP7B,NRG1,EGFR,IFIT5
ATP7B,copper(1+),SOD1,RNF112,CACNA1A
ATP7B,GLRX,GOT2,2-oxoglutarate(2-),GRID1
ATP7B,NRG1,NRAS,DHRS7,SLC22A18
ATP7B,copper(1+),SOD1,RNF112,UTP20
ATP7B,NRG1,LIMK1,MBP
ATP7B,ZBTB16,MTDH,CTCF,PI4KA,TTC7B
ATP7B,copper(1+),SOD1,RNF112,PARD6B
ATP7B,copper(1+),SOD2,ENO3,STOML2
ATP7B,ZBTB16,RARA,MED1,NECTIN2
ATP7B,ZBTB16,RARA,MED1,DUSP15
ATP7B,copper(1+),SOD2,ENO3
ATP7B,copper(1+),SOD2,ENO3,ATP8B2
ATP7B,copper(1+),SOD1,RNF112,STXBP5
ATP7B,copper(1+),SOD2,ENO3,VMP1
ATP7B,ZBTB16,HTT,HADHA,KCNA10
ATP7B,copper(1+),SOD1,RNF112,RPL36A
ATP7B,ZBTB16,MAP3K3,STUB1,GHRHR
ATP7B,ZBTB16,SPOP,COP1,RAPSN
ATP7B,copper(1+),SOD3,SGTA,SHISA5,TVP23B,YIPF1
ATP7B,GOLGA1,PCNT,SYNGAP1
ATP7B,NRG1,ERBB4,DLG2
ATP7B,ZBTB16,MAP3K3,STUB1,HTR2B
ATP7B,ZBTB16,EP300,H3C7,PARP14
ATP7B,GOLGA1,MTUS1
ATP7B,ZBTB16,TRAF1,TNFRSF13C
ATP7B,ZBTB16,HTT,HADHA,TENM1
ATP7B,ZBTB16,MTDH,CTCF,ABI3,BAIAP2L2
ATP7B,ZBTB16,HTT,HADHA,DSCAML1
ATP7B,ZBTB16,MAP3K3,STUB1,CRTC1
ATP7B,ZBTB16,HTT,HADHA,GYPC
ATP7B,NRG1,S100A4,WDFY3
ATP7B,ZBTB16,UBE2I,PCGF2,NHERF4
ATP7B,ZBTB16,TRAF1,TNFRSF13C
ATP7B,NRG1,MYO19,FLNB,SLC16A8
ATP7B,GOLGA1,GOLGB1,DNAJC5
ATP7B,ZBTB16,ESR1,STOM
ATP7B,ZBTB16,ESR1,STOM
ATP7B,ZBTB16,MAP3K3,STUB1,MC1R
ATP7B,ZBTB16,MAP3K3,STUB1,P2RX6
ATP7B,ZBTB16,EEF1A1,ECPAS,PCDHB12
ATP7B,ATOX1,TAGLN2,CFL1,RYR2
ATP7B,CLU,DLG4,DRD1
ATP7B,copper(1+),SOD1,RNF112,PRSS12
ATP7B,ZBTB16,RARA,MED1,CDH7
ATP7B,ZBTB16,SPOP,COP1,SLC30A3
ATP7B,ZBTB16,KLK4,KCNIP4
ATP7B,NRG1,RHOBTB3,RTN4R,MICB
ATP7B,copper(1+),SOD1,RNF112,CD99
ATP7B,ZBTB16,RARA,MED1,CLDN2
ATP7B,NRG1,ERBB2,CDH2
ATP7B,copper(1+),SOD1,RNF112,PLS1
ATP7B,copper(1+),SOD1,RNF112,RNF114
ATP7B,ZBTB16,FHL5,ZBTB33
ATP7B,ZBTB16,MTDH,CTCF,SIRPB1
ATP7B,ZBTB16,TRAF2,LRRN2,OR6T1
ATP7B,copper(1+),SOD1,RNF112,DTNA
ATP7B,copper(1+),SOD1,RNF112,ABCB5
ATP7B,ZBTB16,SMAD3,PPARG,CD274,PDCD1,PDCD1LG2
ATP7B,copper(1+),SOD2,ENO3
ATP7B,ZBTB16,ESR1,STOM
ATP7B,ZBTB16,CDK4,EPHA2
ATP7B,ZBTB16,NR3C1,ZFX,COL25A1
ATP7B,ZBTB16,MTDH,CTCF,FCER1G,CD300C
ATP7B,GOLGA1,PCNT,SYNGAP1
ATP7B,ZBTB16,MTDH,CTCF,SORBS1
ATP7B,ZBTB16,MAP3K3,STUB1,KCNJ3
ATP7B,ZBTB16,MTDH,CTCF,HMOX2
ATP7B,ZBTB16,GATA1,CEBPE,CYBA
ATP7B,ZBTB16,SMAD3,PPARG,LY96
ATP7B,CLU,SCARB2,GUCA1B
ATP7B,CLU,DLG4,DRD1
ATP7B,ZBTB16,MAP3K3,STUB1,TNFRSF10A
ATP7B,ZBTB16,MTDH,CTCF,CHRNA5,LYPD1
ATP7B,copper(1+),SOD1,RNF112,LRP5
ATP7B,copper(1+),SOD1,RNF112,PLEKHA2
ATP7B,CLU,DLG4,DRD1
ATP7B,ZBTB16,CEBPA,C1QBP
ATP7B,NRG1,MYO19,FLNB
ATP7B,ZBTB16,NME4,NDUFAB1,TMC5
ATP7B,copper(1+),SOD2,ENO3,OSBPL2
ATP7B,copper(1+),SOD1,RNF112,PDS5A
ATP7B,ZBTB16,MAP3K3,STUB1,UNC13B
ATP7B,ZBTB16,MAP3K3,STUB1,ACVR1C
ATP7B,copper(1+),SOD1,RNF112,ZNRF2
ATP7B,NRG1,NRAS,DHRS7,SLC44A5
ATP7B,ZBTB16,MTDH,CTCF,HLA-B
ATP7B,ZBTB16,MTDH,CTCF,ARRDC4
ATP7B,copper(1+),SOD1,RNF112,RBSN
ATP7B,ZBTB16,ESR1,STOM
ATP7B,copper(1+),SOD1,RNF112,SNX20
ATP7B,ZBTB16,MTDH,CTCF,BOC,IHH
ATP7B,ATOX1,TAGLN2,CFL1,BLTP1
ATP7B,ZBTB16,HTT,HADHA,NRXN1
ATP7B,ZBTB16,FHL5,ZBTB33,CR1L
ATP7B,ZBTB16,FHL5,ZBTB33
ATP7B,ATOX1,ATP7A,OCLN,CD36
ATP7B,ZBTB16,CDK4,EPHA2
ATP7B,copper(1+),SOD1,RNF112,ADIPOR1,SLC22A16
ATP7B,NRG1,ERBB4,DLG2,SNTG2
ATP7B,ZBTB16,ESR1,STOM
ATP7B,ZBTB16,SMAD3,PPARG,PI4K2A
ATP7B,ZBTB16,MTDH,CTCF,PI4KA
ATP7B,NRG1,EGFR,IFIT5
ATP7B,ZBTB16,HDAC4,RFXANK,EFNA1
ATP7B,ZBTB16,FHL5,ZBTB33,GUCY2F
ATP7B,ZBTB16,GATA1,CEBPE
ATP7B,copper(1+),SOD1,RNF112,GPSM3
ATP7B,NRG1,ERBB2,CDH2
ATP7B,copper(1+),SOD1,RNF112,CPNE7
ATP7B,copper(1+),SOD1,RNF112,PIP5KL1
ATP7B,GOLGA1,CEP192,PRRC2A
ATP7B,ZBTB16,CEBPA,C1QBP,CLDN12
ATP7B,CLU,DLG4,DRD1
ATP7B,NRG1,LIMK1,MBP
ATP7B,ZBTB16,CEBPA,C1QBP
ATP7B,GOLGA1,TTC28,IFNLR1
ATP7B,GOLGA1,VAMP4,STX8
ATP7B,ZBTB16,EP300,H3C7,SLC26A4
ATP7B,ATOX1,TAGLN2,CFL1,KANK1
ATP7B,ZBTB16,MAP3K3,STUB1,GPR139
ATP7B,ZBTB16,GATA1,CEBPE,SLC9A5
ATP7B,ZBTB16,MAP3K3,STUB1,CNR1
ATP7B,ZBTB16,HTT,HADHA,RTKN2
ATP7B,copper(1+),SOD1,RNF112,CD44
ATP7B,ZBTB16,MAP3K3,STUB1,LTA
ATP7B,NRG1,ERBB2,CDH2
ATP7B,ZBTB16,TRIM54,MGARP,CACNA2D2
ATP7B,CLU,SCARB2,GUCA1B
ATP7B,ZBTB16,MAP3K3,STUB1,ARL6
ATP7B,ZBTB16,MTDH,CTCF,PI4KA,TTC7B
ATP7B,ZBTB16,MAP3K3,STUB1,ADGRE5
ATP7B,NRG1,EGFR,IFIT5
ATP7B,GOLGA1,VAMP2,EXOC3,ANO8
ATP7B,ZBTB16,RARA,MED1,ICOS
ATP7B,ZBTB16,CEBPA,C1QBP,CATSPERG
ATP7B,GOLGA1,CEP192,PRRC2A
ATP7B,ZBTB16,ESR1,STOM,PCDHGA9
ATP7B,copper(1+),SOD1,RNF112,TLR3
ATP7B,ZBTB16,TRIM27,TRIM9,LRRC45
ATP7B,ZBTB16,GATA1,CEBPE
ATP7B,copper(1+),SOD1,RNF112,PLAAT3
ATP7B,GOLGA1,CEP192,PRRC2A
ATP7B,ZBTB16,ESR1,STOM
ATP7B,ZBTB16,MAP3K3,STUB1,HTR6
ATP7B,ZBTB16,LRIG1,PDGFRA,WNT5A
ATP7B,NRG1,EGFR,IFIT5
ATP7B,ZBTB16,NME4,NDUFAB1,COL4A5,SLC10A4
ATP7B,CLU,DLG4,DRD1
ATP7B,ZBTB16,FHL5,ZBTB33,LIM2
ATP7B,NRG1,ERBB2,CDH2
ATP7B,ZBTB16,MAP3K3,STUB1,RGS9
ATP7B,CLU,DLG4,DRD1
ATP7B,copper(1+),SOD1,RNF112,ENPP6
ATP7B,ZBTB16,HDAC1,RBL2,COL13A1
ATP7B,GOLGA1,VAMP4,STX8
ATP7B,NRG1,ERBB2,CDH2
ATP7B,ZBTB16,TP53,RAD51,GRIN3B
ATP7B,ZBTB16,HDAC1,RBL2,HAS1
ATP7B,ZBTB16,ESR1,STOM
ATP7B,NRG1,S100A4,WDFY3
ATP7B,NRG1,ERBB2,CDH2,IL2RG
ATP7B,ZBTB16,MAP3K3,STUB1,ADGRD1
ATP7B,ZBTB16,LRIG1,PDGFRA
ATP7B,NRG1,ERBB2,CDH2
ATP7B,ZBTB16,HTT,HADHA,IL3RA
ATP7B,ZBTB16,ESR1,STOM
ATP7B,ZBTB16,ESR1,STOM
ATP7B,ZBTB16,MAP3K3,STUB1,GNG5
ATP7B,copper(1+),SOD2,ENO3
ATP7B,ZBTB16,ATP6AP2,ATP6V1A
ATP7B,copper(1+),SOD1,RNF112,SWAP70
ATP7B,ZBTB16,RARA,MED1,AGTR1
ATP7B,copper(1+),SOD1,RNF112,TJP1,CLDN6
ATP7B,ZBTB16,MTDH,CTCF,EFNA4
ATP7B,ZBTB16,UBE2I,PCGF2,NLRP6
ATP7B,copper(1+),SOD1,RNF112,IMP4
ATP7B,ZBTB16,RSAD2,TRAF6,ITGAM
ATP7B,ATOX1,TAGLN2,CFL1,PKP1
ATP7B,copper(1+),SOD2,ENO3
ATP7B,copper(1+),SOD1,RNF112,SLC4A1
ATP7B,NRG1,EGFR,IFIT5
ATP7B,ZBTB16,FHL3,ROR2
ATP7B,copper(1+),SOD1,RNF112,TJP1
ATP7B,copper(1+),SOD1,RNF112,ITPR2
ATP7B,ZBTB16,CDK4,EPHA2
ATP7B,ATOX1,TAGLN2,CFL1,STXBP2
ATP7B,NRG1,EGFR,IFIT5,PAQR6
ATP7B,CLU,TMPO,PDE3B,KNTC1
ATP7B,copper(1+),SOD1,RNF112,EPN3
ATP7B,copper(1+),SOD1,RNF112,CAP1
ATP7B,copper(1+),SOD1,RNF112,SLC15A1
ATP7B,NRG1,EGFR,IFIT5
ATP7B,ZBTB16,ESR1,STOM
ATP7B,CLU,IKBKB,PSG1
ATP7B,GOLGA1,PCNT,SYNGAP1
ATP7B,copper(1+),SOD1,RNF112,ADRA2A
ATP7B,ZBTB16,MTDH,CTCF,PTGIR
ATP7B,copper(1+),SOD1,RNF112,CYB5R1,PCDHA11
ATP7B,ZBTB16,RSAD2,TRAF6,IL1RL1
ATP7B,GOLGA1,PASK,SFRP4,CELSR1
ATP7B,ZBTB16,MAP3K3,STUB1,GAREM1
ATP7B,ZBTB16,ESR1,STOM
ATP7B,ZBTB16,RARA,MED1,NTNG2
ATP7B,ZBTB16,RARA,MED1,CD8A
ATP7B,ZBTB16,MAP3K3,STUB1,MEP1B
ATP7B,ZBTB16,SIN3A,NOTCH2
ATP7B,ZBTB16,EIF2S2,CDC123,LRRC3
ATP7B,NRG1,LGR4,ITM2A
ATP7B,ZBTB16,FHL3,ROR2
ATP7B,CLU,TTR,CTNND2
ATP7B,copper(1+),SOD2,ENO3,NBEA
ATP7B,ZBTB16,MAP3K3,STUB1,ADGRA2
ATP7B,CLU,TMPO,PDE3B,ADAM2
ATP7B,ZBTB16,MAP3K3,STUB1,S1PR5
ATP7B,NRG1,RHOBTB3,RTN4R,OMG
ATP7B,GOLGA1,VAMP4,STX8
ATP7B,ATOX1,ATP7A,OCLN,EFNB1
ATP7B,NRG1,ERBB2,CDH2
ATP7B,ZBTB16,MAP3K3,STUB1,IGSF8
ATP7B,CLU,IKBKB,PSG1
ATP7B,copper(1+),SOD1,RNF112,MPDZ,OR1D2
ATP7B,ZBTB16,HDAC4,RFXANK,PDE4A
ATP7B,copper(1+),SOD1,RNF112,AAK1
ATP7B,copper(1+),SOD1,RNF112,IFITM3
ATP7B,ZBTB16,RARA,MED1,GABRA3
ATP7B,ZBTB16,TP53,RAD51,FGF10
ATP7B,NRG1,S100A4,WDFY3
ATP7B,NRG1,EGFR,IFIT5
ATP7B,NRG1,ERBB2,CDH2
ATP7B,ZBTB16,NR3C1,ZFX,CACNB1
ATP7B,ZBTB16,FHL3,ROR2
ATP7B,ZBTB16,ESR1,STOM
ATP7B,copper(1+),SOD1,RNF112,UTRN
ATP7B,ZBTB16,SMAD3,PPARG,SLAMF6
ATP7B,ZBTB16,GATA1,CEBPE
ATP7B,ZBTB16,SMAD3,PPARG,SLC7A7
ATP7B,copper(1+),SOD1,RNF112,ARFGAP2
ATP7B,copper(1+),SOD1,RNF112,TRPA1
ATP7B,copper(1+),SOD1,RNF112,KLK10,SERPINB10
ATP7B,copper(1+),SOD1,RNF112,GABRB1
ATP7B,copper(1+),SOD1,RNF112,ADRA2B
ATP7B,ZBTB16,GATA1,CEBPE
ATP7B,copper(1+),SOD1,RNF112,CNKSR1
ATP7B,GOLGA1,GOLGB1,DNAJC5
ATP7B,ATOX1,ATP7A,OCLN,TMEM30B
ATP7B,ZBTB16,LRIG1,PDGFRA,KLRC2,GALNT13,TREM1
ATP7B,copper(1+),SOD2,ENO3,PSD,GLRA2
ATP7B,ZBTB16,RARA,MED1,CDH6
ATP7B,ZBTB16,RARA,MED1,SLC2A10
ATP7B,copper(1+),SOD2,ENO3
ATP7B,ZBTB16,GATA1,CEBPE,ANK1
ATP7B,copper(1+),SOD1,RNF112,NCAM2
ATP7B,ZBTB16,GATA1,CEBPE
ATP7B,copper(1+),SOD1,RNF112,UNC80,NALF1
ATP7B,copper(1+),SOD2,ENO3,SUCLG2
ATP7B,ZBTB16,MAP3K3,STUB1,HTR1E
ATP7B,ZBTB16,ESR1,STOM
ATP7B,ATOX1,ATP7A,OCLN,IL1R1
ATP7B,copper(1+),SOD1,RNF112,ANKRD13B
ATP7B,NRG1,ERBB2
ATP7B,NRG1,EGFR,IFIT5
ATP7B,CLU,TTR,CTNND2
ATP7B,ZBTB16,ESR1,STOM
ATP7B,NRG1,NRAS,DHRS7,SLC9A3R2,OR52B2
ATP7B,ZBTB16,MX1,TRPC7
ATP7B,CLU,TTR,CTNND2
ATP7B,ATOX1,TAGLN2,CFL1,PSTPIP1
ATP7B,ZBTB16,MAP3K3,STUB1,GCGR
ATP7B,ATOX1,TAGLN2,CFL1,MPHOSPH8
ATP7B,copper(1+),SOD1,RNF112,CERS2,SLC22A1
ATP7B,ZBTB16,MX1,TRPC7
ATP7B,NRG1,ERBB2,CDH2
ATP7B,ZBTB16,HTT,HADHA,NRXN1,SYT13
ATP7B,NRG1,ERBB2,CDH2
ATP7B,CLU,SCARB2,GUCA1B
ATP7B,CLU,DLG4,DRD1
ATP7B,ZBTB16,GATA1,CEBPE
ATP7B,ZBTB16,ESR1,STOM
ATP7B,ZBTB16,HDAC4,RFXANK,NDUFC2
ATP7B,ZBTB16,RARA,MED1,F2RL2
ATP7B,ZBTB16,COG6,COG3
ATP7B,ZBTB16,HTT,HADHA,PRRT2
ATP7B,ZBTB16,RARA,MED1,PTPRA
ATP7B,ZBTB16,FHL3,ROR2,CYSLTR2
ATP7B,copper(1+),SOD1,RNF112,PHF7
ATP7B,CLU,DLG4,DRD1
ATP7B,ZBTB16,CEBPA,C1QBP
ATP7B,copper(1+),SOD1,RNF112,PPIL2
ATP7B,NRG1,LGR4,ITM2A,CHRNA4
ATP7B,ZBTB16,SMAD3,PPARG,GRM3
ATP7B,ZBTB16,PRKCE,SERPINB9,CNST
ATP7B,ZBTB16,HTT,HADHA,INPP5B
ATP7B,copper(1+),SOD1,RNF112,SLC3A2
ATP7B,ZBTB16,AR,MID1,CD84
ATP7B,ATOX1,ATP7A,OCLN,ITGA4
ATP7B,GOLGA1,ALMS1,DNM3
ATP7B,ZBTB16,CDK4,EPHA2
ATP7B,ZBTB16,CEBPA,C1QBP,SIRPG
ATP7B,ZBTB16,GATA1,CEBPE,CD68
ATP7B,GOLGA1,GAPVD1,EPS15L1
ATP7B,ZBTB16,TRAF1,TNFRSF13C
ATP7B,ZBTB16,HTT,HADHA,C4BPB
ATP7B,ZBTB16,ERG,PIM,CHRNA1
ATP7B,ZBTB16,HTT,HADHA,WNK2
ATP7B,ZBTB16,MTDH,CTCF,SEMA7A
ATP7B,ZBTB16,SMAD3,PPARG,C1QTNF5
ATP7B,copper(1+),SOD1,RNF112,ARHGEF1
ATP7B,NRG1,NRAS
ATP7B,ZBTB16,EP300,H3C7,SLC27A6
ATP7B,copper(1+),SOD2,ENO3,PCSK9
ATP7B,ZBTB16,HDAC4,RFXANK,PLCH2
ATP7B,ZBTB16,MAP3K3,STUB1,SORBS2
ATP7B,NRG1,EGFR,IFIT5,CBLB
ATP7B,ZBTB16,NR3C1,ZFX,CD28
ATP7B,ZBTB16,HTT,HADHA,ABCA6
ATP7B,ZBTB16,ESR1,STOM
ATP7B,copper(1+),SOD1,RNF112,ITGB8
ATP7B,copper(1+),SOD1,RNF112,FXYD1
ATP7B,NRG1,LIMK1,MBP
ATP7B,ZBTB16,MAP3K3,STUB1,IGF2R
ATP7B,ATOX1,TAGLN2,CFL1,MAEA
ATP7B,ZBTB16,SMAD3,PPARG,PLPP2
ATP7B,ZBTB16,MAP3K3,STUB1,RAB40A
ATP7B,ZBTB16,ESR1,STOM
ATP7B,ZBTB16,SMAD3,PPARG,DGKD
ATP7B,copper(1+),SOD1,RNF112,SDK1
ATP7B,copper(1+),SOD1,RNF112,CYB5R1
ATP7B,copper(1+),SOD2,ENO3,OPRM1
ATP7B,ZBTB16,RARA,MED1,ITGAD
ATP7B,ZBTB16,ESR1,STOM
ATP7B,ZBTB16,MAP3K3,STUB1,HIF3A
ATP7B,ZBTB16,GATA1,CEBPE
ATP7B,ZBTB16,MAP3K3,STUB1,RAB35
ATP7B,ZBTB16,ESR1,STOM
ATP7B,NRG1,NRAS,DHRS7,ADAM18
ATP7B,copper(1+),SOD2,ENO3,RAB8B
ATP7B,ZBTB16,EZH2,FBXW11,FCHSD2
ATP7B,ATOX1,ATP7A,OCLN,SDK2
ATP7B,ZBTB16,CDK4,EPHA2
ATP7B,ZBTB16,MAP3K3,STUB1,GALR2
ATP7B,ZBTB16,HTT,HADHA,ENPP7
ATP7B,GLRX,GOT2,2-oxoglutarate(2-),GRIK3
ATP7B,ATOX1,ATP7A,OCLN,DDR2
ATP7B,copper(1+),SOD2,ENO3,RALA
ATP7B,ZBTB16,HDAC4,RFXANK,RIT2
ATP7B,ZBTB16,FHL5,ZBTB33,TCHP
ATP7B,ZBTB16,ATP6AP2,ATP6V1A
ATP7B,NRG1,EGFR,IFIT5
ATP7B,GOLGA1,UNK,SPCS1,ATP8A1
ATP7B,ZBTB16,SIN3A,NOTCH2
ATP7B,ZBTB16,MTDH,CTCF,OAS3
ATP7B,ZBTB16,ESR1,STOM
ATP7B,copper(1+),SOD1,RNF112,CCDC120,CYTH4
ATP7B,ZBTB16,SMAD3,PPARG,BMP2,RGMA
ATP7B,ZBTB16,ESR1,STOM
ATP7B,ZBTB16,MTDH,CTCF,PPAN-P2RY11
ATP7B,NRG1,LGR4,ITM2A
ATP7B,NRG1,EGFR,IFIT5
ATP7B,ZBTB16,EZH2,FBXW11,STRA6
ATP7B,NRG1,ASGR2,ALG10,DPEP1
ATP7B,ZBTB16,HTT,HADHA,ENTPD6
ATP7B,ZBTB16,RARA,MED1,VAMP7
ATP7B,copper(1+),SOD1,RNF112,RASGRF2
ATP7B,NRG1,EGFR,IFIT5
ATP7B,ATOX1,TAGLN2,CFL1,CALML3,ADH1C
ATP7B,ZBTB16,FHL3,ROR2,NOTCH2NLC,KCNS2
ATP7B,ZBTB16,RARA,MED1,CDH18
ATP7B,CLU,TTR,CTNND2
ATP7B,ZBTB16,MAP3K3,STUB1,CACNA1E
ATP7B,ZBTB16,SMAD3,PPARG,CPEB3
ATP7B,ZBTB16,FHL5,ZBTB33,TLR8
ATP7B,ZBTB16,FHL5,ZBTB33,EPB42
ATP7B,ZBTB16,NR3C1,ZFX,HAS3
ATP7B,NRG1,LIMK1,MBP,LSP1
ATP7B,ZBTB16,FHL3,ROR2,CD226,MBLAC2
ATP7B,copper(1+),SOD1,RNF112,ADCY3,CNGA3
ATP7B,ZBTB16,GATA1,CEBPE
ATP7B,NRG1,EGFR,IFIT5,KCNN3
ATP7B,GOLGA1,TTC28,IFNLR1
ATP7B,ZBTB16,RARA,MED1,HLA-F,KIR3DL2
ATP7B,ZBTB16,GATA1,CEBPE
ATP7B,copper(1+),SOD1,RNF112,DIP2A
ATP7B,ZBTB16,HTT
ATP7B,ZBTB16,RXRA,PPARGC1A,PCDHAC2
ATP7B,ZBTB16,ESR1,STOM,CHRNE
ATP7B,ZBTB16,GATA1,CEBPE
ATP7B,CLU,NUCB2
ATP7B,ZBTB16,TP53,RAD51,CHRDL1
ATP7B,copper(1+),SOD1,RNF112,LYPLA1
ATP7B,copper(1+),SOD1,RNF112,KANSL2
ATP7B,ZBTB16,MTDH,CTCF,PNN
ATP7B,NRG1,LGR4,ITM2A
ATP7B,copper(1+),SOD1,RNF112,DOCK1
ATP7B,ZBTB16,COG6,COG3,SLC9C1
ATP7B,ZBTB16,MAP3K3,STUB1,TACR1
ATP7B,GOLGA1,VAMP4,STX8
ATP7B,ZBTB16,HDAC4,RFXANK,CCNYL1
ATP7B,ZBTB16,HDAC1,RBL2,HNF4G,HAS2
ATP7B,CLU,IKBKB,PSG1
ATP7B,ZBTB16,SUMO1
ATP7B,CLU,IKBKB,PSG1
ATP7B,copper(1+),SOD3,SGTA,SDC4
ATP7B,ZBTB16,HDAC4,RFXANK,GABRA1
ATP7B,NRG1,ERBB2,CDH2
ATP7B,ZBTB16,FHL3,ROR2,TSHZ3
ATP7B,ZBTB16,RARA,MED1,PIP4K2B
ATP7B,ZBTB16,MTDH,CTCF,SHROOM2
ATP7B,ZBTB16,NR3C1,ZFX,TSPAN12
ATP7B,ZBTB16,SPOP,COP1,NDRG4
ATP7B,GOLGA1,CEP192,PRRC2A
ATP7B,ZBTB16,TRIM27,TRIM9,GNAL
ATP7B,NRG1,EGFR,IFIT5
ATP7B,ATOX1,ATP7A,OCLN,ISLR2
ATP7B,NRG1,S100A4,WDFY3
ATP7B,ZBTB16,MTDH,CTCF,MASP1,CR1
ATP7B,ZBTB16,TRAF1,TNFRSF13C
ATP7B,ZBTB16,KRT40,KPNA2,SLC15A2
ATP7B,ZBTB16,HDAC4,RFXANK,SLITRK6
ATP7B,ZBTB16,CEBPA,C1QBP,ATP8B1
ATP7B,copper(1+),SOD1,RNF112,ARVCF
ATP7B,ZBTB16,MAP3K3,STUB1,CALCRL
ATP7B,ZBTB16,TRAF1,TNFRSF13C,CD70
ATP7B,ZBTB16,ESR1,STOM
ATP7B,NRG1,ERBB4,DLG2
ATP7B,ZBTB16,NR3C1,ZFX,MVB12B
ATP7B,ZBTB16,SMAD3,PPARG,APH1A
ATP7B,ZBTB16,SMAD3,PPARG,ANXA13
ATP7B,ZBTB16,GATA1,CEBPE
ATP7B,ZBTB16,FHL5,ZBTB33,RHBDL1
ATP7B,NRG1,ERBB4
ATP7B,ZBTB16,FHL3,ROR2
ATP7B,NRG1,EGFR,IFIT5
ATP7B,GOLGA1,GAPVD1,EPS15L1
ATP7B,ZBTB16,RARA,MED1,SYTL4
ATP7B,copper(1+),SOD2,ENO3
ATP7B,ZBTB16,SIN3A,NOTCH2
ATP7B,GOLGA1,TTC28,IFNLR1
ATP7B,ZBTB16,MAP3K3,STUB1,BDKRB1
ATP7B,ZBTB16,GATA1,CEBPE,FEM1C,OR51B2
ATP7B,ZBTB16,RARA,MED1,FCN1
ATP7B,ATOX1,ATP7A,OCLN,ARHGEF5
ATP7B,copper(1+),SOD2,ENO3,OSBP
ATP7B,GOLGA1,VAMP2,EXOC3,DGAT1
ATP7B,NRG1,HLA-DPB1,HLA-DPA1
ATP7B,ZBTB16,MAP3K3,STUB1,KCNH1
ATP7B,ZBTB16,ESR1,STOM
ATP7B,ZBTB16,HTT,HADHA,PPFIBP1
ATP7B,GOLGA1,GOLGB1,DNAJC5
ATP7B,ZBTB16,FHL3,ROR2
ATP7B,ZBTB16,GATA1,CEBPE
ATP7B,CLU,DLG4,DRD1
ATP7B,GOLGA1,PCNT,SYNGAP1
ATP7B,ZBTB16,TRIM27,TRIM9,OLFM4
ATP7B,ZBTB16,RARA,MED1,CEACAM1
ATP7B,ATOX1,TAGLN2,CFL1,ICAM3
ATP7B,GOLGA1,UNK,SPCS1,CACNA2D1
ATP7B,NRG1,ERBB3,DUSP29,ULBP1
ATP7B,copper(1+),SOD3,SGTA,CLN3
ATP7B,ZBTB16,MAP3K3,STUB1,PKD2L1,PKD1L3
ATP7B,copper(1+),SOD1,RNF112,EFHD2,OR2K2
ATP7B,ZBTB16,CDK1,CKS2,ATP23
ATP7B,CLU,C9,C8B
ATP7B,copper(1+),SOD1,RNF112,SEMA4G
ATP7B,ZBTB16,MTDH,CTCF,REPS1
ATP7B,NRG1,S100A4,WDFY3
ATP7B,ZBTB16,HTT,HADHA,DENND3,RAB12
ATP7B,copper(1+),SOD2,ENO3,PRICKLE3
ATP7B,copper(1+),SOD1,RNF112,DOCK5
ATP7B,copper(1+),SOD2,ENO3,ITGB5
ATP7B,ZBTB16,MAP3K3,STUB1,STAB2
ATP7B,ZBTB16,SMAD3,PPARG,LAPTM4B
ATP7B,ZBTB16,ESR1,STOM
ATP7B,copper(1+),SOD1,RNF112,PRCP
ATP7B,ZBTB16,ESR1,STOM
ATP7B,ZBTB16,CDK4,EPHA2
ATP7B,copper(1+),SOD1,RNF112,CAV2
ATP7B,ZBTB16,FHL5,ZBTB33,NEXN
ATP7B,GOLGA1,ALMS1,DNM3
ATP7B,ZBTB16,MAP3K3,STUB1,SCTR
ATP7B,copper(1+),SOD1,RNF112,KCNV1
ATP7B,NRG1,EGFR,IFIT5
ATP7B,ZBTB16,MAP3K3,STUB1,SFRP1
ATP7B,ZBTB16,CDK4,EPHA2
ATP7B,copper(1+),SOD1,RNF112,DFFA
ATP7B,GOLGA1,GOLGB1,DNAJC5
ATP7B,ZBTB16,CEBPA,C1QBP
ATP7B,NRG1,EGFR,IFIT5
ATP7B,ZBTB16,AR,MID1,SLC7A10
ATP7B,ZBTB16,TRAF1,TNFRSF13C,CLEC4G
ATP7B,copper(1+),SOD1,RNF112,KCNN4
ATP7B,ZBTB16,MAP3K3,STUB1,NMUR1
ATP7B,ZBTB16,GATA2,SSBP2,BTN2A2
ATP7B,ZBTB16,MAP3K3,STUB1,ADGRF1
ATP7B,ZBTB16,RARA,MED1,HMOX1,CYBRD1
ATP7B,ZBTB16,MAP3K3,STUB1,PHKA1
ATP7B,ZBTB16,MTDH,CTCF,GDE1
ATP7B,CLU,HYOU1,PGAP1,P2RX5
ATP7B,NRG1,EGFR,IFIT5
ATP7B,NRG1,ERBB2,CDH2
ATP7B,ZBTB16,MAP3K3,STUB1,ABTB1
ATP7B,GOLGA1,PCNT,SYNGAP1
ATP7B,ATOX1,ATP7A,OCLN,RGS19,CATSPER1,CACNA1I
ATP7B,NRG1,MGST3,NME3,CD200R1,CD200
ATP7B,ZBTB16,HDAC4,RFXANK,DGKE
ATP7B,ZBTB16,HTT,HADHA,GRAMD1C
ATP7B,ZBTB16,NR3C1,ZFX,S100A13
ATP7B,NRG1,EGFR,IFIT5,SLC39A6
ATP7B,ZBTB16,MAP3K3,STUB1,NPY4R2
ATP7B,ZBTB16,MAP3K3,STUB1,CAMK1G
ATP7B,NRG1,LGR4,ITM2A
ATP7B,ZBTB16,RARA,MED1,PDE9A
ATP7B,ZBTB16,NR3C1,ZFX,ITGA6
ATP7B,copper(1+),SOD2,ENO3,CDIPT
ATP7B,ZBTB16,NR3C1,ZFX,TSPAN14
ATP7B,NRG1,LGR4,ITM2A
ATP7B,ZBTB16,CDK4,EPHA2
ATP7B,ZBTB16,RXRA,PPARGC1A,PAQR9
ATP7B,GOLGA1,PCNT,SYNGAP1
ATP7B,GOLGA1,ALMS1,DNM3
ATP7B,ZBTB16,MAP3K3,STUB1,ADORA2A,ADORA2B
ATP7B,ZBTB16,HDAC1,RBL2,KCNAB3
ATP7B,CLU,IKBKB,PSG1
ATP7B,ZBTB16,CDK1,CKS2,ORAI3
ATP7B,ZBTB16,CEBPA,C1QBP
ATP7B,ZBTB16,CEBPA,C1QBP,SLC8A3
ATP7B,ZBTB16,TRAF1,TNFRSF13C
ATP7B,ZBTB16,SMAD3,PPARG,CSPG4
ATP7B,ATOX1,ATP7A,OCLN,ITGA2
ATP7B,GOLGA1,UNK,SPCS1,ITGA9
ATP7B,copper(1+),SOD1,RNF112,COLQ
ATP7B,ZBTB16,MAP3K3,STUB1,RGS7
ATP7B,ZBTB16,ESR1,STOM
ATP7B,ZBTB16,GATA1,CEBPE
ATP7B,GOLGA1,GOLGB1,DNAJC5,SLC17A8
ATP7B,ZBTB16,FHL3,ROR2
ATP7B,ZBTB16,MAP3K3,STUB1,KCNG1
ATP7B,ZBTB16,GATA1,CEBPE,APBB1IP
ATP7B,ZBTB16,REL,EIF5A2,SLC12A5
ATP7B,NRG1,NRAS,DHRS7,SSTR5
ATP7B,GOLGA1,UNK,SPCS1,PAQR8
ATP7B,ZBTB16,CEBPA,C1QBP
ATP7B,ZBTB16,ESR1,STOM
ATP7B,NRG1,EGFR,IFIT5
ATP7B,ZBTB16,RARA,MED1,HLA-G
ATP7B,NRG1,ERBB3,DUSP29,PIK3R5
ATP7B,ZBTB16,TRAF1,TNFRSF13C,TNFSF18
ATP7B,ZBTB16,RARA,MED1,CDH12
ATP7B,NRG1,S100A4,WDFY3
ATP7B,NRG1,EGFR,IFIT5
ATP7B,copper(1+),SOD2,ENO3,TBC1D24
ATP7B,ZBTB16,MAP3K3,STUB1,CACNB2
ATP7B,copper(1+),SOD1,RNF112,PCDHGB2
ATP7B,ZBTB16,NR3C1,ZFX,EDNRB
ATP7B,NRG1,ERBB2,CDH2
ATP7B,copper(1+),SOD1,RNF112,MRC1
ATP7B,copper(1+),SOD1,RNF112,ARHGAP45
ATP7B,ZBTB16,MX1,TRPC7
ATP7B,ZBTB16,FHL3,ROR2
ATP7B,ZBTB16,TRAF1,TNFRSF13C
ATP7B,ZBTB16,KRT40,KPNA2,PALM3
ATP7B,ZBTB16,HDAC4,RFXANK,ADCY5
ATP7B,ZBTB16,GATA1,CEBPE
ATP7B,ZBTB16,SMAD3,PPARG,FLAD1
ATP7B,ZBTB16,CDK4,EPHA2
ATP7B,ZBTB16,MTDH,CTCF,RERG
ATP7B,ZBTB16,MAP3K3,STUB1,NPY1R
ATP7B,ZBTB16,ESR1,STOM
ATP7B,GOLGA1,MAPRE1,PAFAH1B1,FRMD7
ATP7B,ATOX1,ATP7A,OCLN,LGR5
ATP7B,ZBTB16,MTDH,CTCF,SERPINB12
ATP7B,ZBTB16,EZH2,FBXW11,NPPA,NPR3
ATP7B,ZBTB16,TP53,RAD51,PTGER4
ATP7B,ZBTB16,SMAD3,PPARG,ZDHHC22
ATP7B,ZBTB16,MAP3K3,STUB1,S1PR3
ATP7B,ZBTB16,ESR1,STOM
ATP7B,copper(1+),SOD1,RNF112,ARHGAP35
ATP7B,copper(1+),SOD1,RNF112,MADD
ATP7B,ZBTB16,SMAD3,PPARG,ABCG1
ATP7B,copper(1+),SOD1,RNF112,USP6
ATP7B,GOLGA1,VAMP4,STX8
ATP7B,copper(1+),SOD2,ENO3,ITSN1
ATP7B,ZBTB16,SMAD3,PPARG,GLG1
ATP7B,GOLGA1,ALMS1,DNM3
ATP7B,CLU,IKBKB,PSG1
ATP7B,ZBTB16,AR
ATP7B,copper(1+),SOD1,RNF112,CACNA1C
ATP7B,ZBTB16,ESR1,STOM
ATP7B,ZBTB16,HTT,HADHA,JAM3
ATP7B,copper(1+),SOD1,RNF112,PRSS21,OR14J1
ATP7B,ZBTB16,RAP2A,ANLN,NRXN2
ATP7B,CLU,DLG4,DRD1
ATP7B,ZBTB16,CDK4,EPHA2
ATP7B,NRG1,ERBB2,CDH2,SKAP1
ATP7B,NRG1,ERBB2,CDH2
ATP7B,ZBTB16,MAP3K3,STUB1,SLC31A1
ATP7B,CLU,TXNDC11,DUOX2
ATP7B,ZBTB16,FHL5,ZBTB33,ADAM15
ATP7B,CLU,IKBKB,PSG1
ATP7B,NRG1,LGR4,ITM2A,LRP10
ATP7B,NRG1,MGST3,NME3,CD200R1
ATP7B,ZBTB16,CEBPA,C1QBP,SLC16A6
ATP7B,NRG1,ERBB2,CDH2
ATP7B,GOLGA1,UNK,SPCS1,ATP8B4
ATP7B,ZBTB16,SMAD3,PPARG,TGFBR3
ATP7B,ZBTB16,CEBPA,C1QBP,RTN4RL1
ATP7B,ZBTB16,TRAF1,TNFRSF13C
ATP7B,ZBTB16,RARA,MED1,KL
ATP7B,ZBTB16,ESR1,STOM
ATP7B,ZBTB16,MAP3K3,STUB1,RGS20
ATP7B,ZBTB16,SUMO1,SENP6,C2CD5
ATP7B,ZBTB16,CDK4,EPHA2
ATP7B,copper(1+),SOD1,RNF112,SLC4A2
ATP7B,copper(1+),SOD1,RNF112,CPNE3
ATP7B,copper(1+),SOD1,RNF112,GPR162
ATP7B,NRG1,EGFR,IFIT5
ATP7B,CLU,DLG4,DRD1
ATP7B,GOLGA1,CEP192,PRRC2A
ATP7B,copper(1+),SOD1,RNF112,NCF2
ATP7B,ZBTB16,HDAC4,RFXANK,GPR161
ATP7B,NRG1,EGFR,IFIT5
ATP7B,ZBTB16,SMAD3,PPARG,CD300LF
ATP7B,ZBTB16,UBE2I,PCGF2,CHMP7
ATP7B,CLU,LRP1B
ATP7B,ATOX1,TAGLN2,CFL1,ACSL5
ATP7B,ZBTB16,RARA,MED1,PCDHGA7
ATP7B,copper(1+),SOD1,RNF112,OR2T10
ATP7B,CLU,IKBKB,PSG1
ATP7B,copper(1+),SOD1,RNF112,DOCK4
ATP7B,GOLGA1,CEP192,PRRC2A
ATP7B,ZBTB16,TRAF1,TNFRSF13C
ATP7B,NRG1,ERBB2,CDH2,BTNL8
ATP7B,NRG1,ERBB2,CDH2
ATP7B,ZBTB16,TP53,RAD51,SLC30A2
ATP7B,ZBTB16,SMAD3,PPARG,PLEKHH2
ATP7B,GOLGA1,ALMS1,DNM3
ATP7B,ZBTB16,CDK1,CKS2,PSG6
ATP7B,ZBTB16,HTT,HADHA,TLCD3A
ATP7B,ZBTB16,MTDH,CTCF,MUC5AC
ATP7B,copper(1+),SOD1,RNF112,KREMEN2
ATP7B,ZBTB16,AR,MID1,NTN4
ATP7B,ZBTB16,RSAD2,TRAF6,TIRAP
ATP7B,ZBTB16,RARA,MED1,GOLGA7B
ATP7B,ZBTB16,HDAC4,RFXANK,GPRC5C
ATP7B,CLU,DLG4,DRD1,TMPRSS12
ATP7B,ZBTB16,SMAD3,PPARG,CLEC4A
ATP7B,ZBTB16,VTA1,CHMP1B
ATP7B,copper(1+),SOD1,RNF112,PACSIN3,ADAM9
ATP7B,CLU,IKBKB,PSG1
ATP7B,ZBTB16,MTDH,CTCF,FCER1G,CD300C
ATP7B,copper(1+),SOD2,ENO3
ATP7B,ZBTB16,ESR1,STOM
ATP7B,copper(1+),SOD1,RNF112,SLC22A8
ATP7B,copper(1+),SOD3,SGTA,SYT4
ATP7B,ZBTB16,MTDH,CTCF,FGF13
ATP7B,ZBTB16,MAP3K3,STUB1,CXCR2
ATP7B,NRG1,MYO19,FLNB
ATP7B,ZBTB16,ESR1,STOM
ATP7B,copper(1+),SOD1,RNF112,SLC12A6
ATP7B,ZBTB16,HDAC4,RFXANK,GABRA1,GABRG3
ATP7B,copper(1+),SOD1,RNF112,CD47
ATP7B,copper(1+),SOD2,ENO3
ATP7B,ZBTB16,miR-146a,CXCR4,CXCL12,CCR10
ATP7B,ZBTB16,NCOR1,PPP1CB,ZNF804A
ATP7B,ZBTB16,ATP6AP2,ATP6V1A
ATP7B,ZBTB16,CEBPA,C1QBP,ITGB1BP1
ATP7B,ZBTB16,TRIM27,TRIM9,LIMS2
ATP7B,ZBTB16,ATP6AP2,ATP6V1A
ATP7B,ZBTB16,GATA1,CEBPE
ATP7B,ZBTB16,CYP27B1,TAF7,GNA15
ATP7B,GOLGA1,UNK,SPCS1,TNFSF13B
ATP7B,CLU,DLG4,DRD1,SLC1A4
ATP7B,CLU,DLG4,DRD1
ATP7B,ZBTB16,miR-146a,CXCR4,ADRA1D
ATP7B,ZBTB16,KLK4,KCNIP4
ATP7B,ZBTB16,HDAC4,RFXANK,ACP3
ATP7B,NRG1,EGFR,IFIT5,FZD10
ATP7B,copper(1+),SOD1,RNF112,CA12
ATP7B,ZBTB16,FHL5,ZBTB33,GPR152
ATP7B,copper(1+),SOD1,RNF112,ARHGAP17
ATP7B,ZBTB16,MAP3K3,STUB1,ENTHD1
ATP7B,copper(1+),SOD1,RNF112,ATP2B3
ATP7B,copper(1+),SOD1,RNF112,COQ8B
ATP7B,ZBTB16,ESR1,STOM
ATP7B,ZBTB16,PRKCE,SERPINB9,GJC1
ATP7B,CLU,DLG4,DRD1
ATP7B,CLU,DLG4,DRD1
ATP7B,copper(1+),SOD1,RNF112,SIGLEC12
ATP7B,ZBTB16,MTDH,CTCF,XPO6
ATP7B,ZBTB16,UBE2I,PCGF2,CLCN3
ATP7B,NRG1,ERBB4,DLG2
ATP7B,ZBTB16,MTDH,CTCF,CGAS
ATP7B,NRG1,NRAS,DHRS7,PRPH2,ROM1
ATP7B,ZBTB16,MX1,TRPC7
ATP7B,ZBTB16,TRAF1,TNFRSF13C
ATP7B,ZBTB16,TP53,RAD51,DRD4
ATP7B,ZBTB16,NR3C1,ZFX,VPS37B
ATP7B,ZBTB16,CEBPA,C1QBP,SYT7
ATP7B,NRG1,EGFR,IFIT5
ATP7B,NRG1,RHOBTB3,RTN4R
ATP7B,NRG1,ERBB2,CDH2
ATP7B,ZBTB16,MAP3K3,STUB1,PSG11
ATP7B,copper(1+),SOD1,RNF112,SIPA1L3
ATP7B,ZBTB16,LRIG1,PDGFRA,NID2
ATP7B,GOLGA1,MAPRE1,PAFAH1B1,BTNL9
ATP7B,ZBTB16,CEBPA,C1QBP
ATP7B,copper(1+),SOD1,RNF112,CDHR5,CDHR2
ATP7B,ZBTB16,MAP3K3,STUB1,CX3CR1
ATP7B,ZBTB16,ESR1,STOM
ATP7B,ZBTB16,CDK4,EPHA2
ATP7B,copper(1+),SOD1,RNF112,DYNC1LI1
ATP7B,ZBTB16,ESR1,STOM
ATP7B,ZBTB16,ESR1,STOM,TMBIM6
ATP7B,copper(1+),SOD1,RNF112,SIGLEC10
ATP7B,NRG1,ERBB3,DUSP29,AGTRAP
ATP7B,ZBTB16,CEBPA,C1QBP
ATP7B,ZBTB16,MAP3K3,STUB1,CLIP3
ATP7B,copper(1+),SOD1,RNF112,TMEM179B
ATP7B,GOLGA1,PCNT,SYNGAP1
ATP7B,GOLGA1,ALMS1,DNM3
ATP7B,GOLGA1,PASK,SFRP4,SPINT1
ATP7B,ZBTB16,HDAC2,USP17L2,CD59
ATP7B,ATOX1,ATP7A,OCLN
ATP7B,ZBTB16,UBE2I,PCGF2,GNAT3
ATP7B,copper(1+),SOD1,RNF112,UNC80,NALF1
ATP7B,GOLGA1,GOLGB1,DNAJC5,SPPL2B
ATP7B,copper(1+),SOD1,RNF112,PCP2
ATP7B,ZBTB16,MAP3K3,STUB1,GPR37
ATP7B,ZBTB16,GATA1,CEBPE
ATP7B,ZBTB16,MAP3K3,STUB1,HEPHL1
ATP7B,ZBTB16,GATA1,CEBPE
ATP7B,ATOX1,ATP7A,OCLN,TMPRSS11B
ATP7B,copper(1+),SOD2,ENO3
ATP7B,ZBTB16,ESR1,STOM
ATP7B,ATOX1,ATP7A,OCLN,CD79A
ATP7B,copper(1+),SOD1,RNF112,KCNQ1
ATP7B,ZBTB16,GATA1,CEBPE
ATP7B,ATOX1,ATP7A,OCLN,RGS19
ATP7B,ZBTB16,ESR1,STOM
ATP7B,ZBTB16,HDAC1,RBL2,FOLH1
ATP7B,copper(1+),SOD1,RNF112,FLRT2,UNC5D
ATP7B,copper(1+),SOD1,RNF112,SLPI,CALN1
ATP7B,ZBTB16,MTDH,CTCF,RAB24
ATP7B,ATOX1,ATP7A,OCLN,CGN
ATP7B,copper(1+),SOD1,RNF112,ARHGEF28
ATP7B,ZBTB16,TP53,RAD51,TMPRSS11A
ATP7B,copper(1+),SOD2,ENO3,CYTH2
ATP7B,ZBTB16,ESR1,STOM
ATP7B,ZBTB16,HDAC4,RFXANK,TULP1
ATP7B,NRG1,LGR4,ITM2A
ATP7B,NRG1,EGFR,IFIT5
ATP7B,copper(1+),SOD1,RNF112,CYP2C9
ATP7B,ZBTB16,MTDH,CTCF,NUBP2,GGT7
ATP7B,copper(1+),SOD1,RNF112,KLK10,SERPINB10
ATP7B,ZBTB16,UBE2I,PCGF2,SLC39A12
ATP7B,copper(1+),SOD2,ENO3,ATP9A
ATP7B,ZBTB16,TRAF1,TNFRSF13C
ATP7B,ZBTB16,MAP3K3,STUB1,NPSR1
ATP7B,ZBTB16,HTT,HADHA,SYT3
ATP7B,ZBTB16,SMAD3,PPARG,SLC20A1
ATP7B,CLU,PDIA3,TKFC,GBP1
ATP7B,ZBTB16,LRIG1,PDGFRA,GFRAL
ATP7B,copper(1+),SOD2,ENO3,GLO1
ATP7B,ZBTB16,CDK4,EPHA2
ATP7B,ZBTB16,GATA1,CEBPE,CDH19
ATP7B,copper(1+),SOD1,RNF112,SLC36A1
ATP7B,ZBTB16,MAP3K3,STUB1,PKD2L1
ATP7B,ZBTB16,MAP3K3,STUB1,RASGRF1
ATP7B,ZBTB16,FHL5,ZBTB33
ATP7B,ZBTB16,RARA,MED1,CD63
ATP7B,ZBTB16,TRAF1,TNFRSF13C
ATP7B,ZBTB16,FHL5,ZBTB33
ATP7B,ZBTB16,MAP3K3,STUB1,PPP1R16A
ATP7B,ZBTB16,TRAF1,TNFRSF13C
ATP7B,ZBTB16,LRIG1,PDGFRA
ATP7B,copper(1+),SOD1,RNF112,AQP9
ATP7B,copper(1+),SOD3,SGTA,SYT11
ATP7B,copper(1+),SOD1,RNF112,MUC13
ATP7B,ZBTB16,KRT40,KPNA2,RAB28
ATP7B,NRG1,ERBB2,CDH2
ATP7B,ZBTB16,MTDH,CTCF,Cullin 1-RBX1-Skp1,IL22RA1
ATP7B,ZBTB16,AR,MID1,SCN2B
ATP7B,NRG1,NRAS,DHRS7,CXCR3
ATP7B,GOLGA1,PASK,SFRP4,CELSR2
ATP7B,copper(1+),SOD1,RNF112,NOSTRIN
ATP7B,ZBTB16,SIN3A,NOTCH2
ATP7B,ATOX1,ATP7A,OCLN,CD79B
ATP7B,ZBTB16,TRAF1,TNFRSF13C
ATP7B,copper(1+),SOD2,ENO3,ARHGAP10
ATP7B,ZBTB16,SIN3A,NOTCH2
ATP7B,ZBTB16,HTT,HADHA,IFITM1
ATP7B,copper(1+),SOD2,ENO3,CAPNS1
ATP7B,GLRX,GOT2,2-oxoglutarate(2-),GRM4
ATP7B,ZBTB16,MAP3K3,STUB1,REM1
ATP7B,ZBTB16,ATP6AP2,ATP6V1A
ATP7B,NRG1,TMTC3,NOP56,CLPTM1
ATP7B,copper(1+),SOD1,RNF112,CLIC4
ATP7B,GOLGA1,PCNT,SYNGAP1
ATP7B,ZBTB16,VTA1,CHMP1B
ATP7B,ZBTB16,ESR1,STOM
ATP7B,NRG1,EGFR,IFIT5
ATP7B,ZBTB16,TRAF1,TNFRSF13C
ATP7B,ZBTB16,GATA1,CEBPE
ATP7B,ZBTB16,ESR1,STOM
ATP7B,copper(1+),SOD1,RNF112,KCNS3
ATP7B,copper(1+),SOD1,RNF112,SV2A
ATP7B,GOLGA1,AHNAK2,GABARAPL1,EFNA3
ATP7B,ZBTB16,CEBPA,C1QBP,ACE2,SLC6A19
ATP7B,ZBTB16,SMAD3,PPARG,CD274
ATP7B,ZBTB16,HTT,HADHA,PCDHB5
ATP7B,ZBTB16,RXRA,PPARGC1A,RNF34
ATP7B,ZBTB16,MTDH,CTCF,EFNA5
ATP7B,copper(1+),SOD2,ENO3,VAMP1
ATP7B,ZBTB16,RARA
ATP7B,copper(1+),SOD1,RNF112,SLC26A6
ATP7B,ZBTB16,MTDH,CTCF,SCNN1G
ATP7B,ZBTB16,MTDH,CTCF,KCNAB1
ATP7B,ZBTB16,MAP3K3,STUB1,KCNA6
ATP7B,NRG1,ERBB2,CDH2
ATP7B,ZBTB16,MAP3K3,STUB1,KCNJ6
ATP7B,ZBTB16,HDAC1,RBL2,LRP3
ATP7B,copper(1+),SOD1,RNF112,ATP1B2
ATP7B,ZBTB16,EP300,H3C7,SLC22A3
ATP7B,ZBTB16,GATA1,CEBPE
ATP7B,ZBTB16,NR3C1,ZFX,TSPAN5
ATP7B,NRG1,EGF
ATP7B,ZBTB16,MAP3K3,STUB1,MAST2
ATP7B,NRG1,ERBB2,CDH2
ATP7B,NRG1,EGFR,IFIT5
ATP7B,copper(1+),SOD1,RNF112,TLR10
ATP7B,ZBTB16,MAP3K3,STUB1,SLC22A15
ATP7B,copper(1+),SOD1,RNF112,CCN2
ATP7B,ZBTB16,GATA1,CEBPE,KITLG
ATP7B,copper(1+),SOD1,RNF112,KLK10,SERPINB10
ATP7B,NRG1,EGFR,IFIT5
ATP7B,ZBTB16,SMAD3,PPARG,PCDHA12
ATP7B,ATOX1,TAGLN2,CFL1,RIC3,PIP4P1
ATP7B,ZBTB16,EZH2,FBXW11,TFR2
ATP7B,ZBTB16,MAP3K3,STUB1,GNG11
ATP7B,ZBTB16,GATA2,SSBP2,SLC22A23
ATP7B,ZBTB16,MTDH,CTCF,LAT
ATP7B,ZBTB16,RARA,MED1,CAPN3
ATP7B,ZBTB16,RARA,MED1,CDH10
ATP7B,ZBTB16,LRIG1,PDGFRA,PCDH19
ATP7B,CLU,DLG4,DRD1
ATP7B,ZBTB16,UBE2I,PCGF2,ATP8A2
ATP7B,ZBTB16,CEBPA,C1QBP,ACE2,SLC6A19
ATP7B,ZBTB16,FHL3,ROR2,DGLUCY,GPR45
ATP7B,ZBTB16,MAP3K3,STUB1,GAP43
ATP7B,ZBTB16,MAP3K3,STUB1,GIPR
ATP7B,ZBTB16,RARA,MED1,PCDHGC3
ATP7B,ATOX1,ATP7A,OCLN,DOK3
ATP7B,ZBTB16,MAP3K3,STUB1,ADAM23
ATP7B,copper(1+),SOD1,RNF112,ANKRD39,LANCL2
ATP7B,ZBTB16,RARA,MED1,HLA-E
ATP7B,ZBTB16,TRAF1,TNFRSF13C
ATP7B,copper(1+),SOD1,RNF112,IL17RA,IL17RE
ATP7B,ZBTB16,HDAC6,H2BC13,KLRC3
ATP7B,ZBTB16,FHL3,ROR2
ATP7B,copper(1+),SOD2,ENO3
ATP7B,ZBTB16,ESR1,STOM
ATP7B,ZBTB16,MTDH,CTCF,GNG2
ATP7B,copper(1+),SOD2,ENO3,CYTH1,IPCEF1
ATP7B,ATOX1,TAGLN2,CFL1,CLEC2D
ATP7B,CLU,DLG4,DRD1
ATP7B,ZBTB16,SMAD3,PPARG,C4B
ATP7B,copper(1+),SOD1,RNF112,MTNR1A
ATP7B,ZBTB16,SMAD3,PPARG,IL2RB
ATP7B,ZBTB16,RAP2A
ATP7B,NRG1,ERBB2,CDH2
ATP7B,NRG1,EGFR,IFIT5
ATP7B,GOLGA1,UNK,SPCS1,TUSC3
ATP7B,CLU,TXNDC11,DUOX2
ATP7B,ZBTB16,FHL5,ZBTB33
ATP7B,ZBTB16,MAP3K3,STUB1,CXCR5
ATP7B,CLU,IKBKB,PSG1
ATP7B,NRG1,EGFR,IFIT5
ATP7B,NRG1,ERBB2,CDH2
ATP7B,ATOX1,TAGLN2,CFL1,RYR1
ATP7B,ZBTB16,MBD3,HNRNPH1,SV2B
ATP7B,ZBTB16,TRAF1,TNFRSF13C
ATP7B,copper(1+),SOD1,RNF112,PLIN2
ATP7B,CLU,DLG4,DRD1
ATP7B,ZBTB16,LRIG1,PDGFRA
ATP7B,ZBTB16,MAP3K3,STUB1,DIS3L
ATP7B,ZBTB16,MAP3K3,STUB1,LTB4R
ATP7B,ZBTB16,HDAC4,RFXANK,SLC22A12
ATP7B,ATOX1,TAGLN2,CFL1,PARVA
ATP7B,NRG1,NRAS,DHRS7,SLC9A3R2
ATP7B,NRG1,EGFR
ATP7B,ZBTB16,TRAF1,TNFRSF13C
ATP7B,ZBTB16,RAP2A,ANLN,AVPR1B
ATP7B,ZBTB16,MAP3K3,STUB1,VIPR2
ATP7B,CLU,HP,DDHD2,OPRPN,SLC5A4
ATP7B,NRG1,EGFR,IFIT5
ATP7B,ZBTB16,MAP3K3,STUB1,CCNY
ATP7B,ZBTB16,SMAD3,PPARG,DLL1
ATP7B,NRG1,ERBB2,CDH2
ATP7B,ZBTB16,FHL3,ROR2
ATP7B,NRG1,ERBB4,DLG2
ATP7B,ZBTB16,FHL3,ROR2,LYPD6B
ATP7B,ZBTB16,CEBPA,C1QBP,ACE2
ATP7B,ZBTB16,GATA1,CEBPE
ATP7B,ZBTB16,ESR1,STOM
ATP7B,CLU,TXNDC11,DUOX2,DUOXA2
ATP7B,ZBTB16,MAP3K3,STUB1,GUCY2D
ATP7B,ZBTB16,UBE2I,PCGF2,SCARA5
ATP7B,ZBTB16,SMAD3,PPARG,SLC2A3
ATP7B,GOLGA1,CEP192,PRRC2A
ATP7B,copper(1+),SOD1,RNF112,NFX1
ATP7B,GOLGA1,TTC28,IFNLR1
ATP7B,ZBTB16,MAP3K3,STUB1,GPSM1
ATP7B,ZBTB16,ESR1,STOM
ATP7B,ZBTB16,CARD9
ATP7B,copper(1+),SOD2,ENO3,DDOST
ATP7B,ZBTB16,TRAF1,TNFRSF13C
ATP7B,NRG1,LGR4,ITM2A
ATP7B,copper(1+),SOD2,ENO3
ATP7B,NRG1,EGFR,IFIT5
ATP7B,ZBTB16,SMAD3,PPARG,PLSCR4
ATP7B,ZBTB16,SP1,PHC2,ZDHHC20
ATP7B,ZBTB16,HDAC4,RFXANK,OR52I1
ATP7B,copper(1+),SOD2,ENO3
ATP7B,ATOX1,ATP7A,OCLN,SLC22A4,SLC5A6
ATP7B,ZBTB16,TRIM54,MGARP,FCRL5
ATP7B,ZBTB16,HDAC1,RBL2,NEURL1
ATP7B,ZBTB16,CEBPA,C1QBP,STK17B
ATP7B,ZBTB16,MAP3K3,STUB1,HTR1F
ATP7B,ZBTB16,TRAF1,TNFRSF13C
ATP7B,copper(1+),SOD1,RNF112,MYCBP2
ATP7B,ZBTB16,CEBPA,C1QBP
ATP7B,ZBTB16,HTT,HADHA,CLDN18
ATP7B,ZBTB16,HTT,HADHA,TBC1D10A
ATP7B,ZBTB16,ESR1,STOM
ATP7B,NRG1,ERBB3,DUSP29,GSDMA
ATP7B,GOLGA1,GOLGB1,DNAJC5,SLC32A1
ATP7B,CLU,HYOU1,PGAP1,TLR7
ATP7B,copper(1+),SOD1,RNF112,TSPAN33
ATP7B,NRG1,NRAS,DHRS7,CERCAM
ATP7B,NRG1,EGFR,IFIT5
ATP7B,copper(1+),SOD1,RNF112,UBAC1
ATP7B,ZBTB16,FHL3,ROR2
ATP7B,copper(1+),SOD1,RNF112,XPC
ATP7B,ZBTB16,MTDH,CTCF,EHD1
ATP7B,CLU,IKBKB,PSG1,SLC35A4,SLC13A4
ATP7B,ZBTB16,RARA,MED1,ASAP2
ATP7B,ZBTB16,FHL3,ROR2
ATP7B,ZBTB16,ESR1,STOM
ATP7B,CLU,DLG4,DRD1
ATP7B,NRG1,NRAS,DHRS7,CHRNB2
ATP7B,ZBTB16,HTT,HADHA,RP2
ATP7B,ZBTB16,EP300,H3C7,PXK
ATP7B,ZBTB16,FHL3,ROR2
ATP7B,ZBTB16,ESR1,STOM
ATP7B,ZBTB16,RARA,MED1,GLRB
ATP7B,GOLGA1,TNKS1BP1
ATP7B,ZBTB16,VTA1,CHMP1B
ATP7B,ZBTB16,CDK4,EPHA2
ATP7B,ZBTB16,HDAC4,RFXANK,ADCY2
ATP7B,GOLGA1,GOLGB1,DNAJC5
ATP7B,ZBTB16,MAP3K3,STUB1,ADORA2A
ATP7B,ZBTB16,MAP3K3,STUB1,RIMS1
ATP7B,ZBTB16,RXRA,PPARGC1A,PCDHGC4
ATP7B,ZBTB16,TRAF2,LRRN2,PLEKHF2,GPBP1
ATP7B,ZBTB16,CEBPA,C1QBP
ATP7B,ZBTB16,TXNIP,HRNR,SDC3
ATP7B,ZBTB16,SUMO1,SENP6,DLL4
ATP7B,ZBTB16,TRAF1,TNFRSF13C
ATP7B,ZBTB16,HDAC4,RFXANK,PVR
ATP7B,ZBTB16,UBE2I,PCGF2,ANKRD20A1
ATP7B,GOLGA1,PCNT,SYNGAP1
ATP7B,ZBTB16,MAP3K3,STUB1,ADGRG5
ATP7B,copper(1+),SOD1,RNF112,TENM3
ATP7B,ZBTB16,MTDH,CTCF,PRR3
ATP7B,ZBTB16,MAP3K3,STUB1,ADGRA3
ATP7B,GOLGA1,CEP192,PRRC2A
ATP7B,ZBTB16,ESR1,STOM,STOML1
ATP7B,NRG1,EGFR,IFIT5
ATP7B,ZBTB16,LRIG1,PDGFRA,ITGA8
ATP7B,ZBTB16,MTDH,CTCF,FCRL3,SLC2A5
ATP7B,ZBTB16,MAP3K3,STUB1,GNB3
ATP7B,copper(1+),SOD1,RNF112,CHMP2B
ATP7B,ZBTB16,CEBPA,C1QBP
ATP7B,ZBTB16,MAP3K3,STUB1,RASD2
ATP7B,ZBTB16,FHL3,ROR2
ATP7B,CLU,PRNP
ATP7B,ZBTB16,EP300,H3C7,FMN1
ATP7B,NRG1,EGFR,IFIT5
ATP7B,NRG1,EGFR,IFIT5,RXFP3
ATP7B,copper(1+),SOD1,RNF112,NCEH1
ATP7B,NRG1,LIMK1,MBP
ATP7B,ATOX1,TAGLN2,CFL1,CD209
ATP7B,ATOX1,ATP7A,OCLN,XPR1
ATP7B,ZBTB16,MAP3K3,STUB1,POMC,MC3R
ATP7B,NRG1,LGR4
ATP7B,ZBTB16,FHL3,ROR2
ATP7B,NRG1,ERBB3
ATP7B,CLU,DLG4,DRD1
ATP7B,ZBTB16,MAP3K3,STUB1,CCKAR
ATP7B,CLU,PDIA3,TKFC,CAPNS2
ATP7B,copper(1+),SOD1,RNF112,ATP11A
ATP7B,CLU,DLG4,DRD1
ATP7B,copper(1+),SOD2,ENO3
ATP7B,ZBTB16,CDK4,EPHA2
ATP7B,ZBTB16,CDK4,EPHA2
ATP7B,ZBTB16,MAP3K3,STUB1,HTR1B
ATP7B,ZBTB16,HDAC4,RFXANK,ADAM12
ATP7B,copper(1+),SOD1,RNF112,TMC6
ATP7B,copper(1+),SOD1,RNF112,CLEC7A
ATP7B,copper(1+),SOD1,RNF112,ADIPOR1
ATP7B,ZBTB16,FHL5,ZBTB33,CHRNB1
ATP7B,NRG1,EGFR,IFIT5
ATP7B,ZBTB16,SMAD3,PPARG,ACSBG1
ATP7B,copper(1+),SOD1,RNF112,RCCD1
ATP7B,ZBTB16,EEF1A1,ECPAS,RSC1A1
ATP7B,ZBTB16,PRKCE
ATP7B,NRG1,LGR4,ITM2A,WNT6
ATP7B,ZBTB16,MAP3K3,STUB1,KISS1R
ATP7B,ZBTB16,TRAF1,TNFRSF13C
ATP7B,ZBTB16,TRAF1,TNFRSF13C
ATP7B,copper(1+),SOD1,RNF112,IL17RD
ATP7B,copper(1+),SOD1,RNF112,ADCY3,CNGA3
ATP7B,ZBTB16,SMAD3,PPARG,GPR39
ATP7B,NRG1,ERBB2,CDH2
ATP7B,ZBTB16,EP300,H3C7,MYO7A,RPE65
ATP7B,ZBTB16,ESR1,STOM,RPL36A-HNRNPH2
ATP7B,ZBTB16,FHL3,ROR2,LIMS1
ATP7B,ZBTB16,HTT,HADHA,LYPD6
ATP7B,ZBTB16,GATA1,CEBPE
ATP7B,ZBTB16,RARA,MED1,BFSP2
ATP7B,NRG1,EGFR,IFIT5
ATP7B,NRG1,ERBB4,DLG2
ATP7B,copper(1+),SOD1,RNF112,CLTB
ATP7B,GOLGA1,GOLGB1,DNAJC5,LRRC8C
ATP7B,CLU,TMPO,PDE3B,IL27RA
ATP7B,GOLGA1,VAMP2,EXOC3,CACNB4
ATP7B,NRG1,RHOBTB3,RTN4R
ATP7B,ZBTB16,MAP3K3,STUB1,RGS13
ATP7B,GOLGA1,DVL2,RASSF10,PCDH15
ATP7B,copper(1+),SOD1,RNF112,RNF43
ATP7B,NRG1,MYO19,FLNB
ATP7B,copper(1+),SOD1,RNF112,CD48
ATP7B,ZBTB16,MTDH,CTCF,CD81,SLC44A1
ATP7B,ZBTB16,MAP3K3,STUB1,LRRC4
ATP7B,ZBTB16,HTT,HADHA,PARM1
ATP7B,copper(1+),SOD1,RNF112,ANTXR2
ATP7B,ZBTB16,ESR1,STOM
ATP7B,ZBTB16,UBE2I,PCGF2,GUCY2C
ATP7B,NRG1,EGFR,IFIT5
ATP7B,ZBTB16,CDK4,EPHA2
ATP7B,NRG1,NRAS,DHRS7,CYP2C18
ATP7B,NRG1,ERBB2,CDH2
ATP7B,ZBTB16,MAP3K3,STUB1,GNG12
ATP7B,GOLGA1,GOLGB1,DNAJC5
ATP7B,ZBTB16,UBE2I,PCGF2,LGALS4
ATP7B,ZBTB16,FHL3,ROR2
ATP7B,NRG1,LGR4,ITM2A,SLC39A3
ATP7B,NRG1,MYO19,FLNB
ATP7B,ZBTB16,MAP3K3,STUB1,TBC1D10B
ATP7B,ZBTB16,HTT,HADHA,COA6
ATP7B,NRG1,S100A4,WDFY3
ATP7B,GOLGA1,CEP192,PRRC2A,AGPAT2
ATP7B,ZBTB16,MAP3K3,STUB1,CAPN10
ATP7B,NRG1,LIMK1,MBP
ATP7B,ATOX1,TAGLN2,CFL1,CD93
ATP7B,ZBTB16,SMAD3,PPARG,CHL1,CNTN6
ATP7B,ZBTB16,HTT,HADHA,DSCAM
ATP7B,GOLGA1,GOLGB1,DNAJC5
ATP7B,NRG1,ERBB2,CDH2,RXFP1
ATP7B,NRG1,EGFR,IFIT5
ATP7B,copper(1+),SOD1,RNF112,ADRA2C
ATP7B,NRG1,EGFR,IFIT5
ATP7B,ZBTB16,HTT,HADHA,ABCC9
ATP7B,ZBTB16,SMAD3,PPARG,SLC22A6
ATP7B,NRG1,NRAS,DHRS7,ATP1B4
ATP7B,ZBTB16,MAP3K3,STUB1,GRIA4
ATP7B,ZBTB16,HTT,HADHA,SLC6A2
ATP7B,ATOX1,ATP7A,OCLN,RGS19,CATSPER1
ATP7B,GOLGA1,VAMP2,EXOC3,XKR3
ATP7B,ZBTB16,SMAD3,PPARG,NT5E
ATP7B,ZBTB16,HDAC1,RBL2,ITGAE
ATP7B,ZBTB16,CDK4,EPHA2
ATP7B,ZBTB16,GATA1,CEBPE,SELP
ATP7B,GOLGA1,MAPRE1,PAFAH1B1,ORMDL3
ATP7B,ZBTB16,RARA,MED1,AFAP1L2
ATP7B,ZBTB16,GATA1,CEBPE,DLL3
ATP7B,ZBTB16,ESR1,STOM
ATP7B,copper(1+),SOD2,ENO3,KCNB1
ATP7B,ZBTB16,COG6,COG3
ATP7B,copper(1+),SOD1,RNF112,CHP1,SLC9A2
ATP7B,ZBTB16,HDAC4,RFXANK,RALGPS1
ATP7B,ZBTB16,ESR1,STOM
ATP7B,ZBTB16,HDAC5,HNRNPR,GPC5
ATP7B,CLU,DLG4,DRD1
ATP7B,ZBTB16,PRKCE,SERPINB9,TLN2
ATP7B,copper(1+),SOD1,RNF112,PTPRS
ATP7B,ATOX1,TAGLN2,CFL1,MYO1F
ATP7B,copper(1+),SOD1,RNF112,B2M,KIR2DL3
ATP7B,ZBTB16,HDAC1,RBL2,TMEFF1
ATP7B,NRG1,S100A4,WDFY3
ATP7B,copper(1+),SOD1,RNF112,SIGLEC7
ATP7B,ZBTB16,ESR1,STOM
ATP7B,ZBTB16,FHL3,ROR2
ATP7B,copper(1+),SOD1,RNF112,COLEC12
ATP7B,ZBTB16,ESR1,STOM
ATP7B,ZBTB16,FHL3,ROR2
ATP7B,copper(1+),SOD1,RNF112,CDK5R1
ATP7B,ZBTB16,GATA1,CEBPE,CROCC
ATP7B,ZBTB16,MAP3K3,STUB1,S1PR2
ATP7B,ZBTB16,RARA,MED1,GLRB,GLRA3
ATP7B,ZBTB16,CEBPA,C1QBP
ATP7B,ZBTB16,CEBPA,C1QBP,SLC17A5
ATP7B,copper(1+),SOD1,RNF112,ATXN10
ATP7B,copper(1+),SOD1,RNF112,ELMO1
ATP7B,ZBTB16,RAP2A,ANLN,RTN4RL2
ATP7B,ZBTB16,KLK4,KCNIP4
ATP7B,NRG1,LIMK1,MBP,SLC38A6
ATP7B,ZBTB16,EZH2,FBXW11,KLRK1,RAET1L
ATP7B,ZBTB16,TRAF1,TNFRSF13C
ATP7B,copper(1+),SOD2,ENO3,KCNQ4
ATP7B,ZBTB16,RARA,MED1,TAX1BP3
ATP7B,ATOX1,ATP7A,OCLN,EFNB2
ATP7B,ZBTB16,HDAC4,RFXANK,CEP112
ATP7B,copper(1+),SOD1,RNF112,TRAF3IP3
ATP7B,ZBTB16,UBE2I,PCGF2,CLCA1
ATP7B,ZBTB16,ESR1,STOM
ATP7B,copper(1+),SOD1,RNF112,PCDHGB5
ATP7B,copper(1+),SOD1,RNF112,CPNE4
ATP7B,CLU,IKBKB,PSG1,IL1RL2
ATP7B,ZBTB16,TP53,RAD51,SLC22A2
ATP7B,ATOX1,TAGLN2,CFL1,MSMO1
ATP7B,GOLGA1,VAMP4,STX8
ATP7B,ZBTB16,LRIG1,PDGFRA,GFRA2
ATP7B,ZBTB16,SMAD3,PPARG,SEMA4A
ATP7B,ZBTB16,SMAD3,PPARG,ADM,RAMP2
ATP7B,ZBTB16,MAP3K3,STUB1,EPS8
ATP7B,ZBTB16,RARA,MED1,HMOX1,CYBRD1
ATP7B,NRG1,MYO19,FLNB
ATP7B,GOLGA1,NAV1,NUP62CL,BORCS5
ATP7B,ZBTB16,HTT,HADHA,CCKBR
ATP7B,copper(1+),SOD1,RNF112,GPRC5A
ATP7B,GOLGA1,VAMP2,EXOC3,PIEZO1
ATP7B,ZBTB16,HDAC4,RFXANK,CARD14
ATP7B,copper(1+),SOD1,RNF112,JAG2,STS
ATP7B,ZBTB16,ESR1,STOM
ATP7B,CLU,DLG4,DRD1
ATP7B,NRG1,EGFR,IFIT5
ATP7B,CLU,IKBKB,PSG1
ATP7B,ZBTB16,CEBPA,C1QBP
ATP7B,ZBTB16,GATA1,CEBPE
ATP7B,GOLGA1,SSX2IP,DHX35,PXDNL
ATP7B,GOLGA1,PCNT,SYNGAP1
ATP7B,NRG1,EGFR,IFIT5
ATP7B,NRG1,ERBB2,CDH2
ATP7B,ZBTB16,TRAF1,TNFRSF13C
ATP7B,ZBTB16,MAP3K3,STUB1,EXOC7
ATP7B,ZBTB16,RSAD2,TRAF6,KLRD1
ATP7B,ZBTB16,HDAC4,RFXANK,TBC1D3G
ATP7B,NRG1,LGR4,ITM2A
ATP7B,ZBTB16,RARA,MED1,MPZL1
ATP7B,ZBTB16,TRAF1,TNFRSF13C,TNFSF4
ATP7B,ZBTB16,ATP6AP2,ATP6V1A
ATP7B,ZBTB16,EP300,H3C7,PTGER1
ATP7B,ZBTB16,HDAC4,RFXANK,OPN1LW
ATP7B,ZBTB16,SMAD3,PPARG,IFNGR2
ATP7B,ZBTB16,GATA1,CEBPE
ATP7B,NRG1,LGR4,ITM2A
ATP7B,GOLGA1,CEP192,PRRC2A
ATP7B,ZBTB16,LRIG1,PDGFRA,PLXNB3
ATP7B,ZBTB16,GATA1,CEBPE
ATP7B,ZBTB16,ESR1,STOM
ATP7B,ZBTB16,CEBPA,C1QBP
ATP7B,GOLGA1,UNK,SPCS1,PCDHAC1
ATP7B,ZBTB16,HTT,HADHA,DYSF
ATP7B,ZBTB16,GATA1,CEBPE,LDB2
ATP7B,CLU,DLG4,DRD1
ATP7B,ZBTB16,MAP3K3,STUB1,VIPR1,VIP,ADCYAP1R1
ATP7B,ZBTB16,FHL3,ROR2
ATP7B,copper(1+),SOD1,RNF112,A1BG
ATP7B,NRG1,LIMK1,MBP
ATP7B,ZBTB16,GATA1,CEBPE
ATP7B,GOLGA1,VAMP2,EXOC3,TMEM219
ATP7B,ZBTB16,TRIM27,TRIM9,BTN3A3
ATP7B,ZBTB16,RARA,MED1,CD8A,CD8B
ATP7B,ZBTB16,NR3C1,ZFX,C5AR2
ATP7B,copper(1+),SOD1,RNF112,PALS1
ATP7B,NRG1
ATP7B,copper(1+),SOD1,RNF112,IL31RA
ATP7B,ZBTB16,ESR1,STOM
ATP7B,ZBTB16,FHL3,ROR2
ATP7B,ZBTB16,SMAD3,PPARG,KCNC3
ATP7B,copper(1+),SOD2,ENO3,MPO,APCDD1
ATP7B,ZBTB16,EZH2,FBXW11,PCDHB2
ATP7B,GOLGA1,ALMS1,DNM3
ATP7B,CLU,DLG4,DRD1
ATP7B,GOLGA1,VAMP4,STX8
ATP7B,ZBTB16,HTT,HADHA,GPR55
ATP7B,ZBTB16,ESR1,STOM,PCDHGA6
ATP7B,ZBTB16,NR3C1,ZFX,RAB3A
ATP7B,ZBTB16,RARA,MED1,CDON
ATP7B,ZBTB16,SMAD3,PPARG,SERPINE1
ATP7B,ZBTB16,GATA1,CEBPE,CRACR2A
ATP7B,ATOX1,TAGLN2,CFL1,LRRFIP1
ATP7B,NRG1,EGFR,IFIT5
ATP7B,copper(1+),SOD1,RNF112,PLXNC1
ATP7B,NRG1,EGFR,IFIT5,P2RY1
ATP7B,copper(1+),SOD1,RNF112,VCAM1
ATP7B,GOLGA1,DICER1,DHX58,PLPPR1
ATP7B,GOLGA1,GAPVD1,EPS15L1
ATP7B,ZBTB16,MAP3K3,STUB1,PDE6B
ATP7B,NRG1,S100A4,WDFY3
ATP7B,ZBTB16,SP1,PHC2,KCNK1
ATP7B,ZBTB16,CDK4,EPHA2
ATP7B,ZBTB16,PLSCR1
ATP7B,ZBTB16,PRKCE,SERPINB9,SYT9
ATP7B,ATOX1,ATP7A,OCLN,SKAP2
ATP7B,ZBTB16,TRAF1,TNFRSF13C,VAMP5
ATP7B,ZBTB16,EEF1A1
ATP7B,copper(1+),SOD1,RNF112,ECE1
ATP7B,ZBTB16,FHL5,ZBTB33,SLC25A13
ATP7B,ZBTB16,FHL5,ZBTB33
ATP7B,copper(1+),SOD1,RNF112,ZDHHC4
ATP7B,ZBTB16,MTDH,CTCF,CNR2
ATP7B,ZBTB16,MAP3K3,STUB1,ASIC1
ATP7B,ZBTB16,SMAD3,PPARG,LDLR
ATP7B,ZBTB16,COG6,COG3
ATP7B,copper(1+),SOD1,RNF112,RALBP1
ATP7B,ZBTB16,HTT,HADHA,SCHIP1
ATP7B,ATOX1,ATP7A,OCLN,RGS19,CATSPER1,CACNA1I,CATSPER2
ATP7B,NRG1,NRAS,DHRS7,SLC34A2
ATP7B,NRG1,EGFR,IFIT5
ATP7B,GOLGA1,ALMS1,DNM3
ATP7B,GOLGA1,VAMP4,STX8
ATP7B,ZBTB16,ESR1,STOM
ATP7B,ZBTB16,AR,MID1,CLCA2
ATP7B,NRG1,S100A4,WDFY3
ATP7B,ZBTB16,ESR1,STOM
ATP7B,NRG1,S100A4,WDFY3
ATP7B,ZBTB16,MTDH,CTCF,RASSF3
ATP7B,ZBTB16,MAP3K3,STUB1,GPHN
ATP7B,copper(1+),SOD1,RNF112,HTR1A
ATP7B,ZBTB16,CDK4,EPHA2
ATP7B,ZBTB16,SMAD3,PPARG,PHLDB2
ATP7B,ZBTB16,LRIG1
ATP7B,copper(1+),SOD1,RNF112,ALDH3A1
ATP7B,ZBTB16,ESR1,STOM
ATP7B,NRG1,EGFR,IFIT5
ATP7B,NRG1,MYO19,FLNB
ATP7B,ZBTB16,COG6,COG3
ATP7B,GOLGA1,UNK,SPCS1,CNTNAP1
ATP7B,ZBTB16,HDAC4,RFXANK,NEU4
ATP7B,copper(1+),SOD1,RNF112,FHOD3
ATP7B,copper(1+),SOD1,RNF112,MPDZ,OR1D2
ATP7B,ZBTB16,GATA1,CEBPE
ATP7B,ZBTB16,SMAD3,PPARG,ABHD17B
ATP7B,ZBTB16,MAP3K3,STUB1,AP1M2,ATRN
ATP7B,CLU,IKBKB,PSG1
ATP7B,ZBTB16,ESR1,STOM
ATP7B,ZBTB16,SMAD3,PPARG,ARRDC2
ATP7B,NRG1,LIMK1,MBP
ATP7B,NRG1,LIMK1,MBP
ATP7B,GOLGA1,SLAIN2,POTEF,PCDHGA10
ATP7B,copper(1+),SOD2,ENO3
ATP7B,ZBTB16,MAP3K3,STUB1,NTSR1
ATP7B,ZBTB16,LRIG1,PDGFRA,ARL4C
ATP7B,ZBTB16,MTDH,CTCF,RRP12
ATP7B,NRG1,MYO19,FLNB
ATP7B,ZBTB16,TP53,RAD51,HCRTR1
ATP7B,ZBTB16,MTDH,CTCF,EEPD1
ATP7B,copper(1+),SOD3,SGTA,TMPRSS11D
ATP7B,ZBTB16,RARA,MED1,HLA-F
ATP7B,NRG1,EGFR,IFIT5
ATP7B,ZBTB16,SUMO1,SENP6,KCNK7
ATP7B,ZBTB16,SMAD3,PPARG,F2R
ATP7B,copper(1+),SOD1,RNF112,ADCY3,CNGA3
ATP7B,ZBTB16,MTDH,CTCF,CD81
ATP7B,ZBTB16,EEF1A1,ECPAS,CPNE1
ATP7B,copper(1+),SOD1,RNF112,FRMPD1
ATP7B,copper(1+),SOD1,RNF112,IL17RA,IL17RE
ATP7B,ZBTB16,HDAC4,RFXANK,TBC1D3B
ATP7B,ZBTB16,HDAC3
ATP7B,ZBTB16,MAP3K3,STUB1,ADGRA1
ATP7B,CLU,TXNDC11,DUOX2
ATP7B,ZBTB16,CEBPA,C1QBP,MARCHF2
ATP7B,CLU,APP,PPP1R2,CNTN5
ATP7B,ZBTB16,RARA,MED1,IFNAR1
ATP7B,ZBTB16,ESR1,STOM
ATP7B,GOLGA1,VAMP4,STX8
ATP7B,copper(1+),SOD1,RNF112,GMIP
ATP7B,ZBTB16,NCOR1,PPP1CB,SLC26A11
ATP7B,ZBTB16,MAP3K3,STUB1,TSHR
ATP7B,copper(1+),SOD1,RNF112,PRRG2
ATP7B,ZBTB16,UBE2I,PCGF2,PON2
ATP7B,copper(1+),SOD1,RNF112,SPART
ATP7B,copper(1+),SOD1,RNF112,CHP1,SLC9A2
ATP7B,ZBTB16,NME4,NDUFAB1,PLA2R1
ATP7B,copper(1+),SOD1,RNF112,GAS6,PCDHA3
ATP7B,ZBTB16,LRIG1,PDGFRA
ATP7B,ZBTB16,ATP6AP2,ATP6V1A
ATP7B,NRG1,EGFR,IFIT5
ATP7B,ZBTB16,CEBPA,C1QBP
ATP7B,NRG1,EGFR,IFIT5
ATP7B,copper(1+),SOD1,RNF112,GAA
ATP7B,ZBTB16,REL,EIF5A2,GNAT2
ATP7B,copper(1+),SOD2,ENO3,SNX30
ATP7B,GOLGA1,UNK,SPCS1,PCDHB16,SLC39A11
ATP7B,NRG1,POMT1,PCDHGB4
ATP7B,NRG1,MYO19,FLNB
ATP7B,ZBTB16,SMAD3,PPARG,NPC1
ATP7B,ZBTB16,MTDH,CTCF,BOC
ATP7B,ZBTB16,NR3C1,ZFX,SYNGR1
ATP7B,NRG1,EGFR,IFIT5
ATP7B,ZBTB16,ATP6AP2,ATP6V1A
ATP7B,ZBTB16,RARA,MED1,FHIT
ATP7B,ZBTB16,RSAD2,TRAF6,IL1RAP
ATP7B,ZBTB16,ATP6AP2,ATP6V1A
ATP7B,ZBTB16,GATA1,CEBPE,ADGRG1
ATP7B,ZBTB16,GATA1,CEBPE,SLC13A1
ATP7B,ZBTB16,CEBPA,C1QBP,ACE2,SLC6A19
ATP7B,ZBTB16,FHL3,ROR2,NOTCH2NLC,KCNS2
ATP7B,NRG1,MYO19,FLNB
ATP7B,ZBTB16,LRIG1,PDGFRA,SLC39A1
ATP7B,NRG1,EGFR,IFIT5
ATP7B,ZBTB16,FHL3,ROR2
ATP7B,ZBTB16,LRIG1,PDGFRA
ATP7B,ZBTB16,MAP3K3,STUB1,DXO
ATP7B,ZBTB16,GATA1,CEBPE
ATP7B,CLU,TXNDC11,DUOX2
ATP7B,ZBTB16,SIN3A,NOTCH2,SULF1
ATP7B,copper(1+),SOD1,RNF112,JAG1
ATP7B,copper(1+),SOD1,RNF112,ASTL
ATP7B,ZBTB16,MAP3K3,STUB1,RIC8B
ATP7B,ZBTB16,SMAD3,PPARG,IL7R
ATP7B,ZBTB16,TRAF1,TNFRSF13C
ATP7B,ZBTB16,KLK4,KCNIP4
ATP7B,GOLGA1,UNK,SPCS1,ATP8B3
ATP7B,ZBTB16,HDAC1,RBL2,C8A
ATP7B,NRG1,EGFR,IFIT5,SLC19A2
ATP7B,ZBTB16,MBD3,HNRNPH1,SCUBE3
ATP7B,GOLGA1,VAMP4,STX8
ATP7B,GOLGA1,PCNT,SYNGAP1
ATP7B,ZBTB16,EP300,H3C7,MARCO
ATP7B,ZBTB16,RARA,MED1,FLRT1
ATP7B,ZBTB16,MAP3K3,STUB1,HCRTR2
ATP7B,ZBTB16,HTT,HADHA,OR4N2
ATP7B,ATOX1,TAGLN2,CFL1,EPS8L2
ATP7B,CLU,IKBKB,PSG1
ATP7B,copper(1+),SOD1,RNF112,HCFC2
ATP7B,ZBTB16,FHL3,ROR2,MDGA1
ATP7B,ZBTB16,RARA,MED1,CTNNA3,CDH24
ATP7B,NRG1,ERBB2,CDH2,ADAM32
ATP7B,ZBTB16,FHL3,ROR2,WARS2
ATP7B,ZBTB16,ESR1,STOM
ATP7B,ZBTB16,EEF1A1,ECPAS,LRRC53
ATP7B,ZBTB16,HTT,HADHA,MS4A1
ATP7B,ZBTB16,RSAD2,TRAF6,TIRAP,TNFSF9
ATP7B,ZBTB16,NR3C1,ZFX,CNGB1
ATP7B,ZBTB16,HTT,HADHA,ADRB3
ATP7B,ZBTB16,GATA1,CEBPE
ATP7B,ZBTB16,HTT,HADHA,CDH4
ATP7B,copper(1+),SOD1,RNF112,RASL10A
ATP7B,ZBTB16,HTT,HADHA,SEZ6
ATP7B,copper(1+),SOD1,RNF112,OLR1
ATP7B,GOLGA1,VAMP4,STX8
ATP7B,ZBTB16,GATA1,CEBPE
ATP7B,ZBTB16,MX1,TRPC7
ATP7B,ZBTB16,NR3C1,ZFX,ANXA3
ATP7B,ZBTB16,CEBPA,C1QBP
ATP7B,NRG1,ERBB2,CDH2,CD1D
ATP7B,CLU,DLG4,DRD1
ATP7B,copper(1+),SOD1,RNF112,BASP1
ATP7B,ZBTB16,MTDH,CTCF,PLPP4
ATP7B,ZBTB16,FHL3,ROR2
ATP7B,ZBTB16,HDAC4,RFXANK,VLDLR
ATP7B,ZBTB16,RARA,MED1,ITGAL
ATP7B,ZBTB16,MTDH,CTCF,SCNN1B
ATP7B,NRG1,ERBB2,CDH2
ATP7B,ZBTB16,CEBPA,C1QBP
ATP7B,copper(1+),SOD1,RNF112,CSF3R
ATP7B,NRG1,EGFR,IFIT5
ATP7B,ZBTB16,RARA,MED1,AXIN2
ATP7B,ZBTB16,CDK4,EPHA2
ATP7B,CLU,PRNP,PLK3,GABRQ
ATP7B,ZBTB16,NR3C1,ZFX,ERLIN2
ATP7B,ZBTB16,RARA,MED1,AKTIP
ATP7B,NRG1,POMT1,PCDHGB4
ATP7B,copper(1+),SOD1,RNF112,SMO,PTCH2
ATP7B,ZBTB16,EEF1A1,ECPAS,PDAP1
ATP7B,NRG1,EGFR,IFIT5
ATP7B,copper(1+),SOD1,RNF112,USH1C
ATP7B,ZBTB16,ESR1,STOM,PSENEN
ATP7B,ZBTB16,GATA1,CEBPE,PDZD2
ATP7B,ZBTB16,MTDH,CTCF,CTLA4
ATP7B,copper(1+),SOD1,RNF112,FCGR1A
ATP7B,copper(1+),SOD1,RNF112,NOX1
ATP7B,GOLGA1,VAMP2,EXOC3,GPM6B
ATP7B,NRG1,LGR4,ITM2A
ATP7B,NRG1,ERBB2,CDH2
ATP7B,NRG1,S100A4,WDFY3
ATP7B,ZBTB16,BMI1,CBX6,CHRNB3
ATP7B,ZBTB16,TRAF1,TNFRSF13C
ATP7B,ZBTB16,NR3C1,ZFX,ARHGAP18
ATP7B,ZBTB16,GATA2,SSBP2,CHRNG
ATP7B,ZBTB16,RSAD2,TRAF6,MSR1
ATP7B,copper(1+),SOD1,RNF112,EPM2A
ATP7B,copper(1+),SOD1,RNF112,GP1BB
ATP7B,GLRX,GOT2,2-oxoglutarate(2-),GRID2
ATP7B,ZBTB16,HDAC1,RBL2,MUC17
ATP7B,copper(1+),SOD1,RNF112,CYP2W1
ATP7B,GOLGA1,TTC28,IFNLR1
ATP7B,copper(1+),SOD1,RNF112,GABRB2
ATP7B,ZBTB16,CEBPA,C1QBP,NEU3
ATP7B,ZBTB16,MAP3K3,STUB1,KCNQ2
ATP7B,NRG1,LIMK1,MBP
ATP7B,NRG1,TMTC3,NOP56,PCSK6
ATP7B,ZBTB16,CEBPA,C1QBP,CYP2E1,ABCA5
ATP7B,copper(1+),SOD1,RNF112,BTN2A1
ATP7B,NRG1,ERBB2,CDH2
ATP7B,ZBTB16,EZH2,FBXW11,FFAR2
ATP7B,ZBTB16,SMAD3,PPARG,SOX11
ATP7B,CLU,DLG4,DRD1
ATP7B,ZBTB16,ESR1,STOM
ATP7B,ZBTB16,ESR1,STOM
ATP7B,ZBTB16,SMAD3,PPARG,IL7R,TSLP,CRLF2
ATP7B,ZBTB16,MTDH,CTCF,KCNK16
ATP7B,ZBTB16,MTDH,CTCF,RALB
ATP7B,ATOX1,ATP7A,OCLN,IL20RB
ATP7B,copper(1+),SOD2,ENO3
ATP7B,copper(1+),SOD1,RNF112,NUBP1
ATP7B,GOLGA1,VAMP4,STX8
ATP7B,NRG1,EGFR,IFIT5
ATP7B,copper(1+),SOD1,RNF112,PRSS21
ATP7B,ZBTB16,SUMO1,SENP6,EPB41L5
ATP7B,copper(1+),SOD1,RNF112,TDP1
ATP7B,ZBTB16,AR,MID1,SMPD1
ATP7B,copper(1+),SOD3,SGTA,SHISA5,TVP23B,YIPF1
ATP7B,GOLGA1,VAMP4,STX8
ATP7B,ZBTB16,MAP3K3,STUB1,SCN4A,CSPG5
ATP7B,GOLGA1,GOLGB1,DNAJC5
ATP7B,copper(1+),SOD1,RNF112,ATP1B3
ATP7B,NRG1,MYO19,FLNB
ATP7B,ZBTB16,HTT,HADHA,JAM3,JAM2
ATP7B,CLU,DLG4,DRD1
ATP7B,ATOX1,ATP7A,OCLN,FCGR2B
ATP7B,NRG1,EGFR,IFIT5
ATP7B,NRG1,EGFR,IFIT5
ATP7B,ZBTB16,FHL3,ROR2
ATP7B,NRG1,ERBB4,DLG2
ATP7B,NRG1,MYO19,FLNB
ATP7B,ZBTB16,TRAF1,TNFRSF13C
ATP7B,CLU,TTR,CTNND2
ATP7B,ZBTB16,SMAD3,PPARG,NKD2
ATP7B,copper(1+),SOD1,RNF112,PLEKHG4B
ATP7B,NRG1,MYO19,FLNB
ATP7B,ZBTB16,CEBPA,C1QBP,ACE2,SLC6A19
ATP7B,ZBTB16,HDAC4,RFXANK,LY9
ATP7B,NRG1,LIMK1,MBP
ATP7B,ZBTB16,MTDH,CTCF,PRTG
ATP7B,ZBTB16,HTT,HADHA,PLEK
ATP7B,ZBTB16,SIN3A,NOTCH2
ATP7B,ZBTB16,CARD9,CCDC13,TIP-LINK complex,LHFPL5
ATP7B,ZBTB16,FHL3,ROR2
ATP7B,ZBTB16,CEBPA,C1QBP,HLA-DQB1
ATP7B,NRG1,ERBB2,CDH2
ATP7B,ZBTB16,FHL3,ROR2,TMC3
ATP7B,ZBTB16,MAP3K3,STUB1,HTR5A
ATP7B,NRG1,ERBB4,DLG2
ATP7B,copper(1+),SOD2,ENO3,PRKAR1B
ATP7B,ZBTB16,RARA,MED1,P2RX4
ATP7B,ZBTB16,SMAD3,PPARG,DCX,BTN1A1
ATP7B,ZBTB16,NME4,NDUFAB1,MLEC
ATP7B,CLU,DLG4,DRD1
ATP7B,CLU,DLG4,DRD1
ATP7B,copper(1+),SOD2,ENO3,PIP4K2A
ATP7B,copper(1+),SOD1,RNF112,DMPK
ATP7B,ZBTB16,FHL3,ROR2
ATP7B,copper(1+),SOD1,RNF112,STING1
ATP7B,NRG1,MYO19,FLNB
ATP7B,ZBTB16,MAP3K3,STUB1,RASGRP3
ATP7B,ZBTB16,FHL5,ZBTB33
ATP7B,copper(1+),SOD2,ENO3,PGRMC1
ATP7B,ZBTB16,GATA1,CEBPE
ATP7B,copper(1+),SOD1,RNF112,CCNT2
ATP7B,ZBTB16,MAP3K3,STUB1,GABRR1
ATP7B,ZBTB16,UBE2I,PCGF2,PSG7
ATP7B,ZBTB16,CDKN1A,GADD45G,FBP2
ATP7B,ZBTB16,HDAC2,USP17L2,HLA-DOA
ATP7B,copper(1+),SOD2,ENO3
ATP7B,ZBTB16,MTDH,CTCF,GRM1
ATP7B,GOLGA1,UNK,SPCS1,SLC10A6
ATP7B,ZBTB16,RARA,MED1,EDNRA
ATP7B,ZBTB16,ESR1,STOM,CLEC5A
ATP7B,ZBTB16,UBE2I,PCGF2,SLC46A1
ATP7B,ZBTB16,MAP3K3,STUB1,GHSR
ATP7B,ZBTB16,COG6,COG3
ATP7B,GOLGA1,DVL2,RASSF10,WNT3
ATP7B,copper(1+),SOD1,RNF112,SMO,PTCH2
ATP7B,ZBTB16,miR-146a,CXCR4,ADRA1A
ATP7B,ZBTB16,EZH2,FBXW11,KLRK1,RAET1L
ATP7B,copper(1+),SOD1,RNF112,CHP1,SLC9A2
ATP7B,ZBTB16,FHL3,ROR2
ATP7B,copper(1+),SOD1,RNF112,PLEKHG4
ATP7B,copper(1+),SOD1,RNF112,GABRD
ATP7B,copper(1+),SOD1,RNF112,SLC38A5
ATP7B,NRG1,EGFR,IFIT5
ATP7B,ZBTB16,GATA1,CEBPE,NCKAP1L
ATP7B,CLU,DLG4,DRD1
ATP7B,ZBTB16,MAP3K3,STUB1,MAFA
ATP7B,copper(1+),SOD1,RNF112,ARHGEF25
ATP7B,ZBTB16,SMAD3,PPARG,RECK
ATP7B,GOLGA1,UNK,SPCS1,CNNM1
ATP7B,ZBTB16,CDK1,CKS2,EPS8L1
ATP7B,ZBTB16,MAP3K3,STUB1,POMC,MC3R
ATP7B,ZBTB16,TRAF2,LRRN2,ADK
ATP7B,ZBTB16,KRT40,KPNA2,NPHS1
ATP7B,GOLGA1,CEP192,PRRC2A
ATP7B,copper(1+),SOD1,RNF112,LRFN4
ATP7B,ZBTB16,TRAF1,TNFRSF13C
ATP7B,ZBTB16,MAP3K3,STUB1,GPR12
ATP7B,ATOX1,ATP7A,OCLN,MAL
ATP7B,ZBTB16,CEBPA,C1QBP,ACE2,SLC6A19
ATP7B,ZBTB16,HDAC4,RFXANK,DTNB
ATP7B,ZBTB16,HTT,HADHA,JPH2
ATP7B,ATOX1,TAGLN2,CFL1,CALML3,ADH1C
ATP7B,ZBTB16,MTDH,CTCF,ACHE
ATP7B,ZBTB16,FHL5,ZBTB33,DNER
ATP7B,ZBTB16,MAP3K3,STUB1,RGS5
ATP7B,copper(1+),SOD3,SGTA,GRK6
ATP7B,copper(1+),SOD2,ENO3,WDR1
ATP7B,ZBTB16,MTDH,CTCF,PTPRN
ATP7B,ZBTB16,MAP3K3,STUB1,EHD2
ATP7B,ZBTB16,MAP3K3,STUB1,JOSD1
ATP7B,ZBTB16,GATA1,CEBPE
ATP7B,ZBTB16,MAP3K3,STUB1,SLITRK1
ATP7B,ZBTB16,RARA,MED1,DGKA
ATP7B,copper(1+),SOD1,RNF112,ARHGEF40
ATP7B,ZBTB16,MAP3K3,STUB1,RGS18
ATP7B,ATOX1,ATP7A,OCLN,HCLS1
ATP7B,ZBTB16,MX1,TRPC7
ATP7B,ZBTB16,MTDH,CTCF,SMPDL3B
ATP7B,CLU,IKBKB,PSG1
ATP7B,NRG1,EGFR,IFIT5
ATP7B,ZBTB16,ESR1,STOM
ATP7B,NRG1,EGFR,IFIT5
ATP7B,ZBTB16,MTDH,CTCF,CHRNA5
ATP7B,ZBTB16,SMAD3,PPARG,ITGB7
ATP7B,NRG1,EGFR,IFIT5
ATP7B,ZBTB16,TRAF1,TNFRSF13C
ATP7B,ZBTB16,MTDH,CTCF,SIT1
ATP7B,ZBTB16,MAP3K3,STUB1,OXTR
ATP7B,ZBTB16,ESR1,STOM
ATP7B,NRG1,NRAS,DHRS7,CACNG7
ATP7B,copper(1+),SOD1,RNF112,TGM5
ATP7B,ZBTB16,NR3C1,ZFX,TREML2
ATP7B,copper(1+),SOD1,RNF112,SLC11A2
ATP7B,NRG1,ERBB2,CDH2,TSPAN7
ATP7B,ZBTB16,SMAD3,PPARG,MYD88
ATP7B,copper(1+),SOD1,RNF112,DNAJC13
ATP7B,ZBTB16,CDK1,CKS2,SLC4A4
ATP7B,copper(1+),SOD1,RNF112,AOC1
ATP7B,ZBTB16,NR3C1,ZFX,RAB19
ATP7B,ZBTB16,miR-146a,CXCR4,GRK3
ATP7B,GOLGA1,SLAIN2,POTEF,PCDHGA4
ATP7B,NRG1,HLA-DRB1,ATP2A3,LRRC8B
ATP7B,NRG1,ERBB2,CDH2,EFNA2
ATP7B,ZBTB16,CEBPA,C1QBP
ATP7B,ZBTB16,CDK4,EPHA2
ATP7B,ZBTB16,MAP3K3,STUB1,GNG7
ATP7B,ZBTB16,NR3C1,ZFX,TMPRSS4
ATP7B,copper(1+),SOD2,ENO3
ATP7B,ATOX1,ATP7A
ATP7B,NRG1,ERBB2,CDH2
ATP7B,ZBTB16,MAP3K3,STUB1,TRHR
ATP7B,ZBTB16,RARA,MED1,CDH9
ATP7B,copper(1+),SOD1,RNF112,EHD4
ATP7B,ZBTB16,RXRA,PPARGC1A,ABCB4
ATP7B,ZBTB16,ERG,PIM,FZD3
ATP7B,GOLGA1,TTC28,IFNLR1
ATP7B,ZBTB16,MTDH,CTCF,ATP1A4
ATP7B,ZBTB16,COG6,COG3
ATP7B,ZBTB16,RARA,MED1,ANOS1
ATP7B,copper(1+),SOD1,RNF112,PIP4K2C
ATP7B,copper(1+),SOD2,ENO3,PGRMC1,CYP2C8
ATP7B,GOLGA1,GOLGB1,DNAJC5
ATP7B,ZBTB16,TP53,RAD51,EFR3B
ATP7B,GOLGA1,UNK,SPCS1,SLC2A9
ATP7B,NRG1,ASGR2,ALG10,ADAM21
ATP7B,copper(1+),SOD1,RNF112,ZNRF3
ATP7B,copper(1+),SOD1,RNF112,FNBP1L
ATP7B,GOLGA1,CEP192,PRRC2A
ATP7B,ZBTB16,SMAD3,PPARG,LILRB3
ATP7B,NRG1,HLA-DRB1,ATP2A3,FXYD6
ATP7B,ATOX1,TAGLN2,CFL1,CAP2
ATP7B,ZBTB16,GATA1,CEBPE
ATP7B,ZBTB16,RARA,MED1,THEM4
ATP7B,ZBTB16,MAP3K3,STUB1,FILIP1
ATP7B,ZBTB16,CEBPA,C1QBP
ATP7B,copper(1+),SOD2,ENO3
ATP7B,ZBTB16,ESR1,STOM,C1orf210
ATP7B,NRG1,ERBB2,CDH2
ATP7B,ZBTB16,RARA,MED1,NPR1
ATP7B,ZBTB16,TRAF1,TNFRSF13C
ATP7B,ZBTB16,HDAC1,RBL2,C4BPA
ATP7B,ZBTB16,CEBPA,C1QBP,UGT8
ATP7B,CLU,DLG4,DRD1
ATP7B,ZBTB16,HTT,HADHA,ABCA6,ABCA8
ATP7B,ZBTB16,MTDH,CTCF,IFNGR1
ATP7B,GOLGA1,GOLGB1,DNAJC5,MUC2
ATP7B,ZBTB16,NR3C1,ZFX,CD82
ATP7B,ZBTB16,HDAC1,RBL2,SLC17A7
ATP7B,ZBTB16,CDK1,CKS2,PLSCR5
ATP7B,CLU,IKBKB,PSG1
ATP7B,GOLGA1,GOLGB1,DNAJC5
ATP7B,ZBTB16,SIN3A,NOTCH2
ATP7B,ZBTB16,RSAD2,TRAF6
ATP7B,GOLGA1,UNK,SPCS1,PCDHB16
ATP7B,ZBTB16,GATA1,CEBPE
ATP7B,ZBTB16,ESR1,STOM
ATP7B,NRG1,EGFR,IFIT5,DRP2
ATP7B,ZBTB16,HTT,HADHA,CHMP6
ATP7B,copper(1+),SOD1,RNF112,CRIM1
ATP7B,ZBTB16,SMAD3,PPARG,ABCA2
ATP7B,ATOX1,ATP7A,OCLN,PIK3AP1
ATP7B,ZBTB16,MAP3K3,STUB1,PHKB
ATP7B,ZBTB16,MAP3K3,STUB1,HTR2C
ATP7B,ZBTB16,NR3C1,ZFX,ARL4A
ATP7B,NRG1,MYO19,FLNB
ATP7B,ATOX1,TAGLN2,CFL1,ITIH4
ATP7B,ZBTB16,HDAC4,RFXANK,P2RX7
ATP7B,CLU,TTR,CTNND2
ATP7B,ZBTB16,UBE2I,PCGF2,ALPP
ATP7B,ZBTB16,RXRA,PPARGC1A,FGG
ATP7B,ZBTB16,GATA1,CEBPE
ATP7B,ZBTB16,HTT,HADHA,RAB3GAP2
ATP7B,ZBTB16,HDAC4,RFXANK,CHP2
ATP7B,ZBTB16,BMI1,CBX6,CHRNA3
ATP7B,NRG1,EGFR,IFIT5
ATP7B,copper(1+),SOD1,RNF112,MTSS2,GCA
ATP7B,CLU,DLG4,DRD1
ATP7B,ZBTB16,GATA1,CEBPE
ATP7B,NRG1,EGFR,IFIT5
ATP7B,NRG1,LIMK1,MBP
ATP7B,copper(1+),SOD1,RNF112,DRD3
ATP7B,ZBTB16,EP300,H3C7,KLRG1
ATP7B,ZBTB16,TRAF1,TNFRSF13C
ATP7B,ZBTB16,HDAC4,RFXANK,KCNH7
ATP7B,ZBTB16,SMAD3,PPARG,RAB40C
ATP7B,ZBTB16,EP300,H3C7,CDAN1
ATP7B,ATOX1,ATP7A,OCLN,SIGLECL1
ATP7B,ZBTB16,RARA,MED1,P2RY8
ATP7B,ZBTB16,MAP3K3,STUB1,KCNN2
ATP7B,ZBTB16,TP53,RAD51,GPR3
ATP7B,NRG1,EGFR,IFIT5
ATP7B,ZBTB16,ESR1,STOM
ATP7B,ZBTB16,EP300,H3C7,PKD1
ATP7B,ZBTB16,MTDH,CTCF,ATP11C
ATP7B,NRG1,RHOBTB3,RTN4R
ATP7B,ZBTB16,MAP3K3,STUB1,HTRA1
ATP7B,NRG1,EGFR,IFIT5
ATP7B,ZBTB16,TP53,RAD51,CD1E
ATP7B,ZBTB16,MTDH,CTCF,PI4KA,TTC7B
ATP7B,copper(1+),SOD2,ENO3,OSBPL7
ATP7B,GOLGA1,TTC28,IFNLR1
ATP7B,copper(1+),SOD1,RNF112,JAG2,STS
ATP7B,GOLGA1,KIAA0319L
ATP7B,ZBTB16,TRAF1,TNFRSF13C,NLGN4Y
ATP7B,GOLGA1,CEP192,PRRC2A
ATP7B,ZBTB16,TRAF1,TNFRSF13C
ATP7B,ZBTB16,SMAD3,PPARG,TGFB3
ATP7B,ZBTB16,HTT,HADHA,PRKCG
ATP7B,ZBTB16,LRIG1,PDGFRA
ATP7B,ZBTB16,CEBPA,C1QBP
ATP7B,ZBTB16,HTT,HADHA,WLS
ATP7B,copper(1+),SOD1,RNF112,ABCC3
ATP7B,ZBTB16,NCOR1,PPP1CB,NAIF1
ATP7B,ZBTB16,AR,MID1,CRHR2
ATP7B,ZBTB16,RSAD2,TRAF6,STK17A
ATP7B,ZBTB16,MAP3K3,STUB1,MC2R
ATP7B,GOLGA1,VAMP2,EXOC3,TSPO2
ATP7B,ZBTB16,FHL3,ROR2
ATP7B,ZBTB16,EEF1A1,ECPAS,GPR37L1
ATP7B,copper(1+),SOD1,RNF112,AGPAT3
ATP7B,copper(1+),SOD2,ENO3,TMPRSS11E
ATP7B,GOLGA1,CEP192,PRRC2A
ATP7B,ZBTB16,MTDH,CTCF,CLPX,AMACR
ATP7B,copper(1+),SOD1,RNF112,MPP2
ATP7B,ZBTB16,EZH2,FBXW11,MUC5B
ATP7B,copper(1+),SOD2,ENO3
ATP7B,ZBTB16,TRAF1,TNFRSF13C
ATP7B,copper(1+),SOD1,RNF112,CCDC124
ATP7B,copper(1+),SOD1,RNF112,DAAM1
ATP7B,copper(1+),SOD1,RNF112,PREX2
ATP7B,ZBTB16,CEBPA,C1QBP
ATP7B,ZBTB16,MTDH,CTCF,LIFR
ATP7B,ZBTB16,TRIM54,MGARP,PLA2G4C
ATP7B,ZBTB16,TP53,RAD51,SLC8A1
ATP7B,copper(1+),SOD1,RNF112,MIB2
ATP7B,ZBTB16,CDK1,CKS2,EPS8L3
ATP7B,ZBTB16,MAP3K3,STUB1,ROBO3
ATP7B,ZBTB16,SMAD3,PPARG,SLC3A1
ATP7B,ZBTB16,SIN3A,NOTCH2
ATP7B,NRG1,ERBB2,CDH2,RXFP1,LRP12,NMRK2
ATP7B,ZBTB16,SMAD3,PPARG,SLAMF6,FPGT,NLN
ATP7B,ZBTB16,MAP3K3,STUB1,SLC15A4
ATP7B,ZBTB16,HTT,HADHA,NAA38,NAA35
ATP7B,ZBTB16,MAP3K3,STUB1,GABBR2
ATP7B,ZBTB16,VTA1,CHMP1B
ATP7B,ZBTB16,MAP3K3,STUB1,BTN3A1
ATP7B,ATOX1,ATP7A,OCLN
ATP7B,ZBTB16,MTDH,CTCF,EHD3
ATP7B,copper(1+),SOD1,RNF112,PXN
ATP7B,ZBTB16,ESR1,STOM
ATP7B,ZBTB16,MTDH,CTCF,MS4A2
ATP7B,ZBTB16,HDAC5,HNRNPR,PCDHB14
ATP7B,copper(1+),SOD1,RNF112,RDH8
ATP7B,copper(1+),SOD1,RNF112,SAT1
ATP7B,copper(1+),SOD1,RNF112,CLDN3
ATP7B,NRG1,EGFR,IFIT5
ATP7B,GOLGA1,VAMP2,EXOC3,ENTPD2
ATP7B,CLU,DLG4,DRD1
ATP7B,NRG1,EGFR,IFIT5
ATP7B,CLU,TTR,CTNND2
ATP7B,NRG1,EGFR,IFIT5
ATP7B,CLU,TXNDC11,DUOX2
ATP7B,ZBTB16,MAP3K3,STUB1,SLC26A3
ATP7B,copper(1+),SOD1,RNF112,LRRC8A
ATP7B,ZBTB16,NCOR2,MGAT5,SLC39A8
ATP7B,ATOX1,TAGLN2,CFL1,PROM1
ATP7B,ZBTB16,TP53,RAD51,FCMR
ATP7B,ZBTB16,TRAF1,TNFRSF13C
ATP7B,NRG1,HLA-DRB1,ATP2A3,HTR3E
ATP7B,ZBTB16,ATP6AP2,ATP6V1A
ATP7B,copper(1+),SOD2,ENO3
ATP7B,ZBTB16,NR3C1,ZFX,SLC6A13
ATP7B,ZBTB16,HDAC1,RBL2,RNF146
ATP7B,ZBTB16,HTT,HADHA,SLC2A8
ATP7B,ZBTB16,MAP3K3,STUB1,CFP,NCR1
ATP7B,ZBTB16,SMAD3,PPARG,GRM7
ATP7B,GOLGA1,UNK,SPCS1,MIGA1
ATP7B,ZBTB16,MAP3K3,STUB1,HPR,CD40LG
ATP7B,ZBTB16,LRIG1,PDGFRA,KLRC2,GALNT13,TREM1
ATP7B,ZBTB16,MTDH,CTCF,PRPF3,ZGPAT
ATP7B,copper(1+),SOD1,RNF112,LAMTOR2
ATP7B,copper(1+),SOD2,ENO3
ATP7B,ZBTB16,UBE2I,PCGF2,KNSTRN
ATP7B,copper(1+),SOD1,RNF112,LMBR1L
ATP7B,NRG1,EGFR,IFIT5
ATP7B,ZBTB16,MAP3K3,STUB1,GPR52
ATP7B,ZBTB16,SMAD3,PPARG,GRM2
ATP7B,copper(1+),SOD1,RNF112,FMNL3
ATP7B,ZBTB16,RARA,MED1,MICAL1
ATP7B,GOLGA1,DVL2,RASSF10,CAPRIN2
ATP7B,copper(1+),SOD1,RNF112,CDHR5
ATP7B,ATOX1,TAGLN2,CFL1,KLHL7
ATP7B,ATOX1,TAGLN2,CFL1,BLTP2
ATP7B,ZBTB16,MAP3K3,STUB1,CCR6
ATP7B,ZBTB16,FHL3,ROR2
ATP7B,copper(1+),SOD1,RNF112,PTN
ATP7B,ZBTB16,KRT40,KPNA2,TNFRSF11B
ATP7B,ZBTB16,RARA,MED1,SYTL1
ATP7B,GOLGA1,MAPRE1,PAFAH1B1,KIRREL3
ATP7B,NRG1,RHOBTB3,RTN4R
ATP7B,CLU,DLG4,DRD1
ATP7B,CLU,PDIA3,TKFC,MANBA
ATP7B,ZBTB16,MAP3K3,STUB1,BDKRB2
ATP7B,ATOX1,ATP7A,OCLN,LPCAT2
ATP7B,ZBTB16,MTDH,CTCF,RNPEP
ATP7B,NRG1,NRAS,DHRS7,HFE
ATP7B,CLU,DLG4,DRD1,KCNIP2
ATP7B,ZBTB16,TRAF1,TNFRSF13C
ATP7B,GOLGA1,MAPRE1,PAFAH1B1,MARCKSL1
ATP7B,copper(1+),SOD1,RNF112,FYB1
ATP7B,copper(1+),SOD1,RNF112,INPP5K
ATP7B,ZBTB16,TRAF1,TNFRSF13C
ATP7B,ZBTB16,MAP3K3,STUB1,KCNQ5
ATP7B,ZBTB16,TP53,RAD51,IL6R
ATP7B,copper(1+),SOD2,ENO3
ATP7B,ZBTB16,HTT,HADHA,MALL
ATP7B,copper(1+),SOD1,RNF112,SERINC5
ATP7B,ATOX1,TAGLN2,CFL1,CA2
ATP7B,NRG1,EGFR,IFIT5,SLC16A2
ATP7B,ZBTB16,TRAF1,TNFRSF13C,NTF3,NTRK3
ATP7B,copper(1+),SOD1,RNF112,MPDZ
ATP7B,ZBTB16,HDAC3,U2AF2,SPINT2
ATP7B,copper(1+),SOD1,RNF112,JAG2
ATP7B,CLU,PLXNA4
ATP7B,ZBTB16,ESR1,STOM
ATP7B,NRG1,MYO19,FLNB
ATP7B,GOLGA1,GOLGB1,DNAJC5
ATP7B,ZBTB16,SMAD3,PPARG,PLGRKT
ATP7B,ZBTB16,SMAD3,PPARG,LILRB4
ATP7B,copper(1+),SOD2,ENO3
ATP7B,ZBTB16,LRIG1,PDGFRA,GFRA3
ATP7B,copper(1+),SOD1,RNF112,DOCK3
ATP7B,copper(1+),SOD1,RNF112,CD9
ATP7B,ZBTB16,HDAC4,RFXANK,MMP16
ATP7B,ZBTB16,SMAD3,PPARG,AKAP11
ATP7B,ZBTB16,MTDH,CTCF,TMEM147
ATP7B,NRG1,ERBB3,DUSP29,TUB
ATP7B,ZBTB16,ATP6AP2,ATP6V1A
ATP7B,ZBTB16,SIN3A,NOTCH2
ATP7B,ZBTB16,MTDH,CTCF,SLC14A2
ATP7B,NRG1,LGR4,ITM2A,GPC3
ATP7B,ZBTB16,MAP3K3,STUB1,RGS10
ATP7B,CLU,DLG4,DRD1
ATP7B,ZBTB16,SMAD3,PPARG,SLC22A11
ATP7B,NRG1,EGFR,IFIT5
ATP7B,NRG1,EGFR,IFIT5
ATP7B,ATOX1,TAGLN2,CFL1,DSC1,CDSN
ATP7B,copper(1+),SOD2,ENO3,CLDN1
ATP7B,ZBTB16,HTT,HADHA,ARAP1
ATP7B,copper(1+),SOD1,RNF112,SERPINB6
ATP7B,ZBTB16,ESR1,STOM
ATP7B,ZBTB16,MAP3K3,STUB1,MYPN
ATP7B,ZBTB16,CEBPA,C1QBP
ATP7B,ZBTB16,ESR1,STOM
ATP7B,ATOX1,ATP7A,OCLN,CSF1R
ATP7B,ZBTB16,SMAD3,PPARG,TNFSF11
ATP7B,ZBTB16,ESR1,STOM
ATP7B,copper(1+),SOD2,ENO3,ENDOD1,ACKR2
ATP7B,GOLGA1,GAPVD1,EPS15L1
ATP7B,ZBTB16,GATA1,CEBPE,TMEM63B
ATP7B,ZBTB16,UBE2I,PCGF2,SLC26A8
ATP7B,ZBTB16,CEBPA,C1QBP,P2RY11
ATP7B,ZBTB16,RARA,MED1,SLC7A4
ATP7B,ZBTB16,SMAD3,PPARG,BTBD17
ATP7B,NRG1,HLA-DPB1,HLA-DPA1
ATP7B,ZBTB16,EP300,H3C7,PLAUR
ATP7B,ZBTB16,TP53,RAD51,PTGER2
ATP7B,ZBTB16,MX1,TRPC7
ATP7B,ZBTB16,TP53,RAD51,RAB29
ATP7B,ZBTB16,UBE2I,PCGF2,CLCN3,CNGA4
ATP7B,copper(1+),SOD1,RNF112,B2M,KIR2DL3
ATP7B,ZBTB16,MAP3K3,STUB1,MC4R
ATP7B,ZBTB16,ESR1,STOM
ATP7B,ZBTB16,HTT,HADHA,GJB2
ATP7B,ZBTB16,SPOP,COP1,PNPLA2
ATP7B,copper(1+),SOD2,ENO3,SLC26A2
ATP7B,ZBTB16,ESR1,STOM
ATP7B,ZBTB16,TRAF1,TNFRSF13C
ATP7B,ZBTB16,RARA,MED1,CHRNA7
ATP7B,GOLGA1,ALMS1,DNM3
ATP7B,NRG1,EGFR,IFIT5
ATP7B,ZBTB16,CEBPA,C1QBP,ACE2,SLC6A19
ATP7B,ZBTB16,SMAD3,PPARG,CD33
ATP7B,ZBTB16,MAP3K3,STUB1,KCNB2
ATP7B,ATOX1,ATP7A,OCLN
ATP7B,NRG1,EGFR,IFIT5,LY86,CD180
ATP7B,NRG1,LIMK1,MBP
ATP7B,NRG1,EGFR,IFIT5
ATP7B,ZBTB16,UBE2I,PCGF2,INPP5J
ATP7B,ZBTB16,ESR1,STOM,ASIC2
ATP7B,NRG1,POMT1,PCDHGB4
ATP7B,copper(1+),SOD1,RNF112,ADD2
ATP7B,GOLGA1,PCNT,SYNGAP1
ATP7B,ZBTB16,MTDH,CTCF,HAUS4,HAUS7
ATP7B,CLU,IKBKB,PSG1
ATP7B,ZBTB16,CDK4,EPHA2
ATP7B,ZBTB16,MTDH,CTCF,HLA-C
ATP7B,ZBTB16,RARA,MED1,CLTC
ATP7B,ZBTB16,RARA,MED1,KCNF1
ATP7B,copper(1+),SOD1,RNF112,SIGIRR
ATP7B,ZBTB16,VTA1,CHMP1B
ATP7B,ZBTB16,SMAD3,PPARG,GCG
ATP7B,ZBTB16,MAP3K3,STUB1,HHIP
ATP7B,ZBTB16,SIN3A,NOTCH2
ATP7B,NRG1,ERBB2,CDH2
ATP7B,ZBTB16,RARA,MED1,ICAM5
ATP7B,ZBTB16,SMAD3,PPARG,BTLA
ATP7B,ZBTB16,HDAC6,H2BC13,RAB3D
ATP7B,ZBTB16,MAP3K3,STUB1,SLC7A14
ATP7B,copper(1+),SOD2,ENO3,OSBPL3
ATP7B,NRG1,ERBB2,CDH2
ATP7B,NRG1,LIMK1,MBP
ATP7B,ZBTB16,miR-146a,CXCR4,ACKR3
ATP7B,ZBTB16,CEBPA,C1QBP
ATP7B,CLU,TXNDC11,DUOX2,DUOXA1
ATP7B,GOLGA1,CEP192,PRRC2A
ATP7B,copper(1+),SOD1,RNF112,DHH
ATP7B,copper(1+),SOD1,RNF112,ANKRD13A
ATP7B,ZBTB16,NR3C1,ZFX,RAB3B
ATP7B,ZBTB16,HDAC4,RFXANK,XKRX
ATP7B,copper(1+),SOD2,ENO3,CYTH1
ATP7B,ZBTB16,HTT,HADHA,UPK2
ATP7B,copper(1+),SOD3,SGTA,CDH15
ATP7B,NRG1,RHOBTB3,RTN4R
ATP7B,NRG1,MGST3,NME3,RASGRP2
ATP7B,ZBTB16,MTDH,CTCF,ACVR2A
ATP7B,ZBTB16,SIN3A,NOTCH2
ATP7B,ZBTB16,ESR1,STOM,TRARG1
ATP7B,ZBTB16,RARA,MED1,MAGI3
ATP7B,ZBTB16,GATA1,CEBPE
ATP7B,ZBTB16,TRAF1,TNFRSF13C
ATP7B,ZBTB16,NR3C1,ZFX,SMPD2
ATP7B,ZBTB16,HTT,HADHA,SERINC3
ATP7B,copper(1+),SOD1,RNF112,PAK3
ATP7B,GOLGA1,GOLGB1,DNAJC5
ATP7B,copper(1+),SOD1,RNF112,CXorf38,CDHR3
ATP7B,CLU,DLG4,DRD1
ATP7B,copper(1+),SOD1,RNF112,AQP2
ATP7B,copper(1+),SOD1,RNF112,AMPH
ATP7B,copper(1+),SOD1,RNF112,LRRC32,ERVMER34-1
ATP7B,ZBTB16,SMAD3,PPARG,ABCG4
ATP7B,CLU,DLG4,DRD1
ATP7B,CLU,DLG4,DRD1
ATP7B,ZBTB16,FHL5,ZBTB33
ATP7B,ZBTB16,SMAD3,PPARG,SCN1B
ATP7B,ZBTB16,GATA1,CEBPE
ATP7B,GOLGA1,TTC28,IFNLR1
ATP7B,ZBTB16,NR3C1,ZFX,HYAL3
ATP7B,ZBTB16,HTT,HADHA,CTSF
ATP7B,NRG1,ERBB2,CDH2
ATP7B,NRG1,EGFR,IFIT5,UNC5A
ATP7B,ZBTB16,KRT40,KPNA2,RASGEF1A
ATP7B,ZBTB16,MAP3K3,STUB1,CELSR3
ATP7B,ZBTB16,HTT,HADHA,CLNS1A
ATP7B,ZBTB16,CDK4,EPHA2
ATP7B,ZBTB16,REL,EIF5A2,SLC12A4
ATP7B,ATOX1,ATP7A,OCLN,SLC22A4,SLC5A6
ATP7B,copper(1+),SOD2,ENO3,MTFR1
ATP7B,NRG1,LGR4,ITM2A
ATP7B,ZBTB16,SMAD3,PPARG,LPP
ATP7B,NRG1,MYO19,FLNB
ATP7B,ZBTB16,CBX5,ZNF292,CBLIF,CUBN
ATP7B,ZBTB16,SIN3A,NOTCH2
ATP7B,GOLGA1,CEP192,PRRC2A,TRPV5
ATP7B,CLU,DLG4,DRD1,PLB1
ATP7B,copper(1+),SOD1,RNF112,ATP10D
ATP7B,ZBTB16,TRAF1,TNFRSF13C
ATP7B,GOLGA1,VAMP4,STX8,TMEM87A
ATP7B,copper(1+),SOD1,RNF112,CARD11
ATP7B,CLU,IKBKB,PSG1
ATP7B,ZBTB16,GATA1,CEBPE
ATP7B,ZBTB16,ATP6AP2,ATP6V1A
ATP7B,NRG1,ERBB2,CDH2
ATP7B,ZBTB16,SMAD3,PPARG,APOLD1
ATP7B,ZBTB16,ESR1,STOM
ATP7B,ATOX1,TAGLN2,CFL1,CMYA5
ATP7B,ZBTB16,HDAC4,RFXANK,SLC16A5
ATP7B,NRG1,HLA-DPB1,HLA-DPA1
ATP7B,copper(1+),SOD1,RNF112,ARRDC1
ATP7B,ZBTB16,ESR1,STOM
ATP7B,CLU,DLG4,DRD1
ATP7B,copper(1+),SOD1,RNF112,GAS6,PCDHA3
ATP7B,ZBTB16,ATP6AP2,ATP6V1A
ATP7B,ZBTB16,KLK4,KCNIP4
ATP7B,ZBTB16,FHL3,ROR2,PTP4A3
ATP7B,ZBTB16,GATA1,CEBPE
ATP7B,ZBTB16,MAP3K3,STUB1,TRPM7
ATP7B,ZBTB16,HTT,HADHA,GAS8
ATP7B,ZBTB16,RARA,MED1,IL10RB
ATP7B,ZBTB16,MAP3K3,STUB1,NPY2R
ATP7B,ZBTB16,EP300,H3C7,CLINT1
ATP7B,copper(1+),SOD1,RNF112,TRAK2
ATP7B,ZBTB16,EEF1A1,ECPAS,ADA
ATP7B,ZBTB16,NR3C1,ZFX,CYP2C19
ATP7B,ZBTB16,HTT,HADHA,SLC1A5
ATP7B,NRG1,S100A4,WDFY3
ATP7B,ZBTB16,RXRA,PPARGC1A,PODXL2
ATP7B,ZBTB16,RUNX1T1,KRT33B,SYT17
ATP7B,copper(1+),SOD1,RNF112,GPNMB
ATP7B,ZBTB16,HDAC1,RBL2,SMPD3
ATP7B,ZBTB16,MAP3K3,STUB1,MRGPRD
ATP7B,NRG1,POMT1,PCDHGB4
ATP7B,copper(1+),SOD1,RNF112,ENAH
ATP7B,ZBTB16,HDAC4,RFXANK,SPRY1
ATP7B,copper(1+),SOD1,RNF112,PALS2
ATP7B,ZBTB16,SMAD3,PPARG,PSG9
ATP7B,ZBTB16,GATA1,CEBPE
ATP7B,ZBTB16,MAP3K3,STUB1,CDC42
ATP7B,ZBTB16,FHL5,ZBTB33
ATP7B,copper(1+),SOD1,RNF112,MRPL44
ATP7B,copper(1+),SOD1,RNF112,UNC80
ATP7B,ZBTB16,TRAF1,TNFRSF13C
ATP7B,ZBTB16,NR3C1,ZFX,GOLM1
ATP7B,NRG1,LIMK1,MBP
ATP7B,ZBTB16,RARA,MED1,HLA-G,KIR2DL4
ATP7B,NRG1,HLA-DRB1
ATP7B,ZBTB16,MTDH,CTCF,MGLL
ATP7B,NRG1,ERBB2,CDH2
ATP7B,GOLGA1,VAMP4,STX8
ATP7B,copper(1+),SOD1,RNF112,MICAL3
ATP7B,GOLGA1,VAMP4,STX8,TBC1D30
ATP7B,ZBTB16,COG6,COG3
ATP7B,copper(1+),SOD1,RNF112,ARHGAP19
ATP7B,GOLGA1,GAPVD1
ATP7B,ZBTB16,NR3C1,ZFX,SYTL3
ATP7B,copper(1+),SOD1,RNF112,HLA-DRB5
ATP7B,NRG1,MYO19,FLNB
ATP7B,GOLGA1,SSX2IP,DHX35,PRSS41
ATP7B,ZBTB16,HTT,HADHA,NSMF
ATP7B,copper(1+),SOD1,RNF112,LAMTOR1
ATP7B,CLU,DLG4,DRD1
ATP7B,ZBTB16,ESR1,STOM
ATP7B,ZBTB16,MTDH,CTCF,CFAP95
ATP7B,ZBTB16,RAP2A,ANLN,RAB17
ATP7B,ZBTB16,EEF1A1,ECPAS,CRCP
ATP7B,NRG1,RHOBTB3,RTN4R,ADGRG6
ATP7B,ZBTB16,CEBPA,C1QBP,VSTM4
ATP7B,ZBTB16,EZH2,FBXW11,KLRK1,RAET1L
ATP7B,copper(1+),SOD1,RNF112,ARHGAP21
ATP7B,copper(1+),SOD2,ENO3,GPA33
ATP7B,ZBTB16,FHL3,ROR2
ATP7B,ZBTB16,HDAC4,RFXANK,DENND2B
ATP7B,copper(1+),SOD2,ENO3,COPB1
ATP7B,ZBTB16,ESR1,STOM
ATP7B,ZBTB16,ESR1,STOM
ATP7B,copper(1+),SOD2,ENO3
ATP7B,ATOX1,TAGLN2,CFL1,RGS2
ATP7B,copper(1+),SOD1,RNF112,RNF5
ATP7B,copper(1+),SOD1,RNF112,SLC7A8
ATP7B,GOLGA1,GOLGB1,DNAJC5,JAML
ATP7B,copper(1+),SOD1,RNF112,SEMA4F
ATP7B,ZBTB16,HTT,HADHA,SLC7A9
ATP7B,copper(1+),SOD1,RNF112,CAMKV
ATP7B,copper(1+),SOD1,RNF112,ADCY3,CNGA3,CNGB3
ATP7B,ZBTB16,HDAC1,RBL2,GDF5
ATP7B,ZBTB16,MTDH,CTCF,ZNF397
ATP7B,CLU,LRP2
ATP7B,GOLGA1,CEP192,PRRC2A
ATP7B,GOLGA1,PCNT,SYNGAP1
ATP7B,copper(1+),SOD1,RNF112,B2M,KIR2DL3
ATP7B,ZBTB16,RARA,MED1,CDH11
ATP7B,copper(1+),SOD2,ENO3,HTR2A
ATP7B,ZBTB16,HTT,HADHA,GSDMD
ATP7B,GOLGA1,CEP192,PRRC2A
ATP7B,ZBTB16,MAP3K3,STUB1,MILR1
ATP7B,NRG1,EGFR,IFIT5
ATP7B,ZBTB16,HDAC4,RFXANK,APPL2
ATP7B,copper(1+),SOD1,RNF112,TMEM179B,SLC47A1
ATP7B,ZBTB16,CEBPA,C1QBP
ATP7B,ZBTB16,RARA,MED1,SELPLG
ATP7B,GOLGA1,FAM107B,CALD1
ATP7B,ATOX1,ATP7A,OCLN,CD19
ATP7B,copper(1+),SOD1,RNF112,MPDZ,OR1D2
ATP7B,ZBTB16,MTDH,CTCF,RYK
ATP7B,copper(1+),SOD1,RNF112,DPP10
ATP7B,NRG1,LIMK1,MBP
ATP7B,ATOX1,TAGLN2,CFL1,DMTN
ATP7B,copper(1+),SOD1,RNF112,MAGT1
ATP7B,ZBTB16,MTDH,CTCF,DYNC2H1
ATP7B,ZBTB16,TRAF1,TNFRSF13C
ATP7B,ZBTB16,LRIG1,PDGFRA,GFRA1
ATP7B,ZBTB16,UBE2I,PCGF2,ARHGEF39
ATP7B,CLU,DLG4,DRD1
ATP7B,ZBTB16,FHL3,ROR2,SSTR3
ATP7B,ZBTB16,HTT,HADHA,QRFPR
ATP7B,copper(1+),SOD1,RNF112,CA4
ATP7B,copper(1+),SOD1,RNF112,MARCHF7
ATP7B,copper(1+),SOD2,ENO3,COPE,SLC35A1
ATP7B,ZBTB16,MAP3K3,STUB1,NMUR2
ATP7B,ZBTB16,MAP3K3,STUB1,GNG4
ATP7B,ZBTB16,KRT40,KPNA2,ALX1,OR52L1
ATP7B,ZBTB16,ESR1,STOM
ATP7B,NRG1,EGFR,IFIT5
ATP7B,GOLGA1,VAMP4
ATP7B,ZBTB16,CEBPA,C1QBP
ATP7B,NRG1,HLA-DPB1,HLA-DPA1
ATP7B,ZBTB16,TP53,RAD51,ADGRB3
ATP7B,ZBTB16,SMAD3,PPARG,LPL
ATP7B,ZBTB16,HDAC5,HNRNPR,CDHR4
ATP7B,ZBTB16,ESR1,STOM
ATP7B,ZBTB16,MAP3K3,STUB1,PTH2R
ATP7B,copper(1+),SOD1,RNF112,SLC5A5
ATP7B,ZBTB16,AR,MID1,SLC16A14
ATP7B,ZBTB16,LRIG1,PDGFRA
ATP7B,ZBTB16,CDK4,EPHA2
ATP7B,NRG1,EGFR,IFIT5
ATP7B,ZBTB16,NR3C1,ZFX,C3AR1
ATP7B,ZBTB16,GATA1,CEBPE
ATP7B,ZBTB16,ATP6AP2,ATP6V1A
ATP7B,NRG1,ERBB2,CDH2,VNN2
ATP7B,copper(1+),SOD2,ENO3,RAB39A
ATP7B,NRG1,LGR4,ITM2A,CLEC4M
ATP7B,ZBTB16,PRKCE,SERPINB9,S1PR4
ATP7B,copper(1+),SOD2,ENO3,WASHC2A
ATP7B,ZBTB16,FHL5,ZBTB33
ATP7B,ZBTB16,NR3C1,ZFX,CD38
ATP7B,ZBTB16,RARA,MED1,XK
ATP7B,NRG1,HLA-DPB1,HLA-DPA1
ATP7B,NRG1,MYO19,FLNB
ATP7B,copper(1+),SOD2,ENO3,ABCG2
ATP7B,copper(1+),SOD1,RNF112,RHPN2
ATP7B,NRG1,ERBB2,CDH2
ATP7B,ZBTB16,CEBPA,C1QBP,F5
ATP7B,ZBTB16,FHL3,ROR2
ATP7B,copper(1+),SOD1,RNF112,ARHGAP33
ATP7B,copper(1+),SOD2,ENO3
ATP7B,GOLGA1,UNK,SPCS1,SLC10A1
ATP7B,copper(1+),SOD1,RNF112,ASPSCR1
ATP7B,ZBTB16,MAP3K3,STUB1,SSTR4
ATP7B,ZBTB16,ATP6AP2,ATP6V1A
ATP7B,GOLGA1,SLAIN2,POTEF,PCDHGA11
ATP7B,CLU,IKBKB,PSG1
ATP7B,ZBTB16,AR,MID1,SLC2A13
ATP7B,ZBTB16,SIN3A,NOTCH2
ATP7B,ZBTB16,MAP3K3,STUB1,GPR88
ATP7B,NRG1,LGR4,ITM2A,SLC26A1
ATP7B,ZBTB16,RAP2A,ANLN,TPRA1
ATP7B,ZBTB16,ESR1,STOM
ATP7B,ZBTB16,HTT,HADHA,WLS,WNT7B
