MPO,LTF,NTRK1,BAIAP2
MPO,LTF,GSK3A,HNRNPU,MYD88
MPO,APOA1,JAK2,PTPN6,VIL1
MPO,APOA1,JAK2,PTPN6,DNAJC13
MPO,PRTN3,HSPA5,LOC102723407,SLC4A4
MPO,CAT,SOD1,ATOX1,AOC1
MPO,CAT,CCDC8,COPB1
MPO,CAT,JUP,CDH8
MPO,LTF,CHD3,ATAD5,RAB19
MPO,MPO-ANCA,ROS,SNCA,TRAF7
MPO,APOA1,JAK2,PTPN6,ADRB2,GRK3
MPO,APOA1,APOB,MDM2
MPO,LTF,TMEM237,ARF6,PCDHGA4
MPO,CAT,CFTR,PSMA2,LRRC8B
MPO,LTF,FRMD1,DSG3,EFNA2
MPO,LTF,CEBPA,C1QBP
MPO,LTF,S100A8,RPL35A,CDK7
MPO,APOA1,FBLN1,CCN2
MPO,LTF,NTRK1,BAIAP2,GNG7
MPO,CAT,ABL1,WNK2
MPO,LTF,NTRK1,BAIAP2,TMPRSS4
MPO,LTF,NTRK1,BAIAP2
MPO,APOA1,JAK2,PTPN6,PTGER3
MPO,LTF,NTRK1,BAIAP2
MPO,CAT,ABL1,WNK2
MPO,LTF,NTRK1,BAIAP2,TRHR
MPO,LTF,GSK3A,HNRNPU,CDH9
MPO,CAT,CCDC8,COPB1
MPO,LTF,NTRK1,BAIAP2
MPO,CAT,CCDC8,COPB1
MPO,LTF,ZNF250,TRIM54,ABCB4
MPO,APOA1,FBLN1,CCN2,FZD3
MPO,LTF,NTRK1,BAIAP2
MPO,APOA1,JAK2,PTPN6,GRIN2A
MPO,CAT,NFKB1,GLUL
MPO,LTF,GSK3A,HNRNPU,ATP6V1D
MPO,LTF,NTRK1,BAIAP2,ATP1A4
MPO,PRTN3,AGT,ACE2
MPO,APOA1,ABCA1,AOX1,PIP4K2C
MPO,APOA1,JAK2,PTPN6,ANOS1
MPO,APOA1,ABCA1,AOX1,PGRMC1,CYP2C8
MPO,APOA1,JAK2,PTPN6,RHBDF2
MPO,APOA1,JAK2,PTPN6,S100A6,EFR3B
MPO,APOA1,JAK2,PTPN6,ZNF136,SLC2A9
MPO,LTF,NTRK1,BAIAP2
MPO,APOA1,JAK2,PTPN6,EGFL7,ADAM21
MPO,APOA1,FBLN1,CCN2,ZNRF3
MPO,APOA1,APOB,MDM2
MPO,LTF,NTRK1,BAIAP2,FNBP1L
MPO,LTF,SLITRK2,NRAS,RGL3
MPO,APOA1,JAK2,PTPN6,LILRB3
MPO,LTF,NTRK1,BAIAP2,FXYD6
MPO,CAT,ABL1,WNK2
MPO,APOA1,JAK2,PTPN6,MGST3,AQP10
MPO,CAT,ABL1,WNK2
MPO,LTF,CEBPA,C1QBP
MPO,LTF,GSK3A,HNRNPU,THEM4
MPO,LTF,GSK3A,HNRNPU,FILIP1
MPO,LTF,CEBPA,C1QBP
MPO,APOA1,FGA,FGG,SGIP1
MPO,APOA1,JAK2,PTPN6,C1orf210
MPO,APOA1,FN1,COL1A1,FSHR
MPO,APOA1,JAK2,PTPN6,NPR1
MPO,APOA1,APOB,MDM2,SDC2
MPO,APOA1,JAK2,PTPN6,CD40
MPO,PRTN3,CCR1
MPO,APOA1,LCN1,HP,C4BPA
MPO,LTF,CEBPA,C1QBP,UGT8
MPO,CAT,NFKB1,GLUL
MPO,CAT,ABL1,WNK2
MPO,PRTN3,MIA3,RMDN3,ABCA6,ABCA8
MPO,APOA1,JAK2,PTPN6,NOS1
MPO,APOA1,JAK2,PTPN6,MUC2
MPO,APOA1,JAK2,PTPN6,CD82
MPO,APOA1,JAK2,PTPN6,EPB41L1
MPO,LTF,GSK3B,SMARCA2,SLC17A7
MPO,LTF,NTRK1,BAIAP2
MPO,PRTN3,DNAJA3,NDUFA5,PLSCR5
MPO,LTF,TMEM237,ARF6
MPO,LTF,NTRK1,BAIAP2,PCDHB16
MPO,CAT,LRRK2,ZC3H15,HTR3C
MPO,CAT,CCDC8,COPB1
MPO,LTF,NTRK1,BAIAP2
MPO,CAT,ABL1,WNK2,DRP2
MPO,LTF,OASL,HSPA6,CHMP6
MPO,APOA1,NAXE,RHOA,CRIM1
MPO,LTF,CHD4,EIF4G2,ABCA2
MPO,APOA1,JAK2,PTPN6,PIK3AP1
MPO,CAT,LRRK2,ZC3H15,PHKB
MPO,LTF,GSK3A,HNRNPU,STX1B
MPO,APOA1,ABCA1,AOX1,HTR2C
MPO,LTF,NTRK1,BAIAP2,ARL4A
MPO,CAT,ABL1,WNK2
MPO,APOA1
MPO,APOA1,FGA,FGG
MPO,CAT,CCDC8,COPB1
MPO,APOA1,LCN1,HP,CYBB
MPO,APOA1,FN1,COL1A1,RAB3GAP2
MPO,LTF,TMEM237,ARF6,CHP2
MPO,LTF,S100A8,RPL35A,SELENOS
MPO,CAT,SH2D3C,GSN,CHRNA3
MPO,CAT,ABL1,WNK2
MPO,CAT,NUDT12,EPS8L1
MPO,CAT,ACOX3,CENPH,GCA
MPO,CAT,ABL1,WNK2
MPO,LTF,NTRK1,BAIAP2
MPO,APOA1,ABCA1,AOX1,DRD3
MPO,CAT,JUP,CDH8
MPO,LTF,GSK3B,SMARCA2,KLRG1
MPO,APOA1,CLEC4G,PTPN5
MPO,APOA1,JAK2,PTPN6,KCNH7
MPO,LTF,S100A8,RPL35A,RAB40C
MPO,APOA1,JAK2,PTPN6,ASF1B,CDAN1
MPO,APOA1,APOE,ST13,CNTN4
MPO,MPO-ANCA,ROS,SNCA,P2RY8
MPO,APOA1,FBLN1,CCN2,SIGLECL1
MPO,LTF,GSK3A,HNRNPU,KCNN2
MPO,LTF,GSK3B,SMARCA2,GPR3
MPO,APOA1,APOB,MDM2,PCDHB1
MPO,CAT,DECR2,TMPRSS5
MPO,APOA1,FBLN1,CCN2,ATP11C
MPO,CAT,ABL1,WNK2
MPO,APOA1,JAK2,PTPN6,ZP2
MPO,APOA1,FBLN1,CCN2
MPO,CAT,CCDC8,COPB1
MPO,APOA1,JAK2,PTPN6,STAMBP
MPO,APOA1,APOB,MDM2,CD1E
MPO,APOA1,APOE,ST13,RAB9A
MPO,LTF,NTRK1,BAIAP2,PI4KA,TTC7B
MPO,APOA1,JAK2,PTPN6,OSBPL7
MPO,PRTN3,MIA3,RMDN3,STS
MPO,LTF,NTRK1,BAIAP2
MPO,APOA1,NAXE,RHOA,KIAA0319L
MPO,APOA1,FGA,FGG
MPO,CAT,PRDX2,SPR,NLGN4Y
MPO,CAT,NFKB1,GLUL
MPO,LTF,NTRK1,BAIAP2,SPN
MPO,LTF,CHD4,EIF4G2,TGFB3
MPO,LTF,ZNF250,TRIM54,TNFRSF19
MPO,APOA1,JAK2,PTPN6,LRIG3
MPO,APOA1,ABCA1,AOX1,HIPK3
MPO,LTF,CEBPA,C1QBP
MPO,APOA1,FBLN1,CCN2
MPO,APOA1,FBLN1,CCN2,WLS
MPO,LTF,NTRK1,BAIAP2
MPO,APOA1,FBLN1,CCN2,CCNDBP1,NAIF1
MPO,LTF,GSK3A,HNRNPU,UCN,CRHR2
MPO,APOA1,JAK2,PTPN6,FLOT1
MPO,APOA1,JAK2,PTPN6,STK17A
MPO,LTF,NTRK1,BAIAP2,MC2R
MPO,LTF,NTRK1,BAIAP2,AQP6,TSPO2
MPO,CAT,CCDC8,COPB1
MPO,APOA1,FBLN1,CCN2
MPO,CAT,NFKB1,GLUL
MPO,APOA1,JAK2,PTPN6,GRK2
MPO,APOA1,JAK2,PTPN6,AGPAT3
MPO,APOA1,APOE,ST13,GPR37L1
MPO,LTF,NTRK1,BAIAP2
MPO,APOA1,JAK2,PTPN6,TMPRSS11E
MPO,CAT,RAB14,TMED10
MPO,LTF,ITLN1,DHRS7B,VARS2,AMACR
MPO,ELANE,THBS1,PSG11
MPO,LTF,OASL,HSPA6,MPP2
MPO,APOA1,FN1,COL1A1,CCDC124
MPO,APOA1,NAXE,RHOA,PREX2
MPO,LTF,NTRK1,BAIAP2
MPO,LTF,CHD3,ATAD5,TRIM16
MPO,CAT,ABL1,WNK2
MPO,LTF,CEBPA,C1QBP
MPO,APOA1,JAK2,PTPN6,LIFR
MPO,LTF,NTRK1,BAIAP2,SLC8A1
MPO,CAT,ABL1,WNK2,PLA2G4C
MPO,ELANE,MIB2
MPO,LTF,NTRK1,BAIAP2
MPO,CAT,ABL1,WNK2,EPS8L3
MPO,APOA1,JAK2,PTPN6,ROBO3
MPO,PRTN3,SMAD3,LDLRAD4,SLC3A1
MPO,APOA1,JAK2,PTPN6,CLCN2
MPO,LTF,TMEM237,ARF6,LRP12,NMRK2
MPO,APOA1,JAK2,PTPN6,SLAMF6,FPGT,NLN
MPO,APOA1,JAK2,PTPN6,TGFBR2
MPO,LTF,NTRK1,BAIAP2
MPO,CAT,DECR2,TMPRSS5,NAA30,NAA35
MPO,MPO-ANCA,ROS,SNCA,GABBR2
MPO,APOA1,JAK2,PTPN6,FNBP1
MPO,APOA1,JAK2,PTPN6,VPS4B
MPO,LTF,SLITRK2,NRAS,BTN3A1
MPO,APOA1,ABCA1,AOX1,GPC4
MPO,APOA1,FBLN1,CCN2
MPO,LTF,GSK3A,HNRNPU,EHD3
MPO,CAT,HDAC2,USP17L2,MS4A2
MPO,LTF,NTRK1,BAIAP2
MPO,LTF,GSK3A,HNRNPU,RDH8
MPO,APOA1,JAK2,PTPN6,PCDHB14
MPO,LTF,GSK3A,HNRNPU,CLDN3
MPO,APOA1,JAK2,PTPN6,SAT1
MPO,APOA1,JAK2,PTPN6,BTNL2
MPO,LTF,NTRK1,BAIAP2,SLC1A1
MPO,LTF,NTRK1,BAIAP2
MPO,LTF,NTRK1,BAIAP2,ENTPD2
MPO,APOA1,TTR,CTNND2
MPO,APOA1,FBLN7,TUBB2B,DUOX2
MPO,CAT,SH2D3C,GSN
MPO,CAT,LRRK2,ZC3H15,SLC26A3
MPO,APOA1,NAXE,RHOA,LRRC8A
MPO,PRTN3,HSPA5,LOC102723407,SLC39A8
MPO,LTF,S100A8,RPL35A,ANKRD2,FCMR
MPO,APOA1,JAK2,PTPN6,PROM1
MPO,CAT,CFTR,PSMA2,HTR3E
MPO,CAT,CCDC8,COPB1
MPO,LTF,AEBP2,BTRC,SLC6A13
MPO,LTF,S100A9,PPP2R2A,RAB33A
MPO,LTF,GSK3A,HNRNPU,RNF146
MPO,LTF,NTRK1,BAIAP2,SLC2A8
MPO,LTF,GSK3A,HNRNPU,GRM7
MPO,PRTN3,CFP,NCR1
MPO,CAT,LRRK2,ZC3H15,MIGA1
MPO,LTF,S100A8,RPL35A,PLPP3
MPO,CAT,CCDC8
MPO,LTF,OASL,HSPA6,KLRC2,GALNT13,TREM1
MPO,APOA1,APOA2,MATN2,HPR,CD40LG
MPO,LTF,CHD4,EIF4G2,ZGPAT
MPO,CAT,RAB14,TMED10
MPO,LTF,GSK3B,SMARCA2,KNSTRN
MPO,CAT,RAB14,TMED10
MPO,CAT,ABL1,WNK2
MPO,LTF,NTRK1,BAIAP2,GPR52
MPO,LTF,GSK3B,SMARCA2,GRM2
MPO,APOA1,NAXE,RHOA,FMNL3
MPO,APOA1,APOB,MDM2,CAPRIN2
MPO,APOA1,APOE,ST13,CDHR5
MPO,LTF,NTRK1,BAIAP2,SAMHD1
MPO,LTF,NTRK1,BAIAP2
MPO,LTF,GSK3A,HNRNPU,KLHL7
MPO,LTF,CHD4,EIF4G2,BLTP2
MPO,LTF,NTRK1,BAIAP2,CCR6
MPO,APOA1,JAK2,PTPN6,RELT
MPO,APOA1,JAK2,PTPN6,TRIP6
MPO,LTF,NTRK1,BAIAP2,PTN
MPO,APOA1,FBLN1,CCN2,TNFRSF11B
MPO,LTF,GSK3A,HNRNPU,SYTL1
MPO,APOA1,FBLN1,CCN2
MPO,APOA1,JAK2,PTPN6,BDKRB2
MPO,CAT,SH2D3C,GSN
MPO,LTF,NTRK1,BAIAP2
MPO,LTF,NTRK1,BAIAP2
MPO,CAT,NFKB1,GLUL
MPO,CAT,SH2D3C,GSN
MPO,LTF,MAPK15,WDR81,HFE
MPO,CAT,JUP,CDH8
MPO,APOA1,JAK2,PTPN6,KCND3,KCNIP2
MPO,APOA1,APOE,ST13,DCTN2,MARCKSL1
MPO,LTF,CEBPA,C1QBP
MPO,CAT,ABL1,WNK2
MPO,LTF,CHD4,EIF4G2,INPP5K
MPO,CAT,RAB14,TMED10
MPO,LTF,GSK3A,HNRNPU,KCNQ5
MPO,APOA1,JAK2,PTPN6,IL6ST,IL6R
MPO,LTF,SLITRK2,NRAS,MALL
MPO,CAT,PEX5,ZNF772,SERINC5
MPO,APOA1,ALB,RNF123,CA2
MPO,APOA1,JAK2,PTPN6,DLK1,SLC16A2
MPO,APOA1,JAK2,PTPN6,NTF3,NTRK3
MPO,ELANE,FKRP,SLC7A14
MPO,CAT,SH2D3C,GSN
MPO,PRTN3,TUBA4A,IQCN,SPINT2
MPO,ELANE,MIB2,CYLD
MPO,CAT,CCDC8,COPB1
MPO,LTF,NTRK1,BAIAP2
MPO,LTF,NTRK1,BAIAP2
MPO,APOA1,NAXE,RHOA,YKT6
MPO,CAT,RAB14,TMED10
MPO,LTF,NTRK1,BAIAP2
MPO,PRTN3,SMAD3,LDLRAD4,PLGRKT
MPO,APOA1,JAK2,PTPN6,LILRB4
MPO,LTF,NTRK1,BAIAP2,GFRA3
MPO,APOA1,JAK2,PTPN6,NOD2
MPO,CAT,ABL1,WNK2
MPO,APOA1,APOB,MDM2,CD9
MPO,APOA1,APOE,ST13,RNF144A
MPO,APOA1,FN1,COL1A1,MMP16
MPO,LTF,NTRK1,BAIAP2
MPO,APOA1,APOB,MDM2,TMEM147
MPO,APOA1,JAK2,PTPN6,PIK3CD
MPO,CAT,ABL1,WNK2
MPO,CAT,RAB14,TMED10
MPO,LTF,NTRK1,BAIAP2,TUB
MPO,LTF,NTRK1,BAIAP2
MPO,LTF,NTRK1,BAIAP2
MPO,APOA1,APOB,MDM2,SLC14A2
MPO,PRTN3,TUBA4A,IQCN,GPC3
MPO,LTF,GSK3A,HNRNPU,RGS10
MPO,LTF,PMEPA1,NCOR1,SLC22A11
MPO,LTF,CHD4,EIF4G2,CDSN
MPO,APOA1,JAK2,PTPN6,CLDN1
MPO,APOA1,FGA,FGG,SERPINB6
MPO,PRTN3,TUBB,EML1,ARAP1
MPO,CAT,HSPE1,WDR1
MPO,APOA1,JAK2
MPO,APOA1,JAK2,PTPN6,MYPN
MPO,LTF,CEBPA,C1QBP
MPO,APOA1,JAK2,PTPN6,CSF1R
MPO,PRTN3,SMAD3,LDLRAD4,TNFSF11
MPO,MPO-ANCA,ROS,SNCA,SIGMAR1,SLC31A2
MPO,APOA1,JAK2,PTPN6,SLC7A4
MPO,LTF,ZNF250,TRIM54,P2RY11
MPO,LTF,CHD4,EIF4G2,BTBD17
MPO,APOA1,PDE1A,PDE1C,CD74
MPO,APOA1,APOE,ST13,PLAU,PLAUR
MPO,MPO-ANCA,ROS,SNCA
MPO,LTF,ITLN1,DHRS7B,CERK
MPO,LTF,GSK3B,SMARCA2,PTGER2
MPO,APOA1,JAK2,PTPN6,SH2D3A,GSDMA
MPO,PRTN3,AGT,ACE2
MPO,LTF,S100A8,RPL35A,RAB29
MPO,CAT,RAB14,TMED10
MPO,LTF,NTRK1,BAIAP2,CLCN3,CNGA4
MPO,CAT,JUP,CDH8
MPO,LTF,GSK3A,HNRNPU,MC4R
MPO,LTF,NTRK1,BAIAP2,GJB2
MPO,APOA1,APOE,ST13,DCTN2,MARCKSL1
MPO,MPO-ANCA,ROS,SNCA,COP1,PNPLA2
MPO,APOA1,FBLN1,CCN2
MPO,LTF,NTRK1,BAIAP2
MPO,CAT,NFKB1,GLUL
MPO,LTF,S100A8,RPL35A,ABHD12
MPO,CAT,CCDC8,COPB1
MPO,APOA1,JAK2,PTPN6,CHRNA7
MPO,APOA1,FBLN1,CCN2,LRFN3
MPO,APOA1,JAK2,PTPN6,EPN1
MPO,APOA1,JAK2,PTPN6,OPCML
MPO,LTF,NTRK1,BAIAP2,KCNB2
MPO,LTF,NTRK1
MPO,APOA1,JAK2,PTPN6,CD33
MPO,APOA1,FBLN1,CCN2,LY86,CD180
MPO,APOA1,JAK2,PTPN6,EXOC6
MPO,LTF,NTRK1,BAIAP2,INPP5J
MPO,APOA1,JAK2,PTPN6,STOM,STOML1
MPO,LTF,NTRK1,BAIAP2
MPO,LTF,GSK3A,HNRNPU,SLC6A1
MPO,PRTN3,F2RL1
MPO,APOA1,JAK2,PTPN6,ADD2
MPO,APOA1,JAK2,PTPN6,SLC7A11
MPO,LTF,GSK3B,SMARCA2,HAUS7
MPO,APOA1,JAK2,PTPN6,HLA-C
MPO,APOA1,JAK2,PTPN6,PIK3CG
MPO,CAT,RAB14,TMED10
MPO,APOA1,JAK2,PTPN6,CLTC
MPO,LTF,FOXN3,RFX1,KCNF1
MPO,CAT,NFKB1,GLUL
MPO,LTF,S100A9,PPP2R2A,GCG
MPO,LTF,GSK3B,SMARCA2,HHIP
MPO,LTF,NTRK1,BAIAP2
MPO,CAT,ABL1,WNK2
MPO,LTF,OASL,HSPA6,CFC1
MPO,APOA1,APOE,ST13,FLRT3
MPO,LTF,NTRK1,BAIAP2,ICAM5
MPO,APOA1,JAK2,PTPN6,BTLA
MPO,CAT,RAB14,TMED10,RAB3D
MPO,ELANE,FKRP,SLC7A14
MPO,APOA1,NAXE,RHOA,OSBPL3
MPO,LTF,GSK3B,SMARCA2,ACKR3
MPO,LTF,CEBPA,C1QBP
MPO,APOA1,FBLN7,TUBB2B,DUOX1,DUOXA1
MPO,APOA1,ALB,RNF123,PCDHB15
MPO,APOA1,FBLN1,CCN2
MPO,LTF,NTRK1,BAIAP2,ANKRD13A
MPO,LTF,NTRK1,BAIAP2,RAB3B
MPO,APOA1,JAK2,PTPN6,SSTR1
MPO,CAT,LRRK2,ZC3H15,XKRX
MPO,LTF,GSK3A,HNRNPU,CYTH1
MPO,ELANE,THBS1,PSG11
MPO,LTF,TMEM237,ARF6,UPK2
MPO,LTF,ITLN1,DHRS7B,GP5
MPO,LTF,PMEPA1,NCOR1,CDH15
MPO,LTF,NTRK1,BAIAP2
MPO,CAT,ABL2,EPHB4
MPO,LTF,NTRK1,BAIAP2
MPO,LTF,GSK3B,SMARCA2,RASGRP2
MPO,LTF,NTRK1,BAIAP2
MPO,APOA1,FBLN1,CCN2,ACVR2A
MPO,CAT,CCDC8,COPB1
MPO,LTF,NTRK1,BAIAP2,TRARG1
MPO,LTF,NTRK1,BAIAP2
MPO,APOA1,APOB,MDM2,MAGI3
MPO,LTF,NTRK1,BAIAP2
MPO,LTF,NTRK1,BAIAP2,FANCG
MPO,CAT,NUDT12,EPS8L1
MPO,CAT,LRRK2,ZC3H15,SMPD2
MPO,LTF,NTRK1,BAIAP2,SERINC3
MPO,LTF,GSK3B,SMARCA2,PAK3
MPO,CAT,CCDC8,COPB1
MPO,LTF,S100A8,RPL35A,CXorf38,CDHR3
MPO,CAT,NFKB1,GLUL
MPO,APOA1,JAK2,PTPN6,AQP2
MPO,PRTN3,HSPA5,LOC102723407,ERVMER34-1
MPO,APOA1,JAK2,PTPN6,AMPH
MPO,LTF,NTRK1,BAIAP2,ABCG4
MPO,LTF,GSK3A,HNRNPU,LIN7B
MPO,PRTN3,SMAD3,LDLRAD4,SCN1B
MPO,APOA1,NAXE,RHOA,PTER,HYAL3
MPO,CAT,CCDC8,COPB1
MPO,LTF,OASL,HSPA6,CTSF
MPO,APOA1,NAXE,RHOA,MCF2L
MPO,CAT,ABL1,WNK2
MPO,LTF,GSK3A,HNRNPU,UNC5A
MPO,LTF,NTRK1,BAIAP2
MPO,APOA1,JAK2,PTPN6,GTF3C2,RASGEF1A
MPO,APOA1,APOE,ST13,CELSR3
MPO,CAT,JUP,CDH8
MPO,APOA1,JAK2,PTPN6,CLNS1A
MPO,LTF,PMEPA1,NCOR1,WNK3,SLC12A4
MPO,LTF,NTRK1,BAIAP2,GAS2L2
MPO,APOA1,JAK2,PTPN6,EFEMP2,SLC16A5
MPO,APOA1,FBLN1,CCN2,SLC22A4,SLC5A6
MPO,APOA1,ABCA1,AOX1,APBA2
MPO,APOA1,APOB,MDM2,MTFR1
MPO,LTF,CDK15,SQOR,LPP
MPO,ELANE,NOTCH2NLA,ZNF688,CBLIF,CUBN
MPO,LTF,GSK3A,HNRNPU,TRPV5
MPO,APOA1,FBLN1,CCN2,PLB1
MPO,LTF,NTRK1,BAIAP2
MPO,LTF,S100A8,RPL35A,ATP10D
MPO,LTF,S100A8,RPL35A,CARMIL2
MPO,APOA1,FGA,FGG,JADE1
MPO,LTF,NTRK1,BAIAP2
MPO,ELANE,THBS1,PSG11
MPO,CAT,LRRK2,ZC3H15,TMEM87A
MPO,LTF,GSK3A,HNRNPU,CARD11
MPO,ELANE,SLPI,GRN
MPO,APOA1,FGA,FGG,MYO1B
MPO,APOA1,JAK2,PTPN6,NBEAL2
MPO,LTF,NTRK1,BAIAP2
MPO,APOA1,JAK2,PTPN6,CASK
MPO,LTF,GSK3B,SMARCA2,APOLD1
MPO,APOA1,JAK2,PTPN6,EFEMP2,SLC16A5
MPO,LTF,NTRK1,BAIAP2,CMYA5
MPO,LTF,NTRK1,BAIAP2,ARRDC1
MPO,APOA1,ABCA1,AOX1,DLGAP1
MPO,APOA1,FBLN1,CCN2
MPO,ELANE,ITIH2,LRRC4C
MPO,APOA1,FN1,COL1A1,GAS6,PCDHA3
MPO,CAT,CFTR,PSMA2,ATP6V0A4
MPO,PRTN3,TUBA4A,IQCN,PTP4A3
MPO,APOA1,APOB,MDM2,TRPM7
MPO,LTF,CHD4,EIF4G2,GAS8
MPO,LTF,NTRK1,BAIAP2
MPO,APOA1,JAK2,PTPN6,IL10RB
MPO,LTF,NTRK1,BAIAP2,NPY2R
MPO,LTF,NTRK1,BAIAP2
MPO,CAT,CCDC8,COPB1
MPO,APOA1,FN1,COL1A1,CLINT1
MPO,CAT,RAB14,TMED10
MPO,LTF,S100A8,RPL35A,TRAK2
MPO,LTF,MAPK15,WDR81,ADA
MPO,LTF,NTRK1,BAIAP2,CYP2C19
MPO,LTF,CHD4,EIF4G2,SLC1A5
MPO,LTF,NTRK1,BAIAP2,PODXL2
MPO,CAT,PHYH,FAM9B,SYT17
MPO,LTF,NTRK1,BAIAP2
MPO,CAT,JUP,CDH8
MPO,LTF,NTRK1,BAIAP2,GPNMB
MPO,LTF,AEBP2,BTRC,SMPD3
MPO,LTF,NTRK1,BAIAP2,MRGPRD
MPO,LTF,NTRK1,BAIAP2
MPO,LTF,NTRK1,BAIAP2,ENG
MPO,LTF,NTRK1,BAIAP2,PCDHA8
MPO,APOA1,JAK2,PTPN6,SPRY1
MPO,APOA1,APOE,ST13,PSG9
MPO,APOA1,JAK2,PTPN6,ATP4A
MPO,APOA1,JAK2,PTPN6,CDC42
MPO,APOA1,FBLN7,TUBB2B,GP9
MPO,LTF,GSK3A,HNRNPU,SLC6A9
MPO,APOA1,JAK2,PTPN6,CDC42BPB
MPO,CAT,ABL1,WNK2
MPO,LTF,NTRK1,BAIAP2,UNC80
MPO,LTF,ITLN1,DHRS7B,SLC19A3
MPO,CAT,ABL1,WNK2
MPO,CAT,CFTR,PSMA2,GOLM1
MPO,CAT,ABL1,WNK2
MPO,CAT,NFKB1,GLUL
MPO,LTF,CHD4,EIF4G2,RXFP2
MPO,LTF,GSK3A,HNRNPU,NKD1
MPO,LTF,GSK3A,HNRNPU,KCNAB2
MPO,APOA1,JAK2,PTPN6,HLA-G,KIR2DL4
MPO,APOA1,JAK2,PTPN6,HLA-DRB1
MPO,LTF,CHD3,ATAD5,MGLL
MPO,APOA1,NAXE,RHOA,STX8
MPO,CAT,NFKB1,GLUL
MPO,APOA1,JAK2,PTPN6,DDR1
MPO,LTF,GSK3A,HNRNPU,PLSCR3
MPO,LTF,SLITRK2,NRAS,TBC1D30
MPO,PRTN3,KLK3
MPO,LTF,NTRK1,BAIAP2
MPO,APOA1,NAXE,RHOA,ARHGAP19
MPO,APOA1,APOB,MDM2
MPO,LTF,NTRK1,BAIAP2
MPO,LTF,CHD3,ATAD5,SYTL3
MPO,APOA1,JAK2,PTPN6,RHOBTB1,PXDNL
MPO,LTF,NDN,EID3,NSMF
MPO,LTF,S100A8,RPL35A,LAMTOR1
MPO,APOA1,ABCA1,AOX1,DLGAP2
MPO,APOA1,FGA,FGG
MPO,LTF,S100A8,RPL35A,CFAP95
MPO,LTF,S100A8,RPL35A,RAB17
MPO,LTF,GSK3A,HNRNPU,CRCP
MPO,LTF,ITLN1,DHRS7B,GP5,ADGRG6
MPO,LTF,ZNF250,TRIM54,VSTM4
MPO,CAT,ABL1,WNK2
MPO,LTF,GSK3A,HNRNPU,KLRK1,RAET1L
MPO,APOA1,JAK2,PTPN6,ARHGAP21
MPO,LTF,NTRK1,BAIAP2,GPA33
MPO,APOA1,JAK2,PTPN6,DENND2B
MPO,CAT,CCDC8,COPB1
MPO,APOA1,JAK2,PTPN6,NOS3
MPO,APOA1,APOE,ST13,RELN
MPO,APOA1,JAK2,PTPN6,ANXA2
MPO,LTF,NTRK1,BAIAP2
MPO,APOA1,JAK2,PTPN6,RNF5
MPO,CAT,NUDT12,EPS8L1
MPO,PRTN3,POTEE,AP4B1,JAML
MPO,APOA1,NAXE,RHOA,PIGU
MPO,LTF,GSK3B,SMARCA2,ABCA4
MPO,CAT,CCDC8,COPB1,SEMA4F
MPO,LTF,NTRK1,BAIAP2,SLC7A9
MPO,LTF,GSK3A,HNRNPU,CAMKV
MPO,APOA1,JAK2,PTPN6,SCARB1
MPO,APOA1,JAK2,PTPN6,ADCY3,CNGA3,CNGB3
MPO,LTF,FOXN3,RFX1,GDF5
MPO,LTF,NTRK1,BAIAP2
MPO,APOA1,PDE1A,PDE1C,ZNF397
MPO,CAT,ABL1,WNK2
MPO,LTF,MAPK15,WDR81,KIR2DL3
MPO,APOA1,JAK2,PTPN6,CDH11
MPO,APOA1,FN1,COL1A1,USP4
MPO,APOA1,ABCA1,AOX1,HTR2A
MPO,CAT,LRRK2,ZC3H15,GSDMD
MPO,LTF,GSK3B,SMARCA2,MILR1
MPO,APOA1,JAK2,PTPN6,CALM1
MPO,APOA1,FN1,COL1A1,APPL2
MPO,CAT,CFTR,PSMA2,SLC22A2,SLC47A1
MPO,LTF,CEBPA,C1QBP
MPO,APOA1,JAK2,PTPN6,SELPLG
MPO,APOA1,JAK2,PTPN6,SH2B3
MPO,CAT,ABL1,WNK2
MPO,LTF,NTRK1,BAIAP2
MPO,APOA1,JAK2,PTPN6,RYK
MPO,LTF,S100A8,RPL35A,DPP10
MPO,MPO-ANCA,ROS,SNCA,DMTN
MPO,LTF,GSK3A,HNRNPU,DYNC2H1
MPO,APOA1,JAK2,PTPN6,PPP1R13B
MPO,LTF,NTRK1,BAIAP2,GFRA1
MPO,LTF,NTRK1,BAIAP2,ARHGEF39
MPO,APOA1,FGA,FGG
MPO,LTF,NTRK1,BAIAP2,ABCB11
MPO,CAT,RAB14,TMED10,ADGRB2
MPO,APOA1,FBLN1,CCN2
MPO,APOA1,JAK2,PTPN6,SSTR3
MPO,LTF,NTRK1,BAIAP2
MPO,APOA1,FBLN1,CCN2,NTM,QRFPR
MPO,LTF,NTRK1,BAIAP2,CA4
MPO,APOA1,JAK2,PTPN6,PCDHB7
MPO,LTF,NTRK1,BAIAP2,MARCHF7
MPO,CAT,LRRK2,ZC3H15,ARL6IP5
MPO,LTF,NTRK1,BAIAP2,NMUR2
MPO,CAT,ABL1,WNK2
MPO,LTF,NTRK1,BAIAP2
MPO,LTF,NTRK1,BAIAP2,GNG4
MPO,APOA1,APOE,ST13,ZBTB38,ALX1,OR52L1
MPO,LTF,CEBPA,C1QBP
MPO,APOA1,JAK2,PTPN6,VAMP4
MPO,LTF,NTRK1,BAIAP2
MPO,CAT,ABL1,WNK2
MPO,APOA1,FBLN1,CCN2,LPL
MPO,LTF,OASL,HSPA6,CDHR4
MPO,LTF,NTRK1,BAIAP2,PTH2R
MPO,LTF,GSK3B,SMARCA2,SLC5A5
MPO,LTF,S100A8,RPL35A,SLC4A3
MPO,CAT,CFTR,PSMA2,SLC16A14
MPO,CAT,CCDC8,COPB1
MPO,APOA1,JAK2,PTPN6,CBLC
MPO,APOA1,JAK2,PTPN6,TRDN
MPO,LTF,CEBPA,C1QBP
MPO,APOA1,FN1,COL1A1,C3AR1
MPO,CAT,HSPE1,WDR1
MPO,APOA1,JAK2,PTPN6,L1CAM
MPO,LTF,NTRK1,BAIAP2
MPO,LTF,GSK3A,HNRNPU,RAB39A
MPO,PRTN3,AGT,ACE2,CLEC4M
MPO,CAT,ABL1,WNK2
MPO,CAT,LRRK2,ZC3H15,S1PR4
MPO,LTF,CDK15,SQOR,WASHC2A
MPO,LTF,EGFL8,CCPG1,CD38
MPO,APOA1,JAK2,PTPN6,XK
MPO,APOA1,FBLN1,CCN2
MPO,APOA1,FBLN1,CCN2,KNG1
MPO,MPO-ANCA,ROS,SNCA
MPO,LTF,NTRK1,BAIAP2
MPO,APOA1,JAK2,PTPN6,ABCG2
MPO,APOA1,NAXE,RHOA,RHPN2
MPO,CAT,RAB14,TMED10
MPO,LTF,NTRK1,BAIAP2
MPO,APOA1,FBLN7,TUBB2B,RASL12
MPO,APOA1,JAK2,PTPN6,VCL
MPO,ELANE,F5
MPO,LTF,SLITRK2,NRAS,ARHGAP33
MPO,CAT,CCDC8,COPB1
MPO,APOA1,NAXE,RHOA,PREX1
MPO,APOA1,JAK2,PTPN6,SLC38A1,SLC10A1
MPO,LTF,NTRK1,BAIAP2
MPO,LTF,NTRK1,BAIAP2,SSTR4
MPO,PRTN3,HSPA5,LOC102723407,PCDHGA11
MPO,CAT,NFKB1,GLUL
MPO,LTF,NTRK1,BAIAP2,GPR88
MPO,CAT,RAB14,TMED10
MPO,LTF,IRAK2,SESTD1,SLC2A13
MPO,LTF,NTRK1,BAIAP2
MPO,LTF,TMEM237,ARF6,SLC26A1
MPO,CAT,SH2D3C,GSN
MPO,PRTN3,F2RL1,ZW10,TPRA1
MPO,APOA1,JAK2,PTPN6,POMC,MC3R
MPO,APOA1,FBLN1,CCN2,WLS,WNT7B
MPO,LTF,NTRK1,BAIAP2
MPO,APOA1,JAK2,PTPN6,CLCN1
MPO,CAT,SH2D3C,GSN
MPO,APOA1,FN1,COL1A1,GAS6,PCDHA3
MPO,LTF,GSK3B,SMARCA2,ZNRF1
MPO,APOA1,JAK2,PTPN6,IL17RA,IL17RE
MPO,CAT,CCDC8,COPB1
MPO,LTF,GSK3A,HNRNPU,PARVB
MPO,APOA1,NAXE,RHOA,ADCY9
MPO,MPO-ANCA,ROS,SNCA,HMOX1,CYBRD1
MPO,LTF,SLITRK2,NRAS
MPO,LTF,S100A8,RPL35A,RABGGTB
MPO,APOA1,APOE,ST13,SYT1,CACNB4
MPO,LTF,GSK3A,HNRNPU,RASSF2
MPO,LTF,S100A8,RPL35A,OR1M1
MPO,CAT,JUP,CDH8
MPO,LTF,NTRK1,BAIAP2
MPO,CAT,CCDC8,COPB1,KLRB1
MPO,CAT,CCDC8,COPB1
MPO,LTF,NTRK1,BAIAP2,RGS12
MPO,LTF,S100A9
MPO,CAT,CFTR,PSMA2,GBA2
MPO,LTF,NTRK1,BAIAP2,KLHL13,KIRREL2
MPO,LTF,NTRK1,BAIAP2,SNX33
MPO,APOA1,JAK2,PTPN6,PIM1
MPO,CAT,ABL1,WNK2
MPO,PRTN3,MIA3,RMDN3,MMP15
MPO,LTF,NTRK1,BAIAP2,ATP11B
MPO,APOA1,JAK2,PTPN6,CNKSR2
MPO,APOA1,APOE,ST13,SLC7A6
MPO,CAT,ABL1,WNK2
MPO,LTF,NTRK1,BAIAP2,CAVIN1
MPO,LTF,NTRK1,BAIAP2,DNAAF4
MPO,APOA1,JAK2,PTPN6,KIAA0319
MPO,ELANE,ITIH2,LRRC4C
MPO,APOA1,FN1,COL1A1,GRIA1
MPO,LTF,CEBPA,C1QBP
MPO,CAT,ABL1,WNK2
MPO,APOA1,JAK2,PTPN6,GRK2,PDE6G
MPO,CAT,ABL1,WNK2,PRLHR
MPO,LTF,NTRK1,BAIAP2,CCR5
MPO,CAT,NFKB1,GLUL,RGMB
MPO,LTF,NTRK1,BAIAP2,HTR4
MPO,LTF,NTRK1,BAIAP2
MPO,LTF,NTRK1,BAIAP2,MIGA2
MPO,APOA1,APOE,ST13,MAPK8IP1
MPO,APOA1,JAK2,PTPN6,USH1C,CDHR2
MPO,APOA1,JAK2,PTPN6,NF2,IQCJ-SCHIP1
MPO,APOA1,JAK2,PTPN6,GRIN1
MPO,APOA1,FN1,COL1A1,RABGGTA
MPO,LTF,NTRK1,BAIAP2,DRD5
MPO,LTF,NTRK1,BAIAP2
MPO,APOA1,FBLN1,CCN2,TMED7,TP53I13
MPO,LTF,NTRK1,BAIAP2
MPO,APOA1,FBLN7,TUBB2B,ATAD3B
MPO,APOA1,FBLN1,CCN2,NRXN3
MPO,APOA1,APOE,ST13,SPTBN4
MPO,LTF,S100A8,RPL35A,FFAR3
MPO,CAT,ABL2,EPHB4
MPO,ELANE,NOTCH2NLA,ZNF688,TPSG1
MPO,APOA1,APOE,ST13,FLOT2
MPO,APOA1,FBLN7,TUBB2B,CD55
MPO,CAT,ABL1,WNK2
MPO,CAT,RAB14,TMED10
MPO,ELANE,THBS1,PSG11
MPO,LTF,NTRK1,BAIAP2
MPO,MPO-ANCA,ROS,SNCA,TOPBP1
MPO,CAT,CCDC8,COPB1
MPO,CAT,CFTR,PSMA2,CCL1,CCR8
MPO,APOA1,FBLN1,CCN2,ABCC4
MPO,APOA1,APOE,ST13,DIRAS1
MPO,APOA1,JAK2,PTPN6,NPR2
MPO,APOA1,JAK2,PTPN6,APPL1,ADIPOR2
MPO,LTF,NTRK1,BAIAP2,RGL4
MPO,LTF,NTRK1,BAIAP2,SVIL
MPO,APOA1,JAK2,PTPN6,ACVR2B
MPO,LTF,S100A8,RPL35A,ENPP5
MPO,APOA1,JAK2,PTPN6,GPR142
MPO,LTF,GSK3A,HNRNPU,DZIP1L,LRRN4
MPO,LTF,MAPK15,WDR81,TRPC5
MPO,LTF,TMEM237,ARF6,GPBAR1
MPO,LTF,S100A8,RPL35A,TNFRSF10B
MPO,LTF,GSK3A,HNRNPU,LNX2
MPO,MPO-ANCA,ROS,SNCA,SLC2A4
MPO,LTF,NTRK1,BAIAP2,NRCAM
MPO,APOA1,FBLN1,CCN2
MPO,APOA1,JAK2,PTPN6,HMGCR,SLC24A3
MPO,APOA1,NAXE,RHOA,FLRT2
MPO,LTF,S100A9,PPP2R2A,JPH4
MPO,LTF,NDN,EID3,CA14
MPO,APOA1,JAK2,PTPN6,MUSK
MPO,APOA1,APOE,ST13,ADCY6
MPO,APOA1,JAK2,PTPN6,USP19,ECEL1
MPO,APOA1,JAK2,PTPN6,GRK5,AVPR1A
MPO,LTF,NTRK1,BAIAP2
MPO,PRTN3,F2RL1,ZW10,ADGRE2
MPO,CAT,CFTR,PSMA2,SLC34A1
MPO,APOA1,APOB,MDM2
MPO,LTF,S100A8,RPL35A,S100A12
MPO,LTF,S100A8,RPL35A,DOCK8
MPO,CAT,CCDC8,COPB1
MPO,APOA1,JAK2,PTPN6,CD274,PDCD1
MPO,LTF,OASL,HSPA6,PSKH1
MPO,APOA1,APOB,MDM2,PCDH11X
MPO,LTF,CEBPA,C1QBP
MPO,APOA1,JAK2,PTPN6,BLNK
MPO,APOA1,NAXE,RHOA,SEMA6D
MPO,LTF,OASL,HSPA6,PNISR
MPO,APOA1,SERPINA1,OS9,F8
MPO,LTF,NTRK1,BAIAP2
MPO,LTF,S100A9,PPP2R2A,CCDC70
MPO,APOA1,JAK2,PTPN6,SDK2,RAET1E
MPO,APOA1,JAK2,PTPN6,NFASC
MPO,APOA1,ABCA1,AOX1,ADCY1
MPO,APOA1,FGA,FGG
MPO,LTF,NTRK1,BAIAP2,MYO1G
MPO,APOA1,JAK2,PTPN6,CALM1,GRK4
MPO,PRTN3,AGT,ACE2
MPO,LTF,MAPK15,WDR81,SLC35G1
MPO,APOA1,JAK2,PTPN6,NOX5
MPO,LTF,NTRK1,BAIAP2,PRAME
MPO,LTF,GSK3A,HNRNPU,C5AR1
MPO,LTF,ZNF250,TRIM54,CRB1
MPO,APOA1,JAK2,PTPN6,PRKAR2B
MPO,CAT,CCDC8,COPB1
MPO,MPO-ANCA,ROS,SNCA
MPO,CAT,ABL1,WNK2
MPO,LTF,GSK3A,HNRNPU,CNTN1
MPO,APOA1,JAK2,PTPN6,ATP4A,SLC26A9
MPO,LTF,NTRK1,BAIAP2
MPO,CAT,ABL1,WNK2
MPO,LTF,NTRK1,BAIAP2
MPO,CAT,SH2D3C,GSN
MPO,CAT,HSPE1,WDR1
MPO,LTF,NTRK1,BAIAP2,ZMAT3
MPO,MPO-ANCA,ROS,SNCA,CEBPE
MPO,APOA1,JAK2,PTPN6,TSSK3,GP2
MPO,CAT,CCDC8,COPB1
MPO,LTF,NTRK1,BAIAP2,DENND4C
MPO,CAT,SOD1,ATOX1,PCDHB6
MPO,APOA1,JAK2,PTPN6,LILRB1
MPO,CAT,CCDC8,COPB1
MPO,LTF,NTRK1,BAIAP2
MPO,APOA1,JAK2,PTPN6,INPP5D
MPO,CAT,CFTR,PSMA2,SLC34A3
MPO,LTF,NTRK1,BAIAP2
MPO,APOA1,JAK2,PTPN6,FLT1
MPO,LTF,DHRS12,PLCD1,REEP2
MPO,LTF,NDN,EID3,GAS7
MPO,APOA1,JAK2,PTPN6,SPARC
MPO,LTF,S100A8,RPL35A,NLRC4
MPO,LTF,NTRK1,BAIAP2
MPO,APOA1,ABCA1,AOX1,NCOA1
MPO,LTF,NTRK1,BAIAP2,APH1B
MPO,APOA1,JAK2,PTPN6,ITPR1
MPO,CAT,LRRK2,ZC3H15,SLC16A9
MPO,LTF,NTRK1,BAIAP2,UBR4
MPO,CAT,ABL1,WNK2
MPO,APOA1,PDE1A,PDE1C,BAP1
MPO,LTF,NTRK1,BAIAP2,TOM1
MPO,APOA1,PDE1A,PDE1C,TACC2
MPO,APOA1,APOE,ST13,CLCN7,MCOLN3
MPO,CAT,PRDX2,SPR,SLC14A1
MPO,LTF,MAPK15,WDR81,GABRG2
MPO,APOA1,FBLN1,CCN2
MPO,APOA1,APOE,ST13,SYT2
MPO,LTF,NTRK1,BAIAP2,DOCK2
MPO,LTF,GSK3A,HNRNPU,PPP2R5A
MPO,LTF,NTRK1,BAIAP2,GNG3
MPO,LTF,GSK3A,HNRNPU,CHMP3
MPO,APOA1,JAK2,PTPN6,LRP8
MPO,CAT,HSPE1,WDR1
MPO,APOA1,JAK2,PTPN6,KCND3
MPO,APOA1,JAK2,PTPN6,FNTA
MPO,APOA1,APOB,MDM2,PDZD7
MPO,APOA1,JAK2,PTPN6,EPHA2
MPO,APOA1,APOE,ST13,ADAM17
MPO,APOA1,JAK2,PTPN6,CHP1
MPO,LTF,CHD4,EIF4G2,SPAM1
MPO,APOA1,FBLN7,TUBB2B,DUOX1
MPO,LTF,NTRK1,BAIAP2
MPO,APOA1,PDE1A,PDE1C,NCS1
MPO,CAT,JUP,CDH8
MPO,CAT,ABL1,WNK2
MPO,LTF,S100A8,RPL35A,CHRNA9
MPO,APOA1,JAK2,PTPN6,ZBTB43,TECTA
MPO,APOA1,JAK2,PTPN6,RGS16
MPO,LTF,SLITRK2,NRAS
MPO,LTF,GSK3A,HNRNPU,TRPC3
MPO,LTF,NTRK1,BAIAP2
MPO,APOA1,JAK2,PTPN6,KDR,PLXND1
MPO,LTF,TMEM237,ARF6,SLC16A7
MPO,APOA1,JAK2,PTPN6,TIE1
MPO,LTF,GSK3B,SMARCA2,TGM1
MPO,CAT,CFTR,PSMA2,FZD4
MPO,APOA1,ABCA1,AOX1,SLC18A2
MPO,LTF,CHD4,EIF4G2,RAB22A
MPO,APOA1,NAXE,RHOA,MTMR1
MPO,CAT,NFKB1,GLUL
MPO,CAT,CCDC8,COPB1
MPO,CAT,JUP,CDH8
MPO,CAT,CCDC8,COPB1
MPO,CAT,CCDC8,COPB1
MPO,APOA1,JAK2,PTPN6,NMT1
MPO,CAT,JUP,CDH8
MPO,CAT,ABL1,WNK2
MPO,LTF,ZNF250,TRIM54,AMER2
MPO,APOA1,JAK2,PTPN6,CEMIP
MPO,CAT,SH2D3C,GSN
MPO,APOA1,JAK2,PTPN6,SLITRK5
MPO,CAT,HDAC2,USP17L2,FCER1G
MPO,APOA1,FBLN1,CCN2,SERPINC1
MPO,LTF,NTRK1,BAIAP2,PSG8
MPO,APOA1,PDE1A,PDE1C,SIPA1L1
MPO,PRTN3,OBSL1,MTMR2,SLC13A5
MPO,LTF,CEBPA,C1QBP
MPO,LTF,NTRK1,BAIAP2
MPO,APOA1,JAK2,PTPN6,LITAF
MPO,LTF,NTRK1,BAIAP2
MPO,LTF,NTRK1,BAIAP2
MPO,MPO-ANCA,ROS,SNCA,CASP1
MPO,APOA1,JAK2,PTPN6,GRIN1,GRIN3A
MPO,CAT,NFKB1,GLUL
MPO,LTF,NTRK1,BAIAP2,TSPAN2
MPO,APOA1,FBLN1,CCN2
MPO,PRTN3,HSPA5,LOC102723407,JPT2
MPO,APOA1,JAK2,PTPN6,INSC
MPO,LTF,NTRK1,BAIAP2,ANXA9
MPO,MPO-ANCA,ROS,SNCA
MPO,APOA1,APOB,MDM2,JPH1
MPO,PRTN3,SMAD3
MPO,LTF,OASL,HSPA6,JMJD6
MPO,CAT,JUP,CDH8,SERPINA12
MPO,APOA1,PDE1A,PDE1C,SPIRE1
MPO,LTF,S100A8,RPL35A,RGP1
MPO,LTF,NTRK1,BAIAP2
MPO,APOA1,JAK2,PTPN6,TAB3
MPO,APOA1,JAK2,PTPN6,LTBR,TNFSF14
MPO,LTF,NTRK1,BAIAP2
MPO,APOA1,JAK2,PTPN6,TBC1D2
MPO,LTF,NTRK1,BAIAP2,GPR35
MPO,LTF,NTRK1,BAIAP2,RGS17
MPO,LTF,S100A8,RPL35A,GPR18
MPO,LTF,NTRK1,BAIAP2
MPO,APOA1,FBLN1,CCN2
MPO,CAT,NFKB1,GLUL
MPO,APOA1,PDE1A,PDE1C,ENTREP1
MPO,CAT,CCDC8,COPB1
MPO,APOA1,JAK2,PTPN6,LRIG2
MPO,LTF,NTRK1,BAIAP2,KCNK18
MPO,LTF,NTRK1,BAIAP2,KCNJ11
MPO,ELANE,MIB2,CYLD
MPO,CAT,RAB14,TMED10
MPO,CAT,ABL1,WNK2
MPO,LTF,GSK3A,HNRNPU,PARD6G
MPO,CAT,CCDC8,COPB1
MPO,CAT,HDAC2,USP17L2,IL15RA
MPO,CAT,RAB14
MPO,CAT,ABL1,WNK2
MPO,LTF,TMEM237,ARF6,ABHD6
MPO,LTF,NDN,EID3,ITPRIP
MPO,CAT,ABL1,WNK2
MPO,LTF,NTRK1,BAIAP2,TM9SF2
MPO,LTF,GSK3A,HNRNPU,KCNMA1,KCNMB1
MPO,LTF,NTRK1,BAIAP2
MPO,LTF,OASL,HSPA6,MUCL1
MPO,LTF,EGFL8,CCPG1,TRHDE
MPO,CAT,NFKB1,GLUL
MPO,CAT,SOD2,CYP4F12,SLC9A7
MPO,LTF,GSK3B,SMARCA2,SLC5A1
MPO,APOA1,FN1,COL1A1,RRP8
MPO,LTF
MPO,CAT,ACOX1,COX6B1,NPDC1
MPO,CAT,NFKB1,GLUL
MPO,LTF,NTRK1,BAIAP2
MPO,LTF,LRRC17,PRKCI
MPO,CAT,ABL1,WNK2
MPO,LTF,TMEM237,ARF6
MPO,CAT,CCDC8,COPB1
MPO,APOA1,NAXE,RHOA,FZD6
MPO,LTF,GSK3A,HNRNPU,CABP1
MPO,APOA1,PDE1A,PDE1C,USP21
MPO,CAT,RAB14,TMED10
MPO,APOA1,JAK2,PTPN6,SNX18
MPO,LTF,NTRK1,BAIAP2,TRPM3
MPO,LTF,NTRK1,BAIAP2,RASGRP1
MPO,LTF,DHRS12,PLCD1
MPO,CAT,DECR2,TMPRSS5
MPO,LTF,S100A8,RPL35A,RABGGTB,PALM
MPO,APOA1,NAXE,RHOA,EXOC2
MPO,APOA1,FBLN7,TUBB2B,DCT
MPO,APOA1,ABCA1,AOX1,NKTR
MPO,LTF,NTRK1,BAIAP2,CLEC1B
MPO,APOA1,CLEC4G,PTPN5,USH1G
MPO,CAT,NFKB1,GLUL
MPO,LTF,NTRK1,BAIAP2
MPO,LTF,NTRK1,BAIAP2,MPP3
MPO,APOA1,JAK2,PTPN6,KCNA5,CD320
MPO,APOA1,SERPINA1,OS9,GPR37,GPR17
MPO,APOA1,JAK2,PTPN6,TGFBR2,MYADM
MPO,PRTN3,HSPA5,LOC102723407,PON2,ASIC4
MPO,CAT,HDAC2,USP17L2,CD3G
MPO,CAT,NFKB1,GLUL
MPO,ELANE,ITIH2,LRRC4C
MPO,LTF,NTRK1,BAIAP2,CRB2
MPO,LTF,OASL,HSPA6,ATP6AP2
MPO,LTF,GSK3B,SMARCA2,MGRN1
MPO,CAT,CCDC8,COPB1
MPO,APOA1,JAK2,PTPN6,SNAP29
MPO,APOA1,JAK2,PTPN6,HLA-A
MPO,APOA1,APOE,ST13,GPM6A
MPO,LTF,GSK3A,HNRNPU,RRAD
MPO,LTF,GSK3A,HNRNPU,CASR
MPO,APOA1,NAXE,RHOA,RAP2B
MPO,APOA1,JAK2,PTPN6,CD72
MPO,APOA1,NAXE,RHOA
MPO,APOA1,JAK2,PTPN6,SHANK2
MPO,LTF,NTRK1,BAIAP2,PI4KA,TTC7B
MPO,APOA1,JAK2,PTPN6,ALOX15
MPO,APOA1,JAK2,PTPN6,TICAM2
MPO,MPO-ANCA,ROS,SNCA,VAMP2
MPO,CAT,CFTR,PSMA2,STXBP5L
MPO,APOA1,NAXE,RHOA,VEZT
MPO,APOA1,JAK2,PTPN6,AMOTL2,FCRL5
MPO,APOA1,FN1,COL1A1,IL2RA
MPO,LTF,OASL,HSPA6,LRRC8E
MPO,LTF,NTRK1,BAIAP2,MARCHF1
MPO,APOA1,JAK2,PTPN6,IL17RA
MPO,CAT,LRRK2,ZC3H15,GPRC5D
MPO,CAT,NFKB1,GLUL
MPO,LTF,NTRK1,BAIAP2,SNUPN
MPO,MPO-ANCA,ROS,SNCA,APLP1
MPO,CAT,CCDC8,COPB1
MPO,APOA1,JAK2,PTPN6,PSTPIP2
MPO,APOA1,ABCA1,AOX1,NLGN2
MPO,APOA1,APOE,ST13,LANCL1
MPO,APOA1,JAK2,PTPN6,ZXDC,JTB
MPO,PRTN3,HSPA5,LOC102723407,HLA-DQA1
MPO,LTF,NTRK1,BAIAP2,SLC16A13
MPO,LTF,TMEM237,ARF6
MPO,LTF,NTRK1,BAIAP2,SLC22A5
MPO,APOA1,JAK2,PTPN6,LTBR
MPO,APOA1,FGA,FGG,RAB27B
MPO,CAT,JUP,CDH8
MPO,PRTN3,TUBB,EML1,IL12RB2
MPO,LTF,OASL,HSPA6,SCN1A
MPO,LTF,GSK3A,HNRNPU,HLA-DQB2
MPO,APOA1,ABCA1,AOX1,ZBTB33
MPO,LTF,NTRK1,BAIAP2
MPO,LTF,GSK3A,HNRNPU,GLP1R
MPO,APOA1,JAK2,PTPN6,MYO16
MPO,PRTN3,HSPA5,LOC102723407,CKAP4
MPO,LTF,CHD4,EIF4G2,OR10H1
MPO,LTF,GSK3A,HNRNPU,PTCH1
MPO,ELANE,THBS1,PSG11
MPO,PRTN3,TMEM59
MPO,APOA1,NAXE,RHOA,KIAA1549
MPO,CAT,LRRK2,ZC3H15,ART3
MPO,APOA1,JAK2,PTPN6,EXTL3
MPO,CAT,NFKB1,GLUL
MPO,APOA1,JAK2,PTPN6,PTPN2
MPO,APOA1,JAK2,PTPN6,CD22
MPO,APOA1,JAK2,PTPN6,ABHD17A
MPO,APOA1,ABCA1,AOX1,RALGAPA2
MPO,LTF,OASL,HSPA6,ATP6V1H
MPO,LTF,GSK3A,HNRNPU,KCNMA1
MPO,APOA1,JAK2,PTPN6,ITK
MPO,APOA1,APOB,MDM2,EFHD2,OR2K2
MPO,LTF,S100A8,RPL35A,MTM1
MPO,APOA1,JAK2,PTPN6,TRPV6
MPO,MPO-ANCA,ROS,SNCA,COP1,PNPLA2
MPO,CAT,ABL1,WNK2
MPO,LTF,NTRK1,BAIAP2
MPO,APOA1,APOE,ST13,CNTFR
MPO,APOA1,FGA,FGG,PJA2
MPO,APOA1,JAK2,PTPN6,WDR6
MPO,LTF,GSK3A,HNRNPU,TRPM8
MPO,CAT,LRRK2,ZC3H15,RANGRF
MPO,CAT,HSPE1,WDR1
MPO,APOA1,ALB,RNF123,KCMF1
MPO,APOA1,JAK2,PTPN6,COPRS
MPO,LTF,S100A8,RPL35A,ATP6V1G1
MPO,LTF,NTRK1,BAIAP2,SH3BGRL
MPO,APOA1,FGA,FGG
MPO,LTF,MAPK15,WDR81,TRPC4
MPO,LTF,GSK3A,HNRNPU,SYT12
MPO,APOA1,JAK2,PTPN6,SPTA1
MPO,APOA1,JAK2,PTPN6,MGST3,AQP10,LYVE1
MPO,LTF,NTRK1,BAIAP2
MPO,LTF,NTRK1,BAIAP2
MPO,LTF,AEBP2,BTRC,ELAPOR1
MPO,APOA1,ALB,RNF123,PCDHA5
MPO,CAT,NFKB1,GLUL,MPP4
MPO,APOA1,JAK2,PTPN6,CISH
MPO,LTF,NTRK1,BAIAP2
MPO,LTF,NTRK1,BAIAP2
MPO,LTF,ZNF250,TRIM54,TMC7
MPO,LTF,S100A8,RPL35A,AMIGO2
MPO,LTF,GSK3B,SMARCA2,CASP4
MPO,APOA1,JAK2,PTPN6,NOXO1
MPO,LTF,NTRK1,BAIAP2
MPO,APOA1,FN1,COL1A1,SMAP1
MPO,LTF,NTRK1,BAIAP2
MPO,APOA1,ABCA1,AOX1,CD69
MPO,APOA1,JAK2,PTPN6,CEMIP2
MPO,ELANE,ITIH2,LRRC4C
MPO,LTF,NTRK1,BAIAP2,KATNB1
MPO,LTF,NTRK1,BAIAP2,NRP1
MPO,APOA1,JAK2,PTPN6,VAV3
MPO,LTF,GSK3B,SMARCA2,SLC2A12
MPO,LTF,ITLN1,DHRS7B,SCNN1A
MPO,LTF,S100A8,RPL35A,RHBDL2
MPO,LTF,GSK3B,SMARCA2,SLAMF7
MPO,CAT,CFTR,PSMA2,CXCR1
MPO,APOA1,JAK2,PTPN6,ICAM1
MPO,CAT,SH2D3C,GSN
MPO,LTF,GSK3A,HNRNPU,KSR2
MPO,APOA1,JAK2,PTPN6,CD300A
MPO,APOA1,JAK2,PTPN6,GRIN1,GRIN3A
MPO,LTF,NTRK1,BAIAP2
MPO,LTF,NTRK1,BAIAP2
MPO,APOA1,NAXE,RHOA,ATP2C1
MPO,APOA1,JAK2,PTPN6,FLRT1,ADGRL3,TENM2
MPO,APOA1,JAK2,PTPN6,DCUN1D3
MPO,LTF,GSK3A,HNRNPU,WHRN
MPO,CAT,JUP,CDH8
MPO,APOA1,JAK2,PTPN6,FHL1
MPO,CAT,NFKB1,GLUL,ZDHHC24,STOML3
MPO,LTF,GSK3A,HNRNPU,PRAM1
MPO,APOA1,JAK2,PTPN6,CDK16
MPO,APOA1,FN1,COL1A1,YIPF3
MPO,APOA1,JAK2,PTPN6,CLEC12A
MPO,LTF,NTRK1,BAIAP2,AJUBA
MPO,LTF,NTRK1,BAIAP2
MPO,APOA1,APOE,ST13,SLC12A9
MPO,LTF,CHD3,ATAD5,ATP10B
MPO,LTF,NTRK1,BAIAP2,HTR1D
MPO,APOA1,JAK2,PTPN6,STK10
MPO,APOA1,JAK2,PTPN6,PCDHB11
MPO,LTF,GSK3A,HNRNPU,AKAP5
MPO,APOA1,JAK2,PTPN6,LAIR1
MPO,PRTN3,F2RL1,ZW10,RAB3C
MPO,CAT,RAB14,TMED10
MPO,APOA1,FN1,COL1A1,PDE4D
MPO,APOA1,JAK2,PTPN6,SOCS7
MPO,LTF,GSK3A,HNRNPU,SELL
MPO,APOA1,JAK2,PTPN6,DLG4
MPO,LTF,GSK3A,HNRNPU,SYT6,SYT10
MPO,APOA1,JAK2,PTPN6,TRPV4
MPO,APOA1,JAK2,PTPN6,CALM1,GRK4
MPO,LTF,NTRK1,BAIAP2
MPO,LTF,GSK3B,SMARCA2,MYOF
MPO,APOA1,JAK2,PTPN6,FRMD6
MPO,APOA1,FN1,COL1A1,ENDOD1,ACKR2
MPO,APOA1,NAXE,RHOA,HSD17B10
MPO,APOA1,FBLN1,CCN2,DCST1
MPO,APOA1,JAK2,PTPN6,ADRB2
MPO,LTF,CHD4,EIF4G2,GPR143
MPO,LTF,NTRK1,BAIAP2,GALR1
MPO,MPO-ANCA,ROS,SNCA,SLC6A4
MPO,CAT,CFTR,PSMA2,SLC10A7
MPO,CAT,SH2D3C,GSN
MPO,CAT,HSDL2,PMPCA,TJP3
MPO,LTF,NTRK1,BAIAP2
MPO,LTF,GSK3A,HNRNPU,ARID1B
MPO,LTF,NTRK1,BAIAP2,PHPT1
MPO,LTF,SLITRK2,NRAS,GPR22
MPO,LTF,NTRK1,BAIAP2,SGPP1
MPO,CAT,HDAC2,USP17L2,ARL14EP
MPO,LTF,NTRK1,BAIAP2,SLC16A10
MPO,LTF,CHD4,EIF4G2,SDC1
MPO,APOA1,JAK2,PTPN6,SLA2
MPO,APOA1,JAK2,PTPN6,LCK
MPO,CAT,RAB14,TMED10
MPO,LTF,GSK3A,HNRNPU,PPIP5K1
MPO,CAT,RAB14,TMED10,SPPL3
MPO,LTF,GSK3A,HNRNPU,PRMT9,P2RX1
MPO,CAT,LRRK2,ZC3H15,APLNR
MPO,CAT,LRRK2,ZC3H15,CNNM4
MPO,LTF,NTRK1,BAIAP2
MPO,LTF,NTRK1,BAIAP2,CCR3
MPO,APOA1,ABCA1,AOX1,OR1D2
MPO,CAT,NFKB1,GLUL
MPO,CAT,PRDX1,FGF11,TNFRSF1B
MPO,LTF,NTRK1,BAIAP2,ITGA3
MPO,LTF,OASL,HSPA6,PCDHA2
MPO,LTF,S100A8,RPL35A,OSBPL6
MPO,CAT,CCDC8,COPB1
MPO,CAT,SOD1,ATOX1,VPS28
MPO,LTF,NTRK1,BAIAP2,GLP2R
MPO,ELANE,MIB2,CYLD
MPO,LTF,NTRK1,BAIAP2
MPO,LTF,NTRK1,BAIAP2,CLDN8
MPO,APOA1,JAK2,PTPN6,CD5
MPO,APOA1,JAK2,PTPN6,SGK1
MPO,CAT,JUP,CDH8
MPO,LTF,GSK3A,HNRNPU,ABCB6
MPO,APOA1,FBLN7,TUBB2B,RAB2B
MPO,APOA1,JAK2,PTPN6,F7
MPO,MPO-ANCA,ROS,SNCA,SIAH1,GDPD5
MPO,APOA1,JAK2,PTPN6,LPAR6
MPO,APOA1,FBLN1,CCN2,GCSH,GLDC
MPO,LTF,NDN,EID3,SLC27A4
MPO,APOA1,JAK2,PTPN6,SVIP
MPO,CAT,LRRK2,ZC3H15,SLC30A2,SLC30A10
MPO,APOA1,JAK2,PTPN6,SLC38A1
MPO,LTF,NTRK1,BAIAP2,TNFRSF4
MPO,APOA1,JAK2,PTPN6,EPHA3
MPO,APOA1,FBLN1,CCN2
MPO,APOA1,ABCA1,AOX1,MUC3A
MPO,LTF,ZNF250,TRIM54,BCAM
MPO,LTF,NTRK1,BAIAP2,AP2S1
MPO,APOA1,JAK2,PTPN6,NEO1,HJV
MPO,APOA1,JAK2,PTPN6,MAS1
MPO,APOA1,JAK2,PTPN6,EDA2R
MPO,LTF,NTRK1,BAIAP2,CRHR1
MPO,APOA1,FBLN1,CCN2,EPHA10
MPO,LTF,ZNF250,TRIM54,CATIP
MPO,APOA1,JAK2,PTPN6,IL4R
MPO,LTF,NTRK1,BAIAP2,LIN7A
MPO,APOA1,JAK2,PTPN6,RCBTB2,PLA2G6
MPO,APOA1,APOB,MDM2,TLR1
MPO,APOA1,JAK2,PTPN6,PTPRD
MPO,LTF,GSK3A,HNRNPU,LRFN1
MPO,APOA1,ABCA1,AOX1,UBE2C
MPO,APOA1,FBLN1,CCN2,AMIGO1,PROM2
MPO,CAT,SH2D3C,GSN
MPO,CAT,NFKB1,GLUL,SPTBN5
MPO,LTF,GSK3A,HNRNPU,DOK7
MPO,ELANE,THBS1,PSG11
MPO,LTF,CHD4,EIF4G2,CEACAM7
MPO,APOA1,APOE,ST13,PLP1
MPO,LTF,GSK3A,HNRNPU,SERPINB3
MPO,LTF,NTRK1,BAIAP2,ADGRG3
MPO,CAT,SH2D3C,GSN,PCDHGA5
MPO,CAT,SH2D3C,GSN
MPO,LTF,TMEM237,ARF6,GPR42
MPO,CAT,HSPE1,WDR1
MPO,CAT,CFTR,PSMA2,SLC20A2
MPO,LTF,NTRK1,BAIAP2
MPO,APOA1,JAK2,PTPN6,FLCN
MPO,APOA1,JAK2,PTPN6,KCNV2
MPO,CAT,CCDC8,COPB1,RGS11
MPO,APOA1,JAK2,PTPN6,TULP3
MPO,LTF,NTRK1,BAIAP2
MPO,LTF,OASL,HSPA6,KLRC2
MPO,CAT,NFKB1,GLUL
MPO,LTF,GSK3A,HNRNPU,PTH1R
MPO,APOA1,APOE,ST13,ZBTB38,ALX1,OR52L1
MPO,LTF,TMEM237,ARF6,SLC9A6
MPO,APOA1,ABCA1,AOX1,EXOC4
MPO,APOA1,JAK2,PTPN6,EPHA6
MPO,APOA1,JAK2,PTPN6,PLD2
MPO,APOA1,JAK2,PTPN6,TEK
MPO,LTF,GSK3A,HNRNPU,CHMP2A
MPO,LTF,NTRK1,BAIAP2
MPO,LTF,S100A8,RPL35A,RAB40AL
MPO,APOA1,FGA
MPO,CAT,PRDX2,SPR,CPNE2
MPO,APOA1,JAK2,PTPN6,ROBO2
MPO,LTF,OASL,HSPA6,CLEC2B
MPO,LTF,GSK3A,HNRNPU,RAB39B
MPO,LTF,FRMD1,DSG3
MPO,APOA1,JAK2,PTPN6,ACVRL1
MPO,APOA1,JAK2,PTPN6,USP6NL
MPO,CAT,JUP,CDH8
MPO,LTF,NTRK1,BAIAP2
MPO,CAT,ABL1,WNK2,TLR5
MPO,CAT,ABL1,WNK2,SYT5
MPO,ELANE,THBS1,PSG11,FGFBP1
MPO,LTF,NTRK1,BAIAP2
MPO,CAT,NFKB1,GLUL
MPO,LTF,NTRK1,BAIAP2,ABCC8
MPO,CAT,NFKB1,GLUL
MPO,CAT,LRRK2,ZC3H15,GRPR
MPO,CAT,NFKB1,GLUL
MPO,CAT,ABL1,WNK2
MPO,CAT,CCDC8,COPB1
MPO,LTF,NTRK1,BAIAP2
MPO,APOA1,JAK2,PTPN6,S1PR1
MPO,APOA1,FBLN1,CCN2,PSG4
MPO,CAT,NFKB1,GLUL
MPO,LTF,SLITRK2,NRAS
MPO,APOA1,FBLN1,CCN2,TMX3
MPO,CAT,HDAC2,USP17L2,UBL3
MPO,APOA1,JAK2,PTPN6,CD3D
MPO,APOA1,JAK2,PTPN6,CD244
MPO,LTF,S100A8,RPL35A,DHRS7,CPNE5
MPO,CAT,CFTR,PSMA2,SLC17A1
MPO,LTF,GSK3A,HNRNPU,INTU,WDPCP
MPO,LTF,GSK3B,SMARCA2,PDE2A
MPO,CAT,NFKB1,GLUL
MPO,APOA1,JAK2,PTPN6,PTPRM
MPO,APOA1,NAXE,RHOA,AAMP
MPO,LTF,GSK3A,HNRNPU,TCIRG1
MPO,PRTN3,TUBA4A,IQCN,OR52W1
MPO,PRTN3,HSPA5,LOC102723407,ALG10B
MPO,LTF,GSK3A,HNRNPU,LSAMP
MPO,LTF,GSK3A,HNRNPU,CACNG2
MPO,LTF,NTRK1,BAIAP2
MPO,CAT,ABL1,WNK2
MPO,LTF,NTRK1,BAIAP2,GPC2
MPO,APOA1,JAK2,PTPN6,USP14
MPO,LTF,NTRK1,BAIAP2
MPO,CAT,ABL2,EPHB4
MPO,APOA1,JAK2,PTPN6,ITGA7
MPO,LTF,S100A8,RPL35A,RCE1
MPO,LTF,NTRK1,BAIAP2,LARGE1
MPO,LTF,NTRK1,BAIAP2
MPO,LTF,GSK3A,HNRNPU,RAB9B
MPO,LTF,TMEM237,ARF6,LRP12
MPO,LTF,NTRK1,BAIAP2
MPO,APOA1,JAK2,PTPN6,PANX1
MPO,LTF,GSK3B,SMARCA2,ABCA4,CNGB1,CNGA1
MPO,LTF,NTRK1,BAIAP2
MPO,MPO-ANCA,ROS,SNCA
MPO,LTF,GSK3A,HNRNPU,CACNA1D
MPO,APOA1,JAK2,PTPN6,HDAC11
MPO,LTF,NTRK1,BAIAP2
MPO,LTF,NTRK1,BAIAP2
MPO,CAT,NFKB1,GLUL
MPO,LTF,NTRK1,BAIAP2,CLEC4E
MPO,APOA1,JAK2,PTPN6,NOD1
MPO,LTF,NTRK1,BAIAP2,SLC12A1
MPO,LTF,NTRK1,BAIAP2,MYOT
MPO,CAT,NFKB1,GLUL
MPO,APOA1,JAK2,PTPN6,SLC6A5
MPO,APOA1,JAK2,PTPN6,ATP4A,SLC26A9
MPO,CAT,NFKB1,GLUL
MPO,APOA1,JAK2,PTPN6,IL12A,EBI3
MPO,CAT,ABL1,WNK2
MPO,CAT,LRRK2,ZC3H15,ADAM11
MPO,CAT,LRRK2,ZC3H15,ARF1
MPO,LTF,NTRK1,BAIAP2,ICAM2
MPO,LTF,CEBPA,C1QBP,SCN4A
MPO,APOA1,FBLN1,CCN2,SLC22A4
MPO,CAT,CCDC8,COPB1
MPO,LTF,GSK3A,HNRNPU,CD6
MPO,LTF,S100A8,RPL35A,EXOC1
MPO,PRTN3,AGT,ACE2
MPO,LTF,FRMD1,DSG3
MPO,LTF,GSK3A,HNRNPU,SCN9A
MPO,LTF,NTRK1,BAIAP2
MPO,LTF,MAPK15,WDR81,MR1
MPO,APOA1,FBLN1,CCN2
MPO,APOA1,JAK2,PTPN6,FCGR2A
MPO,APOA1,JAK2,PTPN6,PIP5K1C
MPO,CAT,LRRK2,ZC3H15,SLC35A1
MPO,CAT,RAB14,TMED10
MPO,LTF,NTRK1,BAIAP2,KCNA2
MPO,APOA1,FBLN1,CCN2
MPO,APOA1,JAK2,PTPN6,AVPR2
MPO,LTF,NTRK1,BAIAP2,CD226
MPO,CAT,PEX14,TNKS,TTLL5
MPO,LTF,S100A8,RPL35A,FPR1
MPO,LTF,GSK3A,HNRNPU,MANSC4
MPO,LTF,NTRK1,BAIAP2
MPO,CAT,NFKB1,GLUL,MIEN1
MPO,LTF,MAPK15,WDR81,KIR2DL1
MPO,LTF,GSK3B,SMARCA2,TRPV1
MPO,LTF,ZNF250,TRIM54,SCNN1D
MPO,LTF,GSK3A,HNRNPU,AKAP10
MPO,APOA1,FBLN1,CCN2,FAT3
MPO,PRTN3,HSPA5,LOC102723407,ADAP2
MPO,LTF,S100A8,RPL35A,C2CD2L
MPO,APOA1,ABCA1,AOX1,OGT
MPO,APOA1,JAK2,PTPN6,DAG1
MPO,APOA1,FBLN1,CCN2,PLXNA2
MPO,LTF,NTRK1,BAIAP2,RHEBL1
MPO,LTF,NTRK1,BAIAP2
MPO,CAT,JUP,CDH8
MPO,PRTN3
MPO,LTF,CHD4,EIF4G2,MRPL42
MPO,LTF,GSK3A,HNRNPU,KLRK1
MPO,LTF,ZNF250,TRIM54,CR2
MPO,LTF,GSK3A,HNRNPU,RHO
MPO,CAT,CCDC8,COPB1
MPO,CAT,ABL1,WNK2
MPO,CAT,LRRK2,ZC3H15,SGCD
MPO,CAT,NFKB1,GLUL
MPO,CAT,LRRK2,ZC3H15,KCTD3
MPO,APOA1,JAK2,PTPN6,SELE
MPO,APOA1,APOE,ST13,SLC40A1
MPO,LTF,TMEM237,ARF6,ADGRV1
MPO,LTF,GSK3B,SMARCA2,TRO
MPO,ELANE,MIB2,CYLD
MPO,APOA1,JAK2,PTPN6,ITSN2
MPO,APOA1,APOB,MDM2,TRPM6
MPO,APOA1,JAK2,PTPN6,LAMP2
MPO,LTF,NTRK1,BAIAP2,ARID2
MPO,LTF,GSK3B,SMARCA2,TRPM2
MPO,CAT,ABL2,EPHB4
MPO,LTF,NTRK1,BAIAP2,SLC1A3
MPO,APOA1,ABCA1,AOX1,EPB41L4B
MPO,LTF,S100A8,RPL35A,MYO10
MPO,CAT,NFKB1,GLUL
MPO,CAT,NFKB1,GLUL
MPO,ELANE,THBS1,PSG11
MPO,LTF,GSK3A,HNRNPU,SLC27A2
MPO,MPO-ANCA,ROS,SNCA,GABBR1
MPO,APOA1,JAK2,PTPN6,TAMALIN
MPO,MPO-ANCA,ROS,SNCA,CHMP5
MPO,CAT,HSPE1,WDR1,SERINC1
MPO,LTF,ZNF250,TRIM54,SYTL5
MPO,APOA1,FGA,FGG,VANGL2
MPO,APOA1,JAK2,PTPN6,ERAS
MPO,LTF,NTRK1,BAIAP2,SCN10A
MPO,APOA1,JAK2,PTPN6,PTPN3
MPO,LTF,EGFL8,CCPG1,SLC22A13
MPO,APOA1,FBLN1,CCN2,LRP4
MPO,LTF,NTRK1,BAIAP2,HTR7
MPO,APOA1,APOE,ST13,F11
MPO,APOA1,APOE,ST13,PRMT8
MPO,APOA1,JAK2,PTPN6,ZP4
MPO,APOA1,APOB,MDM2,LPAR1
MPO,APOA1,JAK2,PTPN6,SIGLEC11
MPO,LTF,NTRK1,BAIAP2
MPO,CAT,JUP,CDH8
MPO,APOA1,JAK2,PTPN6,CYSTM1
MPO,LTF,CHD3,ATAD5,CSF1
MPO,LTF,NTRK1,BAIAP2,OR1C1
MPO,APOA1,FBLN1,CCN2
MPO,LTF,OASL,HSPA6,CACNG8
MPO,CAT,RAB14,TMED10
MPO,APOA1,FBLN1,CCN2,TAS1R2
MPO,APOA1,FN1,COL1A1,ZBTB42
MPO,LTF,NTRK1,BAIAP2
MPO,PRTN3,SMAD3,LDLRAD4,HOMER2
MPO,LTF,TMEM237,ARF6,SLC30A8
MPO,APOA1,APOB,MDM2,UBE2B
MPO,LTF,TMEM237,ARF6
MPO,LTF,TMEM237,ARF6,GPR42,MGAM
MPO,APOA1,FBLN7,TUBB2B,RAB6A
MPO,LTF,NTRK1,BAIAP2,RGS4
MPO,LTF,OASL,HSPA6,PIP5K1B
MPO,CAT,RAB14,TMED10
MPO,LTF,SLITRK2,NRAS
MPO,CAT,LRRK2,ZC3H15,HTR3B
MPO,APOA1,JAK2,PTPN6,IL6ST
MPO,PRTN3,TUBB,EML1,ELAPOR2
MPO,LTF,ZNF250,TRIM54,TMC8
MPO,CAT,JUP,CDH8
MPO,LTF,S100A8,RPL35A,SEMA4D
MPO,APOA1,FBLN1,CCN2,PTCD3
MPO,MPO-ANCA,ROS,SNCA,SLC6A3
MPO,APOA1,SERPINA1,OS9,F2RL3
MPO,APOA1,APOB,MDM2,MICALL2
MPO,APOA1,JAK2,PTPN6,ACSL6
MPO,APOA1,SERPINA1,OS9,ABCG8
MPO,MPO-ANCA,ROS,SNCA,MAPK9
MPO,CAT,JUP,CDH8
MPO,APOA1,JAK2,PTPN6,CYTH3
MPO,LTF,GSK3B,SMARCA2,MARCHF4,ABCA7
MPO,APOA1,FBLN1,CCN2,KREMEN1
MPO,LTF,NTRK1,BAIAP2,LDLRAD3
MPO,PRTN3,HSPA5,LOC102723407,OR1D5
MPO,APOA1,NAXE,RHOA,SLC30A5
MPO,LTF,NTRK1,BAIAP2,CALCRL,RAMP1
MPO,APOA1,JAK2,PTPN6,DHRS3,OR10H2
MPO,CAT,LRRK2,ZC3H15,UNC13A
MPO,LTF,GSK3B,SMARCA2,KCNJ5
MPO,APOA1,JAK2,PTPN6,BAG4
MPO,LTF,NTRK1,BAIAP2
MPO,CAT,HSPE1,WDR1
MPO,CAT,HSPE1,WDR1,YIPF4
MPO,APOA1,FBLN1,CCN2,SULF2
MPO,LTF,CEBPA,C1QBP
MPO,LTF,NTRK1,BAIAP2,S100A2,DGKH
MPO,CAT,HDAC2,USP17L2,CD3E
MPO,LTF,NTRK1,BAIAP2
MPO,CAT,NFKB1,GLUL
MPO,CAT,SH2D3C,GSN
MPO,APOA1,JAK2,PTPN6,FGFR2
MPO,APOA1,NAXE,RHOA,PAFAH1B2
MPO,APOA1,JAK2,PTPN6,SNTB2,SNTG2
MPO,CAT,CCDC8,COPB1
MPO,CAT,HSPE1,WDR1,LEPROTL1,TMEM50B
MPO,APOA1,APOB,MDM2
MPO,LTF,S100A8,RPL35A,PHB
MPO,APOA1,JAK2,PTPN6,ADCY3
MPO,PRTN3,SMAD3,LDLRAD4,SLC44A2
MPO,CAT,SH2D3C,GSN
MPO,LTF,FRMD1,DSG3,MS4A10
MPO,APOA1,JAK2,PTPN6,NEO1
MPO,CAT,LRRK2
MPO,ELANE,ITIH2,LRRC4C
MPO,LTF,NTRK1,BAIAP2
MPO,LTF,NTRK1,BAIAP2,PIGN
MPO,LTF,IRAK2
MPO,LTF,NTRK1,BAIAP2
MPO,LTF,NTRK1,BAIAP2,NECTIN4
MPO,LTF,NTRK1,BAIAP2,IL17RB
MPO,CAT,NFKB1,GLUL
MPO,PRTN3,HSPA5,LOC102723407,KCNE3
MPO,APOA1,JAK2,PTPN6,PTPRU
MPO,LTF,GSK3A,HNRNPU,KLRK1,RAET1L
MPO,CAT,CFTR,PSMA2,SNF8
MPO,MPO-ANCA,ROS,SNCA,CA9
MPO,LTF,ZNF250,TRIM54,KCNG3
MPO,LTF,GSK3B,SMARCA2,TESC
MPO,APOA1,APOE,ST13,PLPP1
MPO,APOA1,JAK2,PTPN6,GJA4
MPO,APOA1,FGA,FGG,PTAFR
MPO,APOA1,FN1,COL1A1,TENT4B
MPO,APOA1,JAK2,PTPN6,RNF213,LAMP3
MPO,APOA1,JAK2,PTPN6,BRPF1
MPO,APOA1,JAK2,PTPN6,KCNA5
MPO,CAT,HSDL2,PMPCA,PLP2
MPO,CAT,CCDC8,COPB1
MPO,MPO-ANCA,ROS,SNCA,RHEB
MPO,APOA1,JAK2,PTPN6,FLRT1,ADGRL3
MPO,LTF,NTRK1,BAIAP2,RGS6
MPO,APOA1,FBLN1,CCN2
MPO,APOA1,JAK2,PTPN6,RPGRIP1L
MPO,CAT,CFTR
MPO,LTF,NTRK1,BAIAP2,EMC6,MMD
MPO,LTF,NTRK1,BAIAP2
MPO,CAT,ABL1,WNK2
MPO,LTF,GSK3A,HNRNPU,NCF4
MPO,LTF,OASL,HSPA6,SLC25A31
MPO,APOA1,PDE1A,PDE1C,RAP1GAP2
MPO,CAT,LRRK2,ZC3H15,NALCN
MPO,LTF,TMEM237,ARF6
MPO,LTF,NTRK1,BAIAP2,KLHL13,KIRREL2
MPO,APOA1,FBLN1,CCN2,SLC7A3
MPO,APOA1,FGA,FGG
MPO,APOA1,FBLN1,CCN2
MPO,APOA1,JAK2,PTPN6,CDK14,GDE1
MPO,APOA1,JAK2,PTPN6,NLRX1
MPO,APOA1,JAK2,PTPN6,LPXN
MPO,CAT,NFKB1,GLUL
MPO,CAT,ABL1,WNK2
MPO,APOA1,NAXE,RHOA,FAT4
MPO,CAT,DHRS4,POLDIP2,C8B
MPO,APOA1,JAK2,PTPN6,FGFRL1
MPO,APOA1,JAK2,PTPN6,CD207
MPO,LTF,S100A8,RPL35A,GPD1L
MPO,APOA1,APOE,ST13,OSMR
MPO,LTF,GSK3A,HNRNPU,FAM120A
MPO,LTF,GSK3A,HNRNPU,CDC42EP4
MPO,LTF,NTRK1,BAIAP2,SLC16A4
MPO,CAT,PHYH,FAM9B,SLC16A3
MPO,LTF,GSK3A,HNRNPU,TDGF1
MPO,LTF,CHD4,EIF4G2,PLCD4
MPO,CAT,DECR2,TMPRSS5,NAA30,NAA35
MPO,LTF,NTRK1,BAIAP2,PTPRCAP
MPO,APOA1,JAK2,PTPN6,AMHR2
MPO,APOA1,ABCA1,AOX1,CXCR4
MPO,APOA1,NAXE,RHOA,RAB23
MPO,APOA1,JAK2,PTPN6,FNDC3A,OR6T1
MPO,LTF,NTRK1,BAIAP2,OR4E2
MPO,APOA1,JAK2,PTPN6,SNRPD2,CRLF3
MPO,CAT,ABL1,WNK2
MPO,APOA1,ABCA1,AOX1,PTOV1
MPO,APOA1,FBLN1,CCN2
MPO,APOA1,ABCA1,AOX1,LZTS2
MPO,APOA1,JAK2,PTPN6,ENPP1
MPO,LTF,NTRK1,BAIAP2
MPO,APOA1,FBLN7,TUBB2B,MGAT5B,PLEKHM3
MPO,LTF,GSK3A,HNRNPU,SLC43A1
MPO,APOA1,FBLN1,CCN2,PICK1
MPO,CAT,LRRK2,ZC3H15,KCNQ3
MPO,LTF,NTRK1,BAIAP2
MPO,LTF,NTRK1,BAIAP2
MPO,LTF,S100A8,RPL35A,SPNS2
MPO,LTF,S100A8,RPL35A,CTNNAL1
MPO,LTF,GSK3B,SMARCA2,MUC16
MPO,LTF,CHD4,EIF4G2,ALPG
MPO,APOA1,CLEC4G,PTPN5
MPO,APOA1,NAXE,RHOA,SDE2
MPO,APOA1,PDE1A,PDE1C,ARHGEF18
MPO,CAT,JUP,CDH8
MPO,LTF,ITLN1,DHRS7B,SLC9A3
MPO,LTF,CHD3,ATAD5,COL26A1
MPO,APOA1,JAK2,PTPN6,PLCE1
MPO,APOA1,FBLN1,CCN2
MPO,LTF,NTRK1,BAIAP2,EFNB3
MPO,LTF,NDN,EID3,CEACAM6
MPO,LTF,S100A8,RPL35A,RAB15
MPO,APOA1,LCN1,HP,NOX4
MPO,CAT,CCDC8,COPB1
MPO,CAT,ABL1,WNK2
MPO,CAT,SH2D3C,GSN
MPO,LTF,CHD3,ATAD5,POU2F3
MPO,APOA1,JAK2,PTPN6,DRD2
MPO,LTF,SLITRK2,NRAS,SLC4A8
MPO,LTF,GSK3A,HNRNPU,CACNA1S
MPO,APOA1,JAK2,PTPN6,PRKG1
MPO,LTF,GSK3A,HNRNPU,CACNA1H
MPO,LTF,CEBPA,C1QBP
MPO,APOA1,JAK2,PTPN6,MELK
MPO,APOA1,APOB,MDM2,LRRC52
MPO,LTF,NTRK1,BAIAP2,ITGA10
MPO,CAT,CCDC8,COPB1
MPO,CAT,ABL1,WNK2
MPO,LTF,NTRK1,BAIAP2,FEZ1
MPO,APOA1,FGA,FGG
MPO,APOA1,JAK2,PTPN6,PHKA2
MPO,APOA1,JAK2,PTPN6,SIGLEC9
MPO,LTF,S100A8,RPL35A,FPR2
MPO,APOA1,ABCA1,AOX1,ATP2B2
MPO,CAT,ABL1,WNK2
MPO,APOA1,NAXE,RHOA,BTN3A2
MPO,LTF,CHD4,EIF4G2,CCDC25
MPO,LTF,NTRK1,BAIAP2,ANKRD13D
MPO,APOA1,NAXE,RHOA,RTN3
MPO,LTF,NDN,EID3,CDV3
MPO,LTF,NTRK1,BAIAP2,KCNC1
MPO,APOA1,APOB
MPO,APOA1,TTR,CTNND2,RIC8A
MPO,LTF,GSK3A,HNRNPU,ORAI1
MPO,PRTN3,MIA3,RMDN3,KLRF1
MPO,APOA1,ALB,RNF123,PCDHGB3
MPO,APOA1,JAK2,PTPN6,PATJ
MPO,LTF,NTRK1,BAIAP2
MPO,APOA1,JAK2,PTPN6,MMP14
MPO,APOA1,JAK2,PTPN6,SLITRK3
MPO,LTF,NTRK1,BAIAP2
MPO,LTF,SLITRK2,NRAS,SLC24A1
MPO,LTF,PMEPA1,NCOR1,CLCN5
MPO,LTF,NTRK1,BAIAP2,EXOC8
MPO,CAT,LRRK2,ZC3H15,NALCN,CHRM3
MPO,CAT,LRRK2,ZC3H15,DCXR
MPO,APOA1,JAK2,PTPN6,KLB
MPO,APOA1,JAK2,PTPN6,PLEKHG5
MPO,CAT,RAB14,TMED10
MPO,CAT,CCDC8,COPB1
MPO,CAT,HDAC2,USP17L2,FCER1G,CD300C
MPO,LTF,MAPK15,WDR81,TMED9,TMED1
MPO,LTF,NTRK1,BAIAP2
MPO,LTF,NTRK1,BAIAP2,FCER2
MPO,LTF,GSK3A,HNRNPU,GNAT1
MPO,APOA1,JAK2,PTPN6,ITGA1
MPO,CAT,RAB14,TMED10,SLC39A4
MPO,CAT,CCDC8,COPB1
MPO,CAT,SOD2,CYP4F12,STK16
MPO,LTF,S100A8,RPL35A,SPRED2
MPO,LTF,PHF21B,BRMS1L,SCN2A
MPO,CAT,NFKB1,GLUL
MPO,CAT,CCDC8,COPB1
MPO,APOA1,PDE1A,PDE1C,ARL8A
MPO,LTF,GSK3B,SMARCA2,PALM2AKAP2
MPO,LTF,NTRK1,BAIAP2,CD247
MPO,LTF,NTRK1,BAIAP2
MPO,APOA1,JAK2,PTPN6,LIN7C
MPO,LTF,NTRK1,BAIAP2,LRFN2
MPO,LTF,GSK3B,SMARCA2,TESMIN,OR4X2
MPO,CAT,NFKB1,GLUL
MPO,CAT,LRRK2,ZC3H15,CNNM2
MPO,CAT,ABL1,WNK2
MPO,LTF,GSK3A,HNRNPU,BICD2
MPO,ELANE,ITIH2,LRRC4C
MPO,LTF,GSK3B,SMARCA2,CNNM3
MPO,LTF,CEBPA,C1QBP
MPO,APOA1,ALB,RNF123,AQP7
MPO,PRTN3,SMAD3,LDLRAD4,PSCA
MPO,APOA1,JAK2,PTPN6,TRAF3IP2,IL17RC
MPO,CAT,ABL1,WNK2,ADGRL1
MPO,LTF,NTRK1,BAIAP2,DPP4
MPO,LTF,NTRK1,BAIAP2,SYTL2
MPO,LTF,DHRS12,PLCD1,OR51E2
MPO,LTF,GSK3A,HNRNPU,DRD1
MPO,LTF,GSK3A,HNRNPU,NUBPL
MPO,LTF,NTRK1,BAIAP2,GABRB3
MPO,LTF,NTRK1,BAIAP2,WNT5B
MPO,APOA1,NAXE,RHOA,RAP2C
MPO,APOA1,JAK2,PTPN6,ALCAM
MPO,LTF,NTRK1,BAIAP2,VIPR1
MPO,CAT,HSPE1,WDR1,PTP4A2
MPO,LTF,NTRK1,BAIAP2
MPO,LTF,GSK3A,HNRNPU,SYT6
MPO,LTF,ITLN1,DHRS7B,STRN3
MPO,CAT,RAB14,TMED10
MPO,LTF,FRMD1,DSG3
MPO,LTF,NTRK1,BAIAP2,RASGRP4
MPO,APOA1,JAK2,PTPN6,NPHS1,NPHS2
MPO,LTF,NTRK1,BAIAP2
MPO,LTF,S100A8,RPL35A,SLC6A6
MPO,LTF,NTRK1,BAIAP2,CLDN20
MPO,LTF,NTRK1,BAIAP2,OSBPL1A
MPO,APOA1,ABCA1,AOX1,GRAMD1B,GRAMD2A
MPO,LTF,S100A8,RPL35A,ATP6V0B
MPO,LTF,CDK15,SQOR,UNC13B,DOC2B
MPO,APOA1,JAK2,PTPN6,TNFRSF13B
MPO,CAT,CFTR,PSMA2,HTR3A
MPO,APOA1,TTR,CTNND2
MPO,LTF,NTRK1,BAIAP2
MPO,LTF,PMEPA1,NCOR1,C3orf52,SLC23A2
MPO,APOA1,JAK2,PTPN6,SSTR2
MPO,LTF,GSK3A,HNRNPU,AOC3
MPO,LTF,S100A8,RPL35A,LAPTM5
MPO,APOA1,ALB,RNF123,PCDH10
MPO,LTF,NTRK1,BAIAP2,RGS8
MPO,APOA1,APOB,MDM2,NDC1
MPO,LTF,OASL,HSPA6,CLEC4C
MPO,LTF,NTRK1,BAIAP2,GNA11
MPO,APOA1,FGA,FGG,COL17A1
MPO,APOA1,JAK2,PTPN6,SPHK1
MPO,CAT,RAB14,TMED10
MPO,APOA1,NAXE,RHOA,DGKQ
MPO,CAT,HSPE1,WDR1
MPO,LTF,NTRK1,BAIAP2,HLA-DPB1
MPO,CAT,RAB14,TMED10
MPO,APOA1,JAK2,PTPN6,INSRR
MPO,LTF,MAPK15,WDR81,CD1C
MPO,APOA1,ABCA1,AOX1,KCNJ4
MPO,CAT,PEX5,ZNF772,ANXA4
MPO,LTF,GSK3A,HNRNPU,RAB31
MPO,CAT,CFTR,PSMA2,AQP8
MPO,APOA1,FGA,FGG,MYO1D
MPO,APOA1,JAK2,PTPN6,WDFY3
MPO,LTF,GSK3A,HNRNPU,KLRK1,RAET1L
MPO,LTF,NTRK1,BAIAP2,CLCN3,CNGA4
MPO,LTF,NTRK1,BAIAP2,CLDN4
MPO,APOA1,JAK2,PTPN6,MYCBPAP
MPO,LTF,NTRK1,BAIAP2,AQP6
MPO,APOA1,JAK2,PTPN6,ATP10A
MPO,APOA1,TTR,CTNND2
MPO,APOA1,FBLN1,CCN2
MPO,LTF,GSK3B,SMARCA2,PI4K2B
MPO,APOA1,JAK2,PTPN6,PTPRZ1
MPO,LTF,S100A8,RPL35A,SLC39A2
MPO,LTF,S100A9,PPP2R2A,ERMAP
MPO,CAT,PRDX1,FGF11,ZAN
MPO,CAT,HDAC2,USP17L2,GSC2,BEST3
MPO,LTF,GSK3B,SMARCA2,RASGEF1B
MPO,CAT,JUP,CDH8
MPO,LTF,NTRK1,BAIAP2,GNG13
MPO,LTF,NTRK1,BAIAP2
MPO,CAT,CCDC8,COPB1
MPO,CAT,NUDT12,EPS8L1
MPO,CAT,LRRK2,ZC3H15,SEPHS1
MPO,LTF,S100A8,RPL35A,ADI1
MPO,LTF,CDK15,SQOR,DPP6
MPO,PRTN3,MIA3,RMDN3,TCN2
MPO,ELANE,THBS1,PSG11
MPO,APOA1,JAK2,PTPN6,ARRB2,OXER1
MPO,LTF,NTRK1,BAIAP2
MPO,APOA1,FGA,FGG
MPO,APOA1,JAK2,PTPN6,PPP1R9B
MPO,ELANE,NOTCH2NLA,ZNF688,CLCA4
MPO,LTF,GSK3B,SMARCA2,ABCC10
MPO,LTF,S100A8,RPL35A,HCAR1
MPO,APOA1,NAXE,RHOA,ARHGDIG
MPO,CAT,CCDC8,COPB1
MPO,LTF,NTRK1,BAIAP2
MPO,LTF,GSK3A,HNRNPU,ANKRD39,LANCL2
MPO,LTF,GSK3B,SMARCA2,BLVRB
MPO,APOA1,APOE,ST13,CNTNAP3
MPO,LTF,NTRK1,BAIAP2
MPO,ELANE,THBS1,PSG11
MPO,CAT,CCDC8,COPB1,ROBO4
MPO,LTF,OASL,HSPA6,SYMPK
MPO,LTF,S100A8,RPL35A,AIFM2
MPO,APOA1,PDE1A,PDE1C,NEK4,CSMD3
MPO,LTF,NTRK1,BAIAP2
MPO,APOA1,JAK2,PTPN6,ANXA1
MPO,LTF,GSK3A,HNRNPU,PLIN4
MPO,LTF,S100A8,RPL35A,SLC39A14
MPO,APOA1,TTR,CTNND2,C9
MPO,PRTN3,HSPA5,LOC102723407,SHH
MPO,CAT,ABL1,WNK2
MPO,LTF,FRMD1,DSG3,SNX15
MPO,LTF,NTRK1,BAIAP2,SCN8A
MPO,LTF,NTRK1,BAIAP2,LPAR4
MPO,CAT,ABL1,WNK2
MPO,LTF,GSK3A,HNRNPU,ADRA1B
MPO,APOA1,NAXE,RHOA,LRRC8D
MPO,LTF,NTRK1,BAIAP2,CALCRL,RAMP1
MPO,APOA1,FBLN1,CCN2,FRAS1
MPO,CAT,CFTR,PSMA2,FRMPD2
MPO,APOA1,FBLN7,TUBB2B,TRIM4
MPO,PRTN3,HSPA5,LOC102723407,ZACN
MPO,PRTN3,HSPA5,LOC102723407,COL23A1
MPO,LTF,FRMD1,DSG3
MPO,LTF,NTRK1,BAIAP2,KLHL41
MPO,LTF,NTRK1,BAIAP2,RILPL1
MPO,LTF,S100A9,PPP2R2A,RAB18
MPO,CAT,HDAC2,USP17L2,PAWR
MPO,APOA1,FGA,FGG,MCC
MPO,LTF,NTRK1,BAIAP2,AQP6,TSPO2
MPO,APOA1,JAK2,PTPN6,KCNC4
MPO,APOA1,JAK2,PTPN6,GABRA2
MPO,PRTN3,HSPA5,LOC102723407,GRID1
MPO,APOA1,FBLN1,CCN2,CACNA1A
MPO,APOA1,FN1,COL1A1,UTP20
MPO,LTF,TMEM237,ARF6,SLC22A18
MPO,LTF,GSK3A,HNRNPU,PARD6B
MPO,APOA1,JAK2,PTPN6,BMPR2
MPO,LTF,NTRK1,BAIAP2,PI4KA,TTC7B
MPO,APOA1,JAK2,PTPN6,NECTIN2
MPO,ELANE,MIB2,CYLD
MPO,CAT,ABL1,WNK2
MPO,CAT,NFKB1,GLUL
MPO,APOA1,FN1,COL1A1,ATP8B2
MPO,APOA1,NAXE,RHOA,STXBP5
MPO,CAT,NFKB1,GLUL,VMP1
MPO,CAT,SH2D3C,GSN,KCNA10
MPO,LTF,NTRK1,BAIAP2,GHRHR
MPO,LTF,S100A8,RPL35A,SHISA5,TVP23B,YIPF1
MPO,LTF,NTRK1,BAIAP2
MPO,APOA1,JAK2,PTPN6,HTR2B
MPO,CAT,CCDC8,COPB1
MPO,APOA1,JAK2,PTPN6,PARP14
MPO,APOA1,APOB,MDM2
MPO,LTF,GSK3B,SMARCA2,TENM1
MPO,LTF,NTRK1,BAIAP2,ABI3,BAIAP2L2
MPO,APOA1,APOB,MDM2,IPO5,DSCAML1
MPO,CAT,NFKB1,GLUL
MPO,APOA1,PDE1A,PDE1C,CRTC1
MPO,MPO-ANCA,ROS,SNCA,SLC6A4,GPM6B
MPO,CAT,HDAC2,USP17L2,GYPC
MPO,APOA1,FN1,COL1A1,C11orf24
MPO,APOA1,JAK2,PTPN6,STK32A
MPO,LTF,GSK3B,SMARCA2,CACNA1G
MPO,APOA1,ABCA1,AOX1,CORO2A,SLC16A8
MPO,APOA1,JAK2,PTPN6,STOM
MPO,CAT,ABL1,WNK2
MPO,ELANE,ITIH2,LRRC4C
MPO,APOA1,ALB,RNF123,PCDHB12
MPO,LTF,NTRK1,BAIAP2,MC1R
MPO,CAT,CCDC8,COPB1
MPO,APOA1,JAK2,PTPN6,FAS
MPO,APOA1,JAK2,PTPN6,IFNAR2
MPO,LTF,GSK3A,HNRNPU,GRIA2
MPO,LTF,GSK3A,HNRNPU,PRSS12
MPO,APOA1,JAK2,PTPN6,PACSIN1
MPO,LTF,GSK3A,HNRNPU,CDH7
MPO,APOA1,NAXE,RHOA,RTN3,NDRG4
MPO,APOA1,SERPINA1,OS9,KCNIP4
MPO,CAT,CFTR,PSMA2,MICB
MPO,LTF,NTRK1,BAIAP2,CD99
MPO,LTF,GSK3A,HNRNPU,CLDN2
MPO,APOA1,JAK2,PTPN6,NF2
MPO,CAT,SH2D3C,GSN
MPO,CAT,JUP,CDH8
MPO,LTF,NTRK1,BAIAP2
MPO,LTF,FOXN3,RFX1,SIRPB1
MPO,APOA1,JAK2,PTPN6,FNDC3A,OR6T1
MPO,LTF,NTRK1,BAIAP2,DTNA
MPO,APOA1,JAK2,PTPN6,ABCB5
MPO,LTF,TMEM237,ARF6
MPO,APOA1,JAK2,PTPN6,CD274,PDCD1,PDCD1LG2
MPO,LTF,IRAK2,SESTD1,SERPINB4
MPO,LTF,NTRK1,BAIAP2,RGL1
MPO,CAT,HDAC2,USP17L2,FCER1G,CD300C
MPO,CAT,CCDC8,COPB1,COL25A1
MPO,MPO-ANCA,ROS,SNCA,NTRK2
MPO,APOA1,JAK2,PTPN6,EHBP1
MPO,CAT,ABL1,WNK2
MPO,LTF,NTRK1,BAIAP2
MPO,APOA1,FBLN1,CCN2,HMOX2
MPO,LTF,GSK3A,HNRNPU,KCNJ3
MPO,LTF,NTRK1,BAIAP2
MPO,APOA1,JAK2,PTPN6,CYBA
MPO,LTF,NTRK1,BAIAP2
MPO,APOA1,FBLN1,CCN2,LY96
MPO,APOA1,TTR,CTNND2
MPO,CAT,NFKB1,GLUL
MPO,CAT,LRRK2,ZC3H15,TNFRSF10A
MPO,APOA1,FBLN1,CCN2,CHRNA5,LYPD1
MPO,APOA1,NAXE,RHOA,LRP5
MPO,MPO-ANCA,ROS,SNCA,CAV3
MPO,APOA1,PDE1A,PDE1C,PLEKHA2
MPO,LTF,TMEM237,ARF6
MPO,CAT,ABL1,WNK2
MPO,LTF,CEBPA,C1QBP
MPO,LTF,NTRK1,BAIAP2,TMC5
MPO,CAT,CCDC8,COPB1
MPO,LTF,NTRK1,BAIAP2,OSBPL2
MPO,LTF,CDK15,SQOR,UNC13B
MPO,APOA1,JAK2,PTPN6,ACVR1C
MPO,APOA1,FN1,COL1A1,ETV6
MPO,CAT,CCDC8,COPB1
MPO,APOA1,JAK2,PTPN6,DYNLL2
MPO,APOA1,JAK2,PTPN6,ATG9A,SLC44A5
MPO,CAT,ACOX3,CENPH,LRRC55
MPO,APOA1,JAK2,PTPN6,HLA-B
MPO,CAT,SH2D3C,GSN
MPO,CAT,ABL1,WNK2
MPO,APOA1,JAK2,PTPN6,RBSN
MPO,LTF,S100A9,PPP2R2A,ARRDC4
MPO,CAT,ABL1,WNK2
MPO,APOA1,JAK2,PTPN6,SNX20
MPO,CAT,ABL1,WNK2,IHH
MPO,APOA1,FBLN1,CCN2,NRXN1
MPO,CAT,NFKB1,GLUL
MPO,LTF,GSK3B,SMARCA2,CR1L
MPO,APOA1,JAK2,PTPN6,FGFR3
MPO,APOA1,JAK2,PTPN6,CD36
MPO,CAT,LRRK2,ZC3H15,SLC22A16
MPO,CAT,ABL1,WNK2
MPO,APOA1,JAK2,PTPN6,SNTB2,SNTG2
MPO,CAT,ABL2,EPHB4
MPO,LTF,CHD4,EIF4G2,PI4K2A
MPO,LTF,NTRK1,BAIAP2,PI4KA
MPO,LTF,CHD3,ATAD5,EFNA1
MPO,LTF,NTRK1,BAIAP2
MPO,CAT,PECR,POMGNT2,GUCY2F
MPO,APOA1,APOE,ST13,TNFRSF21
MPO,PRTN3,HSPA5
MPO,APOA1,JAK2,PTPN6,PTPRT
MPO,ELANE,SLPI,GRN
MPO,LTF,CHD4,EIF4G2,CPNE7
MPO,CAT,ABL1,WNK2
MPO,LTF,GSK3B,SMARCA2,PIP5KL1
MPO,LTF,ZNF250,TRIM54,CLDN12
MPO,LTF,NTRK1,BAIAP2
MPO,APOA1,JAK2,PTPN6,ARRB2
MPO,APOA1,FBLN1,CCN2,LLGL2
MPO,LTF,CEBPA,C1QBP
MPO,LTF,GSK3A,HNRNPU,ADAP1
MPO,LTF,GSK3B,SMARCA2,IFNLR1
MPO,APOA1,JAK2,PTPN6,SLC26A4
MPO,LTF,NTRK1,BAIAP2,GPR139
MPO,LTF,GSK3B,SMARCA2,SLC9A5
MPO,LTF,NTRK1,BAIAP2,CNR1
MPO,LTF,TMEM237,ARF6,RTKN2
MPO,LTF,GSK3B,SMARCA2,LTA
MPO,CAT,ABL2,EPHB4
MPO,CAT,RAB14,TMED10
MPO,APOA1,PDE1A,PDE1C,ARL6
MPO,LTF,NTRK1,BAIAP2,PI4KA,TTC7B
MPO,LTF,NTRK1,BAIAP2
MPO,LTF,GSK3B,SMARCA2,ADGRE5
MPO,CAT,ABL1,WNK2
MPO,APOA1,JAK2,PTPN6,MUC6
MPO,CAT,CFTR,PSMA2,ANO8
MPO,LTF,NTRK1,BAIAP2
MPO,APOA1,JAK2,PTPN6,ICOS
MPO,APOA1,FN1,COL1A1,CATSPERG
MPO,CAT,HDAC2,USP17L2,PCDHGA9
MPO,CAT,PRDX2,SPR,LRRC45
MPO,LTF,NTRK1,BAIAP2
MPO,LTF,GSK3B,SMARCA2,WASHC2C
MPO,ELANE,MIB2,CYLD
MPO,LTF,NTRK1,BAIAP2
MPO,MPO-ANCA,ROS,SNCA
MPO,APOA1,APOB,MDM2,WNT5A
MPO,LTF,S100A8,RPL35A,HTR6
MPO,CAT,CFTR,PSMA2,COL4A5,SLC10A4
MPO,APOA1,JAK2,PTPN6,FZD2
MPO,CAT,PECR,POMGNT2,LIM2
MPO,LTF,NTRK1,BAIAP2
MPO,APOA1,JAK2,PTPN6,PLXNB1
MPO,LTF,OASL,HSPA6,KLF9
MPO,LTF,NTRK1,BAIAP2,RGS9
MPO,CAT,CCDC8,COPB1,ENPP6
MPO,LTF,NTRK1,BAIAP2
MPO,LTF,CHD4,EIF4G2,COL13A1
MPO,MPO-ANCA,ROS,SNCA,DAPK3,GRIN3B
MPO,CAT,CCDC8,COPB1
MPO,LTF,CHD4,EIF4G2,HAS1
MPO,APOA1,JAK2,PTPN6,IL4R,IL2RG
MPO,LTF,NTRK1,BAIAP2,ADGRD1
MPO,LTF,NTRK1,BAIAP2
MPO,LTF,NTRK1,BAIAP2
MPO,APOA1,JAK2,PTPN6,IL3RA
MPO,LTF,NTRK1,BAIAP2
MPO,LTF,GSK3B
MPO,LTF,GSK3A,HNRNPU,CABP2
MPO,LTF,NTRK1,BAIAP2,GNG5
MPO,CAT,CFTR,PSMA2,ATP6AP1
MPO,APOA1,PDE1A,PDE1C,MAPKAP1
MPO,CAT,JUP
MPO,LTF,NTRK1,BAIAP2
MPO,CAT,JUP,CDH8,EFNA4
MPO,LTF,NTRK1,BAIAP2,CLDN6
MPO,CAT,HDAC2,USP17L2,PCDHGC5
MPO,APOA1,JAK2,PTPN6,TRIM38,NLRP6
MPO,APOA1,JAK2,PTPN6,ITGAM
MPO,LTF,S100A8,RPL35A,GPR50
MPO,APOA1,JAK2,PTPN6,SLC4A1
MPO,ELANE,ITIH2,LRRC4C
MPO,APOA1,FGA,FGG
MPO,LTF,NTRK1,BAIAP2
MPO,APOA1,NAXE,RHOA,ITPR2
MPO,APOA1,ALB,RNF123,STXBP2
MPO,CAT,CCDC8,COPB1
MPO,LTF,GSK3B,SMARCA2,PAQR6
MPO,PRTN3,F2RL1,ZW10,KNTC1
MPO,APOA1,ABCA1,AOX1,IQGAP2
MPO,LTF,NTRK1,BAIAP2,EPN3
MPO,LTF,NTRK1,BAIAP2,RAPGEF2
MPO,CAT,NFKB1,GLUL
MPO,LTF,GSK3A,HNRNPU,ADRA2A
MPO,APOA1,JAK2,PTPN6,PTGIR
MPO,CAT,SH2D3C,GSN,PCDHA11
MPO,LTF,IRAK2,SESTD1,IL1RL1
MPO,LTF,FRMD1,DSG3,ADAMTS13,CELSR1
MPO,APOA1,JAK2,PTPN6,GAREM1
MPO,LTF,S100A9,PPP2R2A,NTNG2
MPO,LTF,MAPK15,WDR81,CD8A
MPO,CAT,NFKB1,GLUL
MPO,LTF,NTRK1,BAIAP2
MPO,APOA1,JAK2,PTPN6,NMT2
MPO,MPO-ANCA,ROS,SNCA,BRCA1
MPO,APOA1,JAK2,PTPN6,LRRC3
MPO,LTF,TMEM237,ARF6
MPO,LTF,NTRK1,BAIAP2
MPO,LTF,GSK3A,HNRNPU,OBSCN
MPO,LTF,NTRK1,BAIAP2
MPO,ELANE,THBS1,PSG11
MPO,LTF,NTRK1,BAIAP2,ADGRA2
MPO,LTF,NTRK1,BAIAP2,ADAM2
MPO,LTF,NTRK1,BAIAP2,S1PR5
MPO,LTF,NTRK1,BAIAP2
MPO,LTF,S100A9,PPP2R2A,OMG
MPO,APOA1,NAXE,RHOA,SNAP47
MPO,APOA1,JAK2,PTPN6,EFNB1
MPO,APOA1,FBLN1,CCN2,WLS,WNT7B
MPO,LTF,NTRK1,BAIAP2
MPO,APOA1,JAK2,PTPN6,PARD6A
MPO,CAT,LRRK2,ZC3H15,IGSF8
MPO,APOA1,ABCA1,AOX1,OR2AG1
MPO,LTF,GSK3B,SMARCA2,PDE4A
MPO,APOA1,JAK2,PTPN6,GABRA3
MPO,APOA1,FN1,COL1A1,IFITM3
MPO,LTF,GSK3B,SMARCA2,FGF10
MPO,APOA1,JAK2,PTPN6,FLT4
MPO,PRTN3,CCR1,DHRS1,CACNB1
MPO,APOA1,JAK2,PTPN6,MCAM
MPO,LTF,NTRK1,BAIAP2,RAPGEF3
MPO,APOA1,NAXE,RHOA,UTRN
MPO,CAT,SH2D3C,GSN
MPO,APOA1,JAK2,PTPN6,SLAMF6
MPO,APOA1,JAK2,PTPN6,FCER1A
MPO,LTF,NTRK1,BAIAP2,SLC7A7
MPO,APOA1,JAK2,PTPN6,ARFGAP2
MPO,LTF,NTRK1,BAIAP2
MPO,CAT,CFTR,PSMA2,TRPA1
MPO,LTF,TMEM237,ARF6
MPO,LTF,NTRK1,BAIAP2,GABRB1
MPO,LTF,NTRK1,BAIAP2,ADRA2B
MPO,CAT,SH2D3C,GSN
MPO,APOA1,JAK2,PTPN6,CNKSR1
MPO,APOA1,FBLN1,CCN2,TMEM30B
MPO,LTF,OASL,HSPA6,KLRC2,GALNT13,TREM1
MPO,LTF,TMEM237,ARF6,PSD,GLRA2
MPO,LTF,SLITRK2,NRAS
MPO,LTF,NTRK1,BAIAP2
MPO,APOA1,JAK2,PTPN6,SLC2A10
MPO,LTF,GSK3A,HNRNPU,CDH6
MPO,APOA1,LCAT,PIKFYVE,ANK1
MPO,PRTN3,CFP,NCR1
MPO,MPO-ANCA,ROS,SNCA
MPO,LTF,GSK3B,SMARCA2,NCAM2
MPO,LTF,NTRK1,BAIAP2,UNC80,NALF1
MPO,LTF,NTRK1,BAIAP2,HTR1E
MPO,CAT,SH2D3C,GSN
MPO,LTF,NTRK1,BAIAP2,ANKRD13B
MPO,LTF,NTRK1,BAIAP2
MPO,LTF,NTRK1,BAIAP2
MPO,APOA1,JAK2,PTPN6,PLXNA1
MPO,APOA1,TTR,CTNND2
MPO,CAT,ABL1,WNK2
MPO,CAT,RAB14,TMED10
MPO,LTF,NTRK1,BAIAP2
MPO,APOA1,JAK2,PTPN6,ARAF,SLC9A3R2,OR52B2
MPO,LTF,NTRK1,BAIAP2
MPO,MPO-ANCA,ROS,SNCA
MPO,APOA1,TTR,CTNND2
MPO,APOA1,ALB,RNF123,ANXA8
MPO,LTF,NTRK1,BAIAP2
MPO,LTF,NTRK1,BAIAP2,GCGR
MPO,LTF,NTRK1,BAIAP2
MPO,APOA1,JAK2,PTPN6,MPHOSPH8
MPO,CAT,JUP,CDH8
MPO,APOA1,JAK2,PTPN6,SSH1
MPO,APOA1,FBLN1,CCN2,NRXN1,SYT13
MPO,LTF,NTRK1,BAIAP2
MPO,APOA1,JAK2,PTPN6,GUCA1B
MPO,APOA1,JAK2,PTPN6,GRIN2B
MPO,APOA1,JAK2,PTPN6,PPP1R16B
MPO,APOA1,JAK2,PTPN6,REPS2
MPO,APOA1,FGA,FGG,MAG
MPO,APOA1,JAK2,PTPN6,SLC6A15
MPO,LTF,NTRK1,BAIAP2,NDUFC2
MPO,CAT,ABL1,WNK2
MPO,LTF,CDK15,SQOR,PRRT2
MPO,APOA1,JAK2,PTPN6,PTPRA
MPO,CAT,CCDC8,COPB1
MPO,APOA1,APOE,ST13,APBA3
MPO,APOA1,JAK2,PTPN6,CYSLTR2
MPO,CAT,CCDC8,COPB1
MPO,CAT,NFKB1,GLUL
MPO,APOA1,JAK2,PTPN6,PHF7
MPO,APOA1,ABCA1,AOX1,GRIK5
MPO,APOA1,JAK2,PTPN6,PPIL2
MPO,CAT,ABL1,WNK2
MPO,LTF,NTRK1,BAIAP2
MPO,LTF,TMEM237,ARF6,CHRNA4
MPO,ELANE,THBS1,PSG11
MPO,CAT,ABL1,WNK2
MPO,LTF,NTRK1,BAIAP2
MPO,LTF,ITLN1,DHRS7B,GRM3
MPO,APOA1,FN1,COL1A1,CLDN7
MPO,CAT,JUP,CDH8,CNST
MPO,LTF,NTRK1,BAIAP2
MPO,ELANE,ITIH2,LRRC4C
MPO,CAT,CFTR,PSMA2,INPP5B
MPO,LTF,NTRK1,BAIAP2
MPO,LTF,NTRK1,BAIAP2
MPO,CAT,ABL2,EPHB4
MPO,APOA1,JAK2,PTPN6,ITGA4
MPO,APOA1,FBLN1,CCN2
MPO,LTF,SIRPG
MPO,LTF,GSK3B,SMARCA2,CD68
MPO,LTF,NTRK1,BAIAP2
MPO,LTF,NTRK1,BAIAP2
MPO,LTF,CHD3,ATAD5,C4BPB
MPO,LTF,GSK3B,SMARCA2,CHRNA1
MPO,LTF,GSK3A,HNRNPU,LIG1
MPO,CAT,ABL1,WNK2
MPO,APOA1,JAK2,PTPN6,PKP4
MPO,ELANE,THBS1,PSG11
MPO,CAT,ABL1,WNK2
MPO,APOA1,SERPINA1,OS9,C1QTNF5
MPO,LTF,SLITRK2,NRAS
MPO,CAT,CCDC8,COPB1
MPO,CAT,NFKB1,GLUL
MPO,LTF,S100A9,PPP2R2A,SLC27A6
MPO,LTF,NTRK1,BAIAP2
MPO,APOA1,APOB,MDM2
MPO,LTF,TMEM237,ARF6,PLCH2
MPO,APOA1,FN1,COL1A1,PCSK9
MPO,CAT,ABL1,WNK2
MPO,APOA1,JAK2,PTPN6,GRK5
MPO,APOA1,JAK2,PTPN6,SPRY2,CBLB
MPO,APOA1,JAK2,PTPN6,ITK,CD28
MPO,LTF,S100A8,RPL35A,PCDH9
MPO,PRTN3,MIA3,RMDN3,ABCA6
MPO,APOA1,NAXE,RHOA,ITGB8
MPO,APOA1,FBLN1,CCN2,FXYD1
MPO,APOA1,JAK2,PTPN6,IGF2R
MPO,APOA1,JAK2,PTPN6,RAB40A
MPO,CAT,ABL1,WNK2
MPO,LTF,NTRK1,BAIAP2
MPO,LTF,GSK3A,HNRNPU,DGKD
MPO,LTF,TMEM237,ARF6
MPO,APOA1,JAK2,PTPN6,SDK1
MPO,CAT,NFKB1,GLUL
MPO,CAT,SH2D3C,GSN
MPO,APOA1,JAK2,PTPN6,ITGAD
MPO,LTF,NTRK1,BAIAP2,SCN5A
MPO,APOA1,JAK2,PTPN6,NTNG1
MPO,LTF,NTRK1,BAIAP2
MPO,LTF,NTRK1,BAIAP2,OPRM1
MPO,MPO-ANCA,ROS,SNCA,HIF3A
MPO,APOA1,APOB,MDM2,TMX4,ADAM18
MPO,CAT,JUP,CDH8
MPO,LTF,NTRK1,BAIAP2,FCHSD2
MPO,LTF,NTRK1,BAIAP2,RAPGEF4
MPO,APOA1,JAK2,PTPN6,SDK2
MPO,CAT,NFKB1,GLUL
MPO,LTF,NTRK1,BAIAP2,GALR2
MPO,PRTN3,TUBA4A,IQCN,ENPP7
MPO,APOA1,ABCA1,AOX1,GRIK5,GRIK3
MPO,LTF,NTRK1,BAIAP2
MPO,LTF,NTRK1,BAIAP2
MPO,APOA1,APOB,MDM2
MPO,APOA1,JAK2,PTPN6,RIT2
MPO,LTF,NTRK1,BAIAP2,TCHP
MPO,LTF,S100A8,RPL35A,ATP6V0C
MPO,APOA1,JAK2,PTPN6,PTPRE
MPO,CAT,ABL1,WNK2
MPO,PRTN3,TMEM59,CORT,ATP8A1
MPO,LTF,S100A9,PPP2R2A,OAS3
MPO,LTF,NTRK1,BAIAP2
MPO,ELANE,THBS1,PSG11
MPO,LTF,NTRK1,BAIAP2
MPO,CAT,HSPE1,WDR1
MPO,APOA1,JAK2,PTPN6,CNKSR1,CYTH4
MPO,LTF,FOXN3,RFX1,GDF5,RGMA
MPO,APOA1,JAK2,PTPN6,LILRB2
MPO,APOA1,JAK2,PTPN6,ALG10,DPEP1
MPO,CAT,CFTR,PSMA2,ENTPD6
MPO,APOA1,JAK2,PTPN6,VAMP7
MPO,APOA1,NAXE,RHOA,RASGRF2
MPO,PRTN3,F2R,MMP1,CHRNB4
MPO,LTF,CDK15,SQOR,ADH1C
MPO,APOA1,APOB,MDM2,CCDC22,VPS35L
MPO,APOA1,JAK2,PTPN6,NOTCH2NLC,KCNS2
MPO,LTF,NTRK1,BAIAP2,TNFRSF25
MPO,LTF,GSK3A,HNRNPU,CDH18
MPO,APOA1,TTR,CTNND2
MPO,APOA1,APOE,ST13,SYT1
MPO,LTF,GSK3B,SMARCA2,CACNA1E
MPO,PRTN3,SMAD3,LDLRAD4,CPEB3
MPO,CAT,NFKB1,GLUL
MPO,APOA1,JAK2,PTPN6,DCC
MPO,LTF,SLITRK2,NRAS
MPO,CAT,CFTR,PSMA2,TLR8
MPO,LTF,OASL,HSPA6,EPB42
MPO,LTF,ZNF250,TRIM54,HAS3
MPO,LTF,NTRK1,BAIAP2,LNPEP
MPO,LTF,NTRK1,BAIAP2
MPO,APOA1,LCN1,HP,LSP1
MPO,LTF,NTRK1,BAIAP2,CD226,MBLAC2
MPO,MPO-ANCA,ROS,SNCA
MPO,MPO-ANCA,superoxide,SOD3,KCNIP3
MPO,LTF,NTRK1,BAIAP2
MPO,APOA1,JAK2,PTPN6,ADCY3,CNGA3
MPO,APOA1,JAK2,PTPN6,CALM1,GRK4
MPO,APOA1,JAK2,PTPN6,HLA-F,KIR3DL2
MPO,APOA1,JAK2,PTPN6,TSG101
MPO,APOA1,JAK2,PTPN6,DIP2A
MPO,APOA1,JAK2,PTPN6,KMT2E
MPO,CAT,SH2D3C,GSN,PCDHAC2
MPO,CAT,HDAC2,USP17L2,CHRNE
MPO,LTF,NTRK1,BAIAP2
MPO,LTF,NTRK1,BAIAP2
MPO,APOA1,TTR,CTNND2,NUCB2
MPO,LTF,ZNF250,TRIM54,CHRDL1
MPO,APOA1,JAK2,PTPN6,GP1BA
MPO,APOA1,TTR,CTNND2,LYPLA1
MPO,LTF,S100A8,RPL35A,KANSL2
MPO,LTF,OASL,HSPA6,PNN
MPO,APOA1,JAK2,PTPN6,BIN1
MPO,LTF,NTRK1,BAIAP2
MPO,CAT,SH2D3C,GSN
MPO,APOA1,PDE1A,PDE1C,RALGPS2
MPO,ELANE,SERPINI1,ST14
MPO,LTF,NTRK1,BAIAP2
MPO,LTF,OASL,HSPA6,RGS3
MPO,LTF,GSK3B,SMARCA2,SLC9C1
MPO,LTF,NTRK1,BAIAP2,TACR1
MPO,LTF,CDK15,SQOR,CCNYL1
MPO,APOA1,FBLN1,CCN2
MPO,APOA1,JAK2,PTPN6,NR0B2,HNF4G,HAS2
MPO,APOA1,FN1,COL1A1,MMP2
MPO,LTF,NTRK1,BAIAP2
MPO,LTF,NTRK1,BAIAP2,GABRA1
MPO,CAT,LRRK2,ZC3H15,BFAR
MPO,LTF,GSK3B,SMARCA2,CARMIL1
MPO,LTF,NTRK1,BAIAP2,TSHZ3
MPO,APOA1,ABCA1,AOX1,PIP4K2B
MPO,APOA1,JAK2,PTPN6,SHROOM2
MPO,APOA1,JAK2,PTPN6,CTSL
MPO,APOA1,JAK2,PTPN6,EPHA2,TSPAN12
MPO,CAT,NFKB1,GLUL
MPO,APOA1,NAXE,RHOA,RTN3,NDRG4
MPO,CAT,POTEJ,NMRAL1,GNAL
MPO,APOA1,JAK2,PTPN6,EPB41L2
MPO,LTF,NTRK1,BAIAP2
MPO,LTF,NTRK1,BAIAP2
MPO,APOA1,NAXE,RHOA,STIM2
MPO,ELANE,SLPI,GRN,CR1
MPO,CAT,CCDC8,COPB1
MPO,ELANE,NOTCH2NLA,ZNF688,SLC15A2
MPO,LTF,NTRK1,BAIAP2
MPO,LTF,TMEM237,ARF6,SLITRK6
MPO,CAT,ABL1,WNK2
MPO,LTF,ZNF250,TRIM54,ATP8B1
MPO,LTF,ITLN1,DHRS7B,RALGDS
MPO,APOA1,JAK2,PTPN6,ARVCF
MPO,CAT,ABL1,WNK2
MPO,APOA1,APOB,MDM2,MESD
MPO,LTF,NTRK1,BAIAP2,CALCRL
MPO,LTF,NTRK1,BAIAP2
MPO,LTF,ZNF250,TRIM54,CD27,CD70
MPO,LTF,GSK3A,HNRNPU,APH1A
MPO,LTF,NTRK1,BAIAP2,ANXA13
MPO,APOA1,ABCA1,AOX1,GRIK2
MPO,LTF,TMEM237,ARF6,RHBDL1
MPO,CAT,HSPE1,WDR1,GPR85
MPO,APOA1,JAK2,PTPN6,MST1R
MPO,CAT,SH2D3C,GSN
MPO,APOA1,JAK2,PTPN6,LTK
MPO,APOA1,JAK2,PTPN6,AMOTL1
MPO,APOA1,JAK2,PTPN6,KIRREL1
MPO,CAT,SH2D3C,GSN
MPO,LTF,S100A9,PPP2R2A,SYTL4
MPO,CAT,SH2D3C,GSN
MPO,APOA1,FBLN1,CCN2
MPO,LTF,NTRK1,BAIAP2,BDKRB1
MPO,LTF,S100A8,RPL35A,FEM1C,OR51B2
MPO,APOA1,FBLN1,CCN2
MPO,APOA1,JAK2,PTPN6,ARHGEF5
MPO,CAT,CFTR,PSMA2,DGAT1
MPO,CAT,LRRK2,ZC3H15,KCNH1
MPO,LTF,NTRK1,BAIAP2,PPFIBP1
MPO,APOA1,FBLN1,CCN2,FZD7
MPO,APOA1,JAK2,PTPN6,NOD2,OLFM4
MPO,LTF,CEBPA,C1QBP
MPO,APOA1,JAK2,PTPN6,SYNGAP1
MPO,APOA1,JAK2,PTPN6,CEACAM1
MPO,APOA1,JAK2,PTPN6,HSPG2
MPO,APOA1,JAK2,PTPN6,ICAM3
MPO,PRTN3,OBSL1,MTMR2,CACNA2D1
MPO,APOA1,FN1,COL1A1,ULBP1
MPO,LTF,TMEM237,ARF6
MPO,APOA1,JAK2,PTPN6,CLN3
MPO,LTF,GSK3A,HNRNPU,PKD2L1,PKD1L3
MPO,APOA1,APOB,MDM2,EFHD2,OR2K2
MPO,APOA1,JAK2,PTPN6,DUSP21,ATP23
MPO,APOA1,FN1,COL1A1,SEMA4G
MPO,APOA1,FN1,COL1A1,REPS1
MPO,LTF,NTRK1,BAIAP2,DENND3,RAB12
MPO,CAT,ABL1,WNK2
MPO,CAT,ABL1,WNK2
MPO,LTF,TMEM237,ARF6
MPO,LTF,TMEM237,ARF6
MPO,LTF,NTRK1,BAIAP2
MPO,LTF,NTRK1,BAIAP2
MPO,APOA1,FN1,COL1A1,STAB2
MPO,LTF,S100A8,RPL35A,LAPTM4B
MPO,APOA1,JAK2,PTPN6,ITGB5
MPO,CAT,NFKB1,GLUL
MPO,APOA1,JAK2,PTPN6,CAV2
MPO,LTF,CHD4,EIF4G2,NEXN
MPO,CAT,ABL1,WNK2
MPO,LTF,NTRK1,BAIAP2,SCTR
MPO,APOA1,JAK2,PTPN6,KCNV1
MPO,APOA1,JAK2,PTPN6,SFRP1
MPO,LTF,NTRK1,BAIAP2
MPO,APOA1,NAXE,RHOA,SLITRK4
MPO,ELANE,ITIH2,LRRC4C
MPO,CAT,NFKB1,GLUL
MPO,APOA1,JAK2,PTPN6,LIMD1
MPO,APOA1,TTR,CTNND2,DFFA
MPO,APOA1,FBLN1,CCN2,TBXA2R
MPO,APOA1,JAK2,PTPN6,APPL1
MPO,CAT,ABL1,WNK2
MPO,APOA1,CLEC4G
MPO,CAT,LRRK2,ZC3H15,KCNN4
MPO,LTF,NTRK1,BAIAP2,NMUR1
MPO,CAT,NFKB1,GLUL
MPO,MPO-ANCA,ROS,SNCA,HMOX1,CYBRD1
MPO,LTF,GSK3B,SMARCA2,BTN2A2
MPO,LTF,NTRK1,BAIAP2,ADGRF1
MPO,LTF,SLITRK2,NRAS
MPO,MPO-ANCA,ROS,SNCA,HMOX1,CYBRD1
MPO,LTF,GSK3A,HNRNPU,PHKA1
MPO,APOA1,JAK2,PTPN6,CDK14,GDE1
MPO,APOA1,FGA,FGG
MPO,LTF,EGFL8,CCPG1,P2RX5
MPO,APOA1,JAK2,PTPN6,BTC
MPO,LTF,S100A8,RPL35A,ABTB1
MPO,APOA1,JAK2,PTPN6,VAMP8
MPO,CAT,NFKB1,GLUL
MPO,LTF,NTRK1,BAIAP2
MPO,LTF,NTRK1,BAIAP2,CATSPER1,CACNA1I
MPO,LTF,CHD4,EIF4G2,NCR3LG1,CD200R1,CD200
MPO,LTF,TMEM237,ARF6,DGKE
MPO,LTF,SLITRK2,NRAS
MPO,APOA1,APOB,MDM2,NUP35
MPO,LTF,CHD4,EIF4G2,S100A13
MPO,APOA1,ABCA1,AOX1,GRAMD1C
MPO,LTF,S100A8,RPL35A,TAOK3
MPO,APOA1,JAK2,PTPN6,CDH16,SLC39A6
MPO,LTF,CHD4,EIF4G2,TDG
MPO,LTF,NTRK1,BAIAP2,NPY4R2
MPO,LTF,GSK3B,SMARCA2,CAMK1G
MPO,CAT,ABL1,WNK2
MPO,APOA1,APOE,ST13,ITGA6
MPO,APOA1,FBLN1,CCN2
MPO,CAT,RAB14,TMED10
MPO,LTF,NTRK1,BAIAP2
MPO,LTF,S100A8,RPL35A,CDIPT
MPO,APOA1,FBLN1,CCN2,PAQR9
MPO,CAT,LRRK2,ZC3H15,KCNAB3
MPO,APOA1,TTR,CTNND2,ADORA2A,ADORA2B
MPO,PRTN3,MIA3,RMDN3,ORAI3
MPO,LTF,NTRK1,BAIAP2
MPO,LTF,NTRK1,BAIAP2
MPO,LTF,ZNF250,TRIM54,SLC8A3
MPO,LTF,ZNF250,TRIM54,TNFRSF17
MPO,LTF,GSK3A,HNRNPU,CSPG4
MPO,APOA1,JAK2,PTPN6,ITGA2
MPO,APOA1,FBLN1,CCN2
MPO,LTF,GSK3A,HNRNPU,RGS7
MPO,APOA1,FN1,COL1A1,ITGA9
MPO,ELANE,MIB2,CYLD
MPO,CAT,CFTR,PSMA2,SLC17A8
MPO,APOA1,NAXE,RHOA
MPO,LTF,NTRK1,BAIAP2
MPO,APOA1,JAK2,PTPN6,KCNG1
MPO,CAT,RAB14,TMED10
MPO,LTF,GSK3B,SMARCA2,SLC12A5
MPO,LTF,NTRK1,BAIAP2,SSTR5
MPO,LTF,NTRK1,BAIAP2
MPO,LTF,NTRK1,BAIAP2
MPO,APOA1,APOE,ST13,SPTB
MPO,APOA1,JAK2,PTPN6,SDCBP,GRIK1
MPO,APOA1,JAK2,PTPN6,IFIT5
MPO,APOA1,JAK2,PTPN6,HLA-G
MPO,APOA1,JAK2,PTPN6,PIK3CG,PIK3R5
MPO,LTF,GSK3A,HNRNPU,CDH12
MPO,PRTN3,HSPA5,LOC102723407,TNFSF18
MPO,LTF,NTRK1,BAIAP2
MPO,LTF,NTRK1,BAIAP2
MPO,LTF,TMEM237,ARF6
MPO,CAT,NFKB1,GLUL
MPO,APOA1,APOE,ST13,THY1
MPO,LTF,TMEM237,ARF6,TBC1D24
MPO,APOA1,CLEC4G,PTPN5,CACNB2
MPO,LTF,S100A8,RPL35A,PCDHGB2
MPO,LTF,NTRK1,BAIAP2,EDNRB
MPO,APOA1,JAK2,PTPN6,EPHB1
MPO,MPO-ANCA,superoxide,SOD3,KCNIP1
MPO,APOA1,NAXE,RHOA,ARHGAP45
MPO,APOA1,FBLN1,CCN2
MPO,LTF,GSK3B,SMARCA2,PIEZO2
MPO,LTF,GSK3A,HNRNPU,BMF
MPO,APOA1,ABCA1,AOX1,PALM3
MPO,CAT,ABL1,WNK2
MPO,LTF,MAPK15,WDR81,CD1A
MPO,LTF,NTRK1,BAIAP2,ADCY5
MPO,APOA1,FBLN1,CCN2,FLAD1
MPO,LTF,NTRK1,BAIAP2,CLDN5
MPO,LTF,S100A8,RPL35A,RERG
MPO,LTF,NTRK1,BAIAP2,NPY1R
MPO,LTF,NTRK1,BAIAP2
MPO,LTF,NTRK1,BAIAP2,FCHO1
MPO,LTF,GSK3A,HNRNPU,SYNJ2
MPO,APOA1,FBLN1,CCN2,NTM
MPO,LTF,NTRK1,BAIAP2
MPO,CAT,CCDC8,COPB1
MPO,LTF,AEBP2,BTRC,NPPA,NPR3
MPO,LTF,GSK3B,SMARCA2,PTGER4
MPO,PRTN3,SMAD3,LDLRAD4,ZDHHC22
MPO,LTF,NTRK1,BAIAP2,S1PR3
MPO,LTF,NTRK1,BAIAP2
MPO,CAT,CCDC8,COPB1
MPO,LTF,NTRK1,BAIAP2
MPO,CAT,SOD1,ATOX1,MADD
MPO,LTF,S100A8,RPL35A,USP6
MPO,LTF,NTRK1,BAIAP2,ABCG1
MPO,APOA1,JAK2,PTPN6,STX3
MPO,APOA1,JAK2,PTPN6,ITSN1
MPO,CAT,CCDC8,COPB1
MPO,APOA1,NAXE,RHOA,SLC12A7
MPO,CAT,NFKB1,GLUL,GLG1
MPO,LTF,GSK3B,SMARCA2,DTNBP1
MPO,APOA1,JAK2,PTPN6,CACNA1C
MPO,CAT,JUP,CDH8,JAM3
MPO,CAT,NFKB1,GLUL
MPO,CAT,CCDC8,COPB1
MPO,PRTN3,HSPA5,LOC102723407,OR14J1
MPO,LTF,NTRK1,BAIAP2
MPO,LTF,NTRK1,BAIAP2
MPO,APOA1,FBLN1,CCN2,NRXN2
MPO,LTF,NTRK1,BAIAP2
MPO,APOA1,JAK2,PTPN6,KCNA3
MPO,CAT,NUDT12,EPS8L1
MPO,MPO-ANCA,ROS,SNCA
MPO,LTF,NTRK1,BAIAP2,SKAP1
MPO,CAT,JUP,CDH8
MPO,LTF,GSK3B,SMARCA2,SLC31A1
MPO,LTF,TMEM237,ARF6
MPO,LTF,NTRK1,BAIAP2
MPO,APOA1,JAK2,PTPN6,ADAM15
MPO,LTF,TMEM237,ARF6
MPO,LTF,TMEM237,ARF6,LRP10
MPO,CAT,NFKB1,GLUL
MPO,LTF,CHD4,EIF4G2,NCR3LG1,CD200R1
MPO,LTF,ZNF250,TRIM54,SLC16A6
MPO,LTF,NTRK1,BAIAP2
MPO,PRTN3,TMEM59,CORT,ATP8B4
MPO,LTF,NTRK1,BAIAP2
MPO,LTF,NTRK1,BAIAP2
MPO,CAT,NFKB1,GLUL
MPO,CAT,NFKB1,GLUL
MPO,APOA1,FBLN1,CCN2,TGFBR3
MPO,APOA1,JAK2,PTPN6,KL
MPO,APOA1,APOE,ST13,PSEN2
MPO,CAT,ABL1,WNK2
MPO,LTF,NTRK1,BAIAP2
MPO,PRTN3,DNAJA3,NDUFA5,C2CD5
MPO,ELANE,ITIH2,LRRC4C
MPO,LTF,S100A8,RPL35A,SLC4A2
MPO,CAT,CCDC8,COPB1
MPO,APOA1,JAK2,PTPN6,S100A6
MPO,APOA1,FBLN1,CCN2,SYPL1
MPO,LTF,NTRK1,BAIAP2,ITGA5
MPO,LTF,NTRK1,BAIAP2,GPR162
MPO,APOA1,CLEC4G,PTPN5
MPO,LTF,GSK3A,HNRNPU,GPR161
MPO,APOA1,JAK2,PTPN6,CALM2
MPO,APOA1,JAK2,PTPN6,CD300LF
MPO,CAT,SH2D3C,GSN
MPO,LTF,S100A9,PPP2R2A,CHMP7
MPO,APOA1,APOE,ST13,LRP1B
MPO,APOA1,JAK2,PTPN6,PCDHGA7
MPO,LTF,NTRK1,BAIAP2,OR2T10
MPO,APOA1,PDE1A,PDE1C,IRAG2
MPO,APOA1,JAK2,PTPN6,DOCK4
MPO,CAT,NFKB1,GLUL
MPO,LTF,NTRK1,BAIAP2
MPO,LTF,GSK3A,HNRNPU,AKAP12
MPO,APOA1,JAK2,PTPN6,PLEKHN1
MPO,LTF,NTRK1,BAIAP2,BTNL8
MPO,LTF,NTRK1,BAIAP2
MPO,CAT,LRRK2,ZC3H15,SLC30A2
MPO,LTF,GSK3A,HNRNPU,PLEKHH2
MPO,APOA1,PDE1A,PDE1C,NEK4,CSMD3
MPO,LTF,NTRK1,BAIAP2,TLCD3A
MPO,LTF,ITLN1,DHRS7B,ARFIP2
MPO,APOA1,FBLN1,CCN2,KREMEN2
MPO,APOA1,JAK2,PTPN6,DCC,NTN4
MPO,APOA1,JAK2,PTPN6,GOLGA7B
MPO,APOA1,JAK2,PTPN6,SLC9A1
MPO,APOA1,APOB,MDM2,GPRC5C
MPO,LTF,NTRK1,BAIAP2
MPO,APOA1,JAK2,PTPN6,FZD2,TMPRSS12
MPO,CAT,ABL1,WNK2
MPO,APOA1,JAK2,PTPN6,CLEC4A
MPO,LTF,GSK3B,SMARCA2,INPP5E
MPO,CAT,JUP,CDH8
MPO,ELANE,MIB2,CYLD
MPO,APOA1,APOE,ST13,ADAM10
MPO,LTF,NTRK1,BAIAP2,FREM2
MPO,CAT,LRRK2,ZC3H15,ADAM9
MPO,CAT,HDAC2,USP17L2,FCER1G,CD300C
MPO,CAT,NFKB1,GLUL
MPO,LTF,NTRK1,BAIAP2
MPO,APOA1,PDE1A,PDE1C,SIPA1
MPO,LTF,OASL,HSPA6,SYT4
MPO,APOA1,FN1
MPO,LTF,NTRK1,BAIAP2
MPO,CAT,CCDC8,COPB1
MPO,LTF,OASL,HSPA6,FGF13
MPO,LTF,NTRK1,BAIAP2,CXCR2
MPO,APOA1,NAXE,RHOA,MAGI1
MPO,APOA1,APOB,MDM2,FCHO2
MPO,LTF,SLITRK2
MPO,APOA1,JAK2,PTPN6,ITPR3
MPO,APOA1,FBLN1,CCN2,SLC12A6
MPO,LTF,NTRK1,BAIAP2,GABRA1,GABRG3
MPO,CAT,NFKB1,GLUL
MPO,LTF,DHRS12,PLCD1
MPO,CAT,HSPE1,WDR1
MPO,APOA1,JAK2,PTPN6,ATXN1,ZNF804A
MPO,LTF,GSK3B,SMARCA2,CXCL12,CCR10
MPO,CAT,RAB14,TMED10
MPO,CAT,CFTR,PSMA2,ATP6V1F
MPO,APOA1,JAK2,PTPN6,NELFE
MPO,CAT,JUP,CDH8
MPO,LTF,GSK3B,SMARCA2,LIMS2
MPO,APOA1,FBLN1,CCN2
MPO,LTF,FRMD1,DSG3
MPO,APOA1,APOE,ST13,RASD1
MPO,LTF,NTRK1,BAIAP2
MPO,APOA1,FN1,COL1A1,MLKL
MPO,LTF,GSK3B,SMARCA2,UGT1A1
MPO,CAT,CCDC8,COPB1
MPO,CAT,DECR2,TMPRSS5
MPO,LTF,NTRK1,BAIAP2,TNFSF13B
MPO,LTF,NTRK1,BAIAP2
MPO,LTF,NTRK1,BAIAP2,SLC1A1,SLC1A4
MPO,CAT,NFKB1,GLUL
MPO,APOA1,FBLN1,CCN2,NDRG1
MPO,LTF,NTRK1,BAIAP2
MPO,LTF,CEBPA,C1QBP
MPO,APOA1,JAK2,PTPN6,SDCBP,GRIK1
MPO,APOA1,JAK2,PTPN6,ADRA1D
MPO,APOA1,SERPINA1,OS9,HLA-DRA
MPO,CAT,LRRK2,ZC3H15,FZD10
MPO,LTF,TMEM237,ARF6,GPR152
MPO,LTF,S100A8,RPL35A,CA12
MPO,CAT,ABL1,WNK2
MPO,LTF,GSK3A,HNRNPU,KIR3DL1
MPO,LTF,GSK3A,HNRNPU,MOG
MPO,LTF,NTRK1,BAIAP2,ENTHD1
MPO,APOA1,FBLN1,CCN2,ATP2B3
MPO,CAT,ABL1,WNK2
MPO,MPO-ANCA,ROS,SNCA,VAMP2,PRKD3
MPO,APOA1,APOE,ST13,COQ8B
MPO,ELANE,SLPI,GRN
MPO,CAT,JUP,CDH8,GJC1
MPO,CAT,ABL1,WNK2
MPO,LTF,PMEPA1
MPO,LTF,NTRK1,BAIAP2,ADRB1
MPO,LTF,NTRK1,BAIAP2,CLCN3
MPO,LTF,NTRK1,BAIAP2
MPO,APOA1,JAK2,PTPN6,SNTB2
MPO,APOA1,JAK2,PTPN6,CGAS
MPO,LTF,NTRK1,BAIAP2,PRPH2,ROM1
MPO,LTF,S100A8,RPL35A,LRRC4B
MPO,CAT,CCDC8,COPB1
MPO,LTF,NTRK1,BAIAP2
MPO,APOA1,FGA,FGG
MPO,LTF,GSK3B,SMARCA2,DRD4
MPO,CAT,ABL1,WNK2,VPS37B
MPO,LTF,OASL,HSPA6,SYT7
MPO,APOA1,APOB,MDM2,FURIN
MPO,CAT,ABL2,EPHB4
MPO,ELANE,THBS1,PSG11
MPO,APOA1,APOB,MDM2,BCHE
MPO,LTF,NTRK1,BAIAP2,PCDH12
MPO,MPO-ANCA,ROS,SNCA,SIPA1L3
MPO,MPO-ANCA,ROS,SNCA,EXO1
MPO,LTF,ZNF250,TRIM54,BTNL9
MPO,APOA1,APOA2,MATN2,NID2
MPO,APOA1,JAK2,PTPN6,USH1C,CDHR2
MPO,LTF,CEBPA,C1QBP
MPO,APOA1,FN1,COL1A1,CX3CR1
MPO,LTF,TMEM237,ARF6
MPO,LTF,NTRK1,BAIAP2
MPO,APOA1,FBLN1,CCN2
MPO,LTF,OASL,HSPA6,DYNC1LI1
MPO,CAT,DECR2,TMPRSS5
MPO,LTF,IRAK2,SESTD1,TMBIM6
MPO,APOA1,JAK2,PTPN6,AGTRAP
MPO,APOA1,APOB,MDM2,FZD8
MPO,APOA1,JAK2,PTPN6,KLRC1
MPO,LTF,CEBPA,C1QBP
MPO,CAT,CCDC8,COPB1
MPO,APOA1,ABCA1,AOX1,CLIP3
MPO,CAT,LRRK2,ZC3H15,TMEM179B
MPO,LTF,NTRK1,BAIAP2
MPO,CAT,RAB14,TMED10
MPO,PRTN3,TUBB,EML1,SPINT1
MPO,CAT,HDAC2,USP17L2,CD59
MPO,APOA1,FN1,COL1A1,GNAT3
MPO,LTF,NTRK1,BAIAP2,UNC80,NALF1
MPO,CAT,CCDC8,COPB1
MPO,CAT,CCDC8,COPB1
MPO,APOA1,APOB,MDM2,WNT1
MPO,CAT,HSPE1,WDR1
MPO,APOA1,CLEC4G,PTPN5
MPO,LTF,S100A8,RPL35A,PCP2
MPO,LTF,TMEM237,ARF6,SPPL2B
MPO,LTF,NTRK1,BAIAP2,HEPHL1
MPO,APOA1,SERPINA1,OS9,GPR37
MPO,APOA1,APOB,MDM2,TMPRSS11B
MPO,LTF,NTRK1,BAIAP2
MPO,CAT,PEX5,ZNF772,REM2
MPO,APOA1,JAK2,PTPN6,TRIM36
MPO,LTF,GSK3A,HNRNPU,NEGR1
MPO,LTF,TMEM237,ARF6
MPO,LTF,GSK3A,HNRNPU,KCNQ1
MPO,LTF,NTRK1,BAIAP2
MPO,APOA1,JAK2,PTPN6,CNTN2
MPO,APOA1,FBLN1,CCN2,FOLH1
MPO,APOA1,NAXE,RHOA,FLRT2,UNC5D
MPO,ELANE,SLPI,GRN
MPO,LTF,NTRK1,BAIAP2
MPO,APOA1,JAK2,PTPN6,RAB24
MPO,CAT,CCDC8,COPB1
MPO,CAT,CCDC8,COPB1
MPO,APOA1,JAK2,PTPN6,ARHGEF28
MPO,LTF,GSK3A,HNRNPU,SIGLEC6
MPO,APOA1,FBLN1,CCN2,TMPRSS11A
MPO,LTF,SLITRK2,NRAS,PCDH18
MPO,APOA1,JAK2,PTPN6,TULP1
MPO,APOA1,JAK2,PTPN6,CYTH2
MPO,LTF,GSK3B,SMARCA2,TTLL12
MPO,APOA1,JAK2,PTPN6,PPP2R2D,GPC5
MPO,LTF,TMEM237,ARF6
MPO,APOA1,JAK2,PTPN6,LRRC15
MPO,CAT,ABL1,WNK2
MPO,LTF,NTRK1,BAIAP2,RAPGEF5
MPO,APOA1,JAK2,PTPN6,PCDHB3
MPO,APOA1,JAK2,PTPN6,CYP2C9
MPO,APOA1,JAK2,PTPN6,VAV2
MPO,APOA1,LCN1,HP,OR6C70
MPO,LTF,S100A8,RPL35A,SLC39A12
MPO,APOA1,FN1,COL1A1,RABAC1
MPO,LTF,NTRK1,BAIAP2,ATP9A
MPO,LTF,NTRK1,BAIAP2,NPSR1
MPO,LTF,NDN,EID3,SYT3
MPO,PRTN3,SMAD3,LDLRAD4,SLC20A1
MPO,CAT,CFTR,PSMA2,GBP1
MPO,APOA1,APOB,MDM2
MPO,LTF,S100A9,PPP2R2A,GLO1
MPO,LTF,NTRK1,BAIAP2,GFRAL
MPO,CAT,LRRK2,ZC3H15,CDH19
MPO,LTF,CHD4,EIF4G2,SLC36A1
MPO,LTF,GSK3A,HNRNPU,PKD2L1
MPO,APOA1,JAK2,PTPN6,RASGRF1
MPO,APOA1,JAK2,PTPN6,CD63
MPO,CAT,SH2D3C,GSN
MPO,LTF,ZNF250,TRIM54,TNFRSF13C
MPO,LTF,NTRK1,BAIAP2
MPO,LTF,TMEM237,ARF6
MPO,APOA1,JAK2,PTPN6,PPP1R16A
MPO,CAT,JUP,CDH8
MPO,APOA1,FBLN1,CCN2
MPO,LTF,NTRK1,BAIAP2
MPO,LTF,GSK3B,SMARCA2,LRRC70
MPO,APOA1,SERPINA1,OS9,SYT11
MPO,LTF,NTRK1,BAIAP2,AQP9
MPO,LTF,GSK3A,HNRNPU,RAB28
MPO,LTF,NTRK1,BAIAP2
MPO,PRTN3,FBXO21,Cullin 1-RBX1-Skp1,IL22RA1
MPO,LTF,NTRK1,BAIAP2,SCN2B
MPO,LTF,NTRK1,BAIAP2,CXCR3
MPO,PRTN3,TMEM59,CORT,CELSR2
MPO,APOA1,JAK2,PTPN6,NOSTRIN
MPO,CAT,NFKB1,GLUL
MPO,CAT,ABL1,WNK2
MPO,CAT,NFKB1,GLUL
MPO,APOA1,JAK2,PTPN6,CD79B
MPO,APOA1,PDE1A,PDE1C,ANKRD27
MPO,APOA1,JAK2,PTPN6,ARHGAP10
MPO,APOA1,JAK2,PTPN6,ADD1
MPO,CAT,ABL1,WNK2
MPO,CAT,SH2D3C,GSN,IFITM1
MPO,LTF,GSK3A,HNRNPU,GRM7,GRM4
MPO,APOA1,PDE1A,PDE1C,REM1
MPO,LTF,NTRK1,BAIAP2
MPO,LTF,S100A8,RPL35A,ITGB6
MPO,LTF,NTRK1,BAIAP2,KLRC4,CLPTM1
MPO,LTF,GSK3A,HNRNPU,HIP1R
MPO,LTF,GSK3A,HNRNPU,CHMP1A
MPO,APOA1,TTR,CTNND2
MPO,CAT,CCDC8,COPB1
MPO,APOA1,FBLN1,CCN2
MPO,APOA1,JAK2,PTPN6,KCNS3
MPO,LTF,ZNF250,TRIM54,PARVG
MPO,CAT,JUP,CDH8,EFNA3
MPO,LTF,NTRK1,BAIAP2
MPO,CAT,NFKB1,GLUL
MPO,APOA1,JAK2,PTPN6,CD274
MPO,LTF,NTRK1,BAIAP2,PCDHB5
MPO,LTF,S100A8
MPO,MPO-ANCA,ROS,SNCA,RNF34
MPO,CAT,ABL1,WNK2
MPO,LTF,NTRK1,BAIAP2,VAMP1
MPO,LTF,CEBPA,C1QBP
MPO,LTF,NTRK1,BAIAP2
MPO,APOA1,NAXE,RHOA,SLC26A6
MPO,APOA1,JAK2,PTPN6,MUC4
MPO,APOA1,FN1,COL1A1,SCNN1G
MPO,APOA1,JAK2,PTPN6,KCNA6
MPO,LTF,LRRC17,PRKCI
MPO,LTF,NTRK1,BAIAP2,KCNJ6
MPO,CAT,CCDC8,COPB1
MPO,LTF,GSK3A,HNRNPU,KCNAB1
MPO,PRTN3,HSPA5,LOC102723407,LRP3
MPO,LTF,NTRK1,BAIAP2,ATP1B2
MPO,CAT,ABL1,WNK2
MPO,LTF,SIRPG,GATM,TSPAN5
MPO,CAT,ABL1,WNK2
MPO,CAT,ABL1,WNK2
MPO,APOA1,JAK2,PTPN6,EGF
MPO,LTF,NTRK1,BAIAP2
MPO,APOA1,JAK2,PTPN6,FAT1
MPO,APOA1,PDE1A,PDE1C,MAST2
MPO,LTF,NTRK1,BAIAP2
MPO,APOA1,JAK2,PTPN6,MAP3K12
MPO,CAT,LRRK2,ZC3H15,TLR10
MPO,LTF,GSK3A,HNRNPU,SLC22A15
MPO,APOA1,FBLN1,CCN2
MPO,APOA1,JAK2,PTPN6,KITLG
MPO,LTF,GSK3A,HNRNPU,CHRND
MPO,APOA1,LCN1,HP,SERPINB10
MPO,CAT,ABL1,WNK2
MPO,CAT,HDAC2,USP17L2,PCDHA12
MPO,LTF,NTRK1,BAIAP2,RIC3,PIP4P1
MPO,LTF,AEBP2,BTRC,TFR2
MPO,MPO-ANCA,ROS,SNCA,NCF1
MPO,LTF,NTRK1,BAIAP2,GNG11
MPO,APOA1,JAK2,PTPN6,EPB41
MPO,APOA1,JAK2,PTPN6,LAT
MPO,CAT,JUP,CDH8
MPO,LTF,NTRK1,BAIAP2
MPO,APOA1,JAK2,PTPN6,CAPN3
MPO,LTF,NTRK1,BAIAP2,PCDH19
MPO,APOA1,ABCA1,AOX1,NLGN1
MPO,LTF,S100A8,RPL35A,SEMA6A
MPO,LTF,NTRK1,BAIAP2,CLCN3,CNGA4
MPO,PRTN3,TMEM59,CORT,ATP8A2
MPO,APOA1,FBLN1,CCN2,DGLUCY,GPR45
MPO,CAT,CCDC8,COPB1
MPO,APOA1,JAK2,PTPN6,GAP43
MPO,CAT,RAB14,TMED10
MPO,LTF,NTRK1,BAIAP2,GIPR
MPO,APOA1,JAK2,PTPN6,PCDHGC3
MPO,APOA1,JAK2,PTPN6,DOK3
MPO,LTF,TMEM237,ARF6
MPO,LTF,GSK3A,HNRNPU,ANKRD39,LANCL2
MPO,APOA1,PDE1A,PDE1C,ADAM23
MPO,APOA1,JAK2,PTPN6,HLA-E
MPO,LTF,NTRK1,BAIAP2
MPO,APOA1,JAK2,PTPN6,IL17RA,IL17RE
MPO,LTF,TMEM237,ARF6,KLRC3
MPO,LTF,NTRK1,BAIAP2
MPO,APOA1,JAK2,PTPN6,CYTH2,IPCEF1
MPO,LTF,NTRK1,BAIAP2,CLEC2D
MPO,PRTN3,SMAD3,LDLRAD4,C4B
MPO,APOA1,ABCA1,AOX1,KCNJ12
MPO,APOA1,ABCA1,AOX1,MTNR1A
MPO,CAT,CCDC8,COPB1
MPO,LTF,NTRK1,BAIAP2
MPO,APOA1,JAK2,PTPN6,IL2RB
MPO,APOA1,JAK2,PTPN6,EPHA1
MPO,LTF,GSK3A,HNRNPU,DGKZ
MPO,LTF,NTRK1,BAIAP2
MPO,LTF,MAPK15,WDR81,TUSC3
MPO,LTF,NTRK1,BAIAP2
MPO,LTF,NTRK1,BAIAP2,CXCR5
MPO,CAT,NFKB1,GLUL
MPO,LTF,NTRK1,BAIAP2
MPO,LTF,GSK3A,HNRNPU,RYR1
MPO,APOA1,JAK2,PTPN6,KDR
MPO,LTF,NTRK1,BAIAP2,STX2
MPO,APOA1,JAK2,PTPN6,SV2B
MPO,LTF,NTRK1,BAIAP2
MPO,CAT,NFKB1,GLUL
MPO,APOA1,FBLN1,CCN2,PLIN2
MPO,CAT,NFKB1,GLUL
MPO,APOA1,PDE1A,PDE1C,ADAM22
MPO,LTF,TMEM237,ARF6
MPO,APOA1,FBLN1,CCN2
MPO,APOA1,FN1,COL1A1,DIS3L
MPO,LTF,NTRK1,BAIAP2
MPO,APOA1,APOB,MDM2,SLC33A1
MPO,LTF,CHD4,EIF4G2,SLC22A12
MPO,LTF,GSK3A,HNRNPU,PARVA
MPO,LTF,NTRK1,BAIAP2,LTB4R
MPO,APOA1,JAK2,PTPN6,ARAF,SLC9A3R2
MPO,APOA1,ABCA1,AOX1,DLGAP4
MPO,LTF,GSK3B,SMARCA2,AVPR1B
MPO,LTF,GSK3A,HNRNPU,CIB1
MPO,APOA1,FBLN7,TUBB2B,VIPR2
MPO,PRTN3,HSPA5,LOC102723407,OPRPN,SLC5A4
MPO,APOA1,JAK2,PTPN6,LPAR2
MPO,LTF,GSK3A,HNRNPU,CCNY
MPO,APOA1,JAK2,PTPN6,DLL1
MPO,LTF,NTRK1,BAIAP2
MPO,APOA1,JAK2,PTPN6,TXK
MPO,APOA1,JAK2,PTPN6,ANKS1B
MPO,APOA1,FBLN1,CCN2
MPO,ELANE,THBS1,PSG11
MPO,PRTN3,AGT,ACE2
MPO,CAT,ABL1,WNK2
MPO,LTF,CEBPA,C1QBP
MPO,APOA1,NAXE,RHOA,PLEKHA1
MPO,APOA1,FBLN7,TUBB2B,DUOX2,DUOXA2
MPO,APOA1,JAK2,PTPN6,GUCY2D
MPO,APOA1,JAK2,PTPN6,C1QL4,SCARA5
MPO,LTF,IRAK2,SESTD1,SLC2A3
MPO,LTF,NTRK1,BAIAP2
MPO,LTF,NTRK1,BAIAP2,GPSM1
MPO,CAT,RAB14,TMED10
MPO,APOA1,JAK2,PTPN6,CARD9
MPO,CAT,NFKB1,GLUL
MPO,APOA1,SERPINA1,OS9,KLKB1
MPO,CAT,SH2D3C,GSN
MPO,APOA1,JAK2,PTPN6,TLR2
MPO,CAT,JUP,CDH8
MPO,APOA1,JAK2,PTPN6,PLD1
MPO,APOA1,FBLN1,CCN2
MPO,LTF,NTRK1,BAIAP2
MPO,LTF,TMEM237,ARF6,OR52I1
MPO,APOA1,JAK2,PTPN6,CD63,ZDHHC20
MPO,APOA1,JAK2,PTPN6,RASA4
MPO,APOA1,FBLN1,CCN2,SLC22A4,SLC5A6
MPO,APOA1,JAK2,PTPN6,AMOTL2,FCRL5
MPO,APOA1,JAK2,PTPN6,STK17B
MPO,APOA1,FBLN1,CCN2
MPO,LTF,GSK3B,SMARCA2,NEURL1
MPO,APOA1,PDE1A,PDE1C,RAB40B
MPO,LTF,NTRK1,BAIAP2,HTR1F
MPO,APOA1,JAK2,PTPN6,SLC12A3
MPO,APOA1,JAK2,PTPN6,MYCBP2
MPO,LTF,CEBPA,C1QBP
MPO,LTF,NTRK1,BAIAP2
MPO,CAT,LRRK2,ZC3H15,CLDN18
MPO,APOA1,JAK2,PTPN6,TBC1D10A
MPO,LTF,NTRK1,BAIAP2
MPO,APOA1,JAK2,PTPN6,SH2D3A,GSDMA
MPO,APOA1,APOB,MDM2,TMC2
MPO,CAT,CFTR,PSMA2,SLC32A1
MPO,LTF,EGFL8,CCPG1,TLR7
MPO,CAT,HSDL2,PMPCA,TSPAN33
MPO,LTF,NTRK1,BAIAP2,CERCAM
MPO,APOA1,JAK2,PTPN6,SPRY2
MPO,LTF,S100A8,RPL35A,ANO10
MPO,APOA1,ALB,RNF123,UBAC1
MPO,APOA1,FN1,COL1A1,XPC
MPO,LTF,NTRK1,BAIAP2
MPO,APOA1,JAK2,PTPN6,EHD1
MPO,CAT,ABL1,WNK2
MPO,APOA1,ABCA1,AOX1,COMT,SLC35A4,SLC13A4
MPO,CAT,ABL1,WNK2
MPO,APOA1,JAK2,PTPN6,ASAP2
MPO,LTF,S100A8,RPL35A,MYO1A
MPO,CAT,CCDC8,COPB1
MPO,ELANE,ITIH2,LRRC4C
MPO,CAT,RAB14,TMED10
MPO,APOA1,NAXE,RHOA,VRK2,CHRNB2
MPO,LTF,GSK3B,SMARCA2,RP2
MPO,LTF,NTRK1,BAIAP2
MPO,LTF,GSK3A,HNRNPU,SLC30A4
MPO,APOA1,ABCA1,AOX1,GPC6
MPO,LTF,CHD4,EIF4G2,PXK
MPO,APOA1,FBLN1,CCN2
MPO,CAT,NUDT12,EPS8L1
MPO,APOA1,JAK2,PTPN6,GLRB
MPO,ELANE,ITIH2,LRRC4C
MPO,LTF,GSK3A,HNRNPU,CHMP1B
MPO,CAT,NFKB1,GLUL
MPO,LTF,NTRK1,BAIAP2,ADCY2
MPO,LTF,PMEPA1,NCOR1,C3orf52
MPO,LTF,NTRK1,BAIAP2
MPO,LTF,CEBPA,C1QBP
MPO,APOA1,TTR,CTNND2,ADORA2A
MPO,LTF,NTRK1,BAIAP2,RIMS1
MPO,CAT,LRRK2,ZC3H15,PCDHGC4
MPO,LTF,NTRK1,BAIAP2
MPO,CAT,LRRK2,ZC3H15,PLEKHF2,GPBP1
MPO,LTF,GSK3A,HNRNPU,GPC1
MPO,LTF,CEBPA,C1QBP
MPO,LTF,NTRK1,BAIAP2
MPO,CAT,ABL1,WNK2
MPO,APOA1,PDE1A,PDE1C,SYN2
MPO,APOA1,JAK2,PTPN6,VASP
MPO,APOA1,JAK2,PTPN6,SLC7A2
MPO,APOA1,FN1,COL1A1,SDC3
MPO,PRTN3,DNAJA3,NDUFA5,DLL4
MPO,MPO-ANCA,ROS,SNCA,PVR
MPO,APOA1,APOB,MDM2,ADGRG5
MPO,APOA1,APOE,ST13,TENM3
MPO,APOA1,CLEC4G,PTPN5,ANKRD20A1
MPO,APOA1,JAK2,PTPN6,PRR3
MPO,MPO-ANCA,ROS,SNCA,SNAP25
MPO,APOA1,JAK2,PTPN6,MRAS
MPO,LTF,NTRK1,BAIAP2,ADGRA3
MPO,LTF,ZNF250,TRIM54,CEP295
MPO,APOA1,JAK2,PTPN6,MUC12
MPO,APOA1,JAK2,PTPN6,STOM,STOML1
MPO,ELANE,ITIH2,LRRC4C
MPO,APOA1,JAK2,PTPN6,FCRL3,SLC2A5
MPO,LTF,NTRK1,BAIAP2,GNB3
MPO,APOA1,FN1,COL1A1,CHMP2B
MPO,LTF,CEBPA,C1QBP
MPO,APOA1,FGA,FGG,GRM5
MPO,APOA1,JAK2,PTPN6,RASD2
MPO,APOA1,FGA,FGG
MPO,LTF,GSK3B,SMARCA2,FMN1
MPO,CAT,RAB14,TMED10
MPO,CAT,NFKB1,GLUL
MPO,APOA1,JAK2,PTPN6,PCDH11Y
MPO,LTF,NTRK1,BAIAP2,RXFP3
MPO,LTF,NTRK1,BAIAP2,CD209
MPO,LTF,NTRK1,BAIAP2
MPO,APOA1,JAK2,PTPN6,POMC,MC3R
MPO,APOA1,FBLN1,CCN2,OPRD1
MPO,CAT,HSPE1,WDR1
MPO,APOA1,ABCA1,AOX1,GRAMD1B
MPO,LTF,NTRK1,BAIAP2
MPO,LTF,NTRK1,BAIAP2,CCKAR
MPO,CAT,CCDC8,COPB1
MPO,APOA1,APOB,MDM2
MPO,APOA1,JAK2,PTPN6,SHANK1
MPO,LTF,NTRK1,BAIAP2,CAPNS2
MPO,APOA1,NAXE,RHOA,ATP11A
MPO,APOA1,ABCA1,AOX1,DLGAP3
MPO,CAT,CCDC8,COPB1
MPO,APOA1,PDE1A,PDE1C,HOMER1
MPO,CAT,CCDC8,COPB1
MPO,LTF,NTRK1,BAIAP2,HTR1B
MPO,APOA1,JAK2,PTPN6,PLCG2
MPO,APOA1,JAK2,PTPN6,ADAM12
MPO,APOA1,JAK2,PTPN6,CLEC7A
MPO,APOA1,NAXE,RHOA,ADIPOR1
MPO,CAT,SH2D3C,GSN,CHRNB1
MPO,APOA1,NAXE,RHOA,FMNL1
MPO,APOA1,JAK2,PTPN6,ADORA1
MPO,CAT,CCDC8,COPB1
MPO,CAT,NFKB1,GLUL
MPO,CAT,NFKB1,GLUL
MPO,CAT,G6PD,RAD23B,RSC1A1
MPO,APOA1,JAK2,PTPN6,RCCD1
MPO,LTF,TMEM237,ARF6,WNT6
MPO,LTF,OASL,HSPA6,KISS1R
MPO,CAT,SOD1,ATOX1,IL17RD
MPO,CAT,NFKB1,GLUL
MPO,APOA1,JAK2,PTPN6,ADCY3,CNGA3
MPO,APOA1,JAK2,PTPN6,USH1C,CDHR2
MPO,CAT,ABL1,WNK2
MPO,APOA1,JAK2,PTPN6,MGST3,AQP10
MPO,CAT,CCDC8,COPB1
MPO,APOA1,PDE1A,PDE1C,NEK4,CSMD3
MPO,LTF,GSK3B,SMARCA2,MYO7A,RPE65
MPO,LTF,CHD4,EIF4G2,RPL36A-HNRNPH2
MPO,LTF,GSK3A,HNRNPU,LIMS1
MPO,LTF,NTRK1,BAIAP2,LYPD6
MPO,LTF,CEBPA,C1QBP
MPO,LTF,NTRK1,BAIAP2
MPO,LTF,NTRK1,BAIAP2,BFSP2
MPO,LTF,GSK3A,HNRNPU,ASPH
MPO,LTF,NTRK1,BAIAP2
MPO,APOA1,FGA,FGG,MAGI2
MPO,LTF,CEBPA,C1QBP
MPO,LTF,TMEM237,ARF6,LRRC8C
MPO,APOA1,JAK2,PTPN6,KCNA5,CD320
MPO,APOA1,JAK2,PTPN6,FNDC3A,OR6T1
MPO,APOA1,APOE,ST13,SYT1,CACNB4
MPO,LTF,NTRK1,BAIAP2,IGDCC4
MPO,LTF,NTRK1,BAIAP2,CDH23,PCDH15
MPO,LTF,GSK3A,HNRNPU,RGS13
MPO,CAT,SH2D3C,GSN
MPO,CAT,NFKB1,GLUL
MPO,LTF,FRMD1,DSG3
MPO,APOA1,JAK2,PTPN6,CD81,SLC44A1
MPO,LTF,NTRK1,BAIAP2,PARM1
MPO,APOA1,FN1,COL1A1,LRRC4
MPO,LTF,CHD4,EIF4G2,ANTXR2
MPO,CAT,DECR2,TMPRSS5
MPO,ELANE,THBS1,PSG11
MPO,APOA1,FN1,COL1A1,TMEM54,MS4A14
MPO,LTF,NTRK1,BAIAP2
MPO,LTF,GSK3B,SMARCA2,GUCY2C
MPO,APOA1,JAK2,PTPN6,PCDHGA3
MPO,LTF,NTRK1,BAIAP2
MPO,LTF,NTRK1,BAIAP2
MPO,LTF,NTRK1,BAIAP2,GABRA1,GABRG3
MPO,LTF,NTRK1,BAIAP2
MPO,APOA1,TTR,CTNND2,ATP7B
MPO,CAT,CFTR,PSMA2,CYP2C18
MPO,APOA1,JAK2,PTPN6,EPHB3
MPO,CAT,CCDC8,COPB1
MPO,ELANE,ITIH2,LRRC4C
MPO,APOA1,JAK2,PTPN6,GNG12
MPO,LTF,NTRK1,BAIAP2
MPO,APOA1,NAXE,RHOA,GOLGA4
MPO,LTF,CEBPA,C1QBP
MPO,APOA1,APOB,MDM2
MPO,CAT,CCDC8,COPB1
MPO,CAT,ABL1,WNK2
MPO,APOA1,APOE,ST13,SLC39A3
MPO,APOA1,JAK2,PTPN6,TBC1D10B
MPO,APOA1,JAK2,PTPN6,ETS2
MPO,MPO-ANCA,ROS,SNCA,COX4I1,COA6
MPO,LTF,GSK3A,HNRNPU,AGPAT2
MPO,LTF,ITLN1,DHRS7B,CAPN10
MPO,LTF,NTRK1,BAIAP2,CHL1,CNTN6
MPO,LTF,NTRK1,BAIAP2
MPO,LTF,NTRK1,BAIAP2,DSCAM
MPO,LTF,TMEM237,ARF6
MPO,LTF,NTRK1,BAIAP2,ADRA2C
MPO,LTF,GSK3A,HNRNPU,ABCC9
MPO,LTF,NTRK1,BAIAP2,ATP1B4
MPO,LTF,NTRK1,BAIAP2,SLC22A6
MPO,LTF,GSK3A,HNRNPU,GRIA4
MPO,LTF,NTRK1,BAIAP2
MPO,MPO-ANCA,ROS,SNCA,SLC6A2
MPO,LTF,NTRK1,BAIAP2,CATSPER1
MPO,LTF,NDN,EID3,NT5E
MPO,APOA1,JAK2,PTPN6,ADD3
MPO,LTF,NTRK1,BAIAP2,AQP6,TSPO2
MPO,CAT,ABL1,WNK2
MPO,LTF,AEBP2,BTRC,ITGAE
MPO,APOA1,JAK2,PTPN6,ACTN3
MPO,APOA1,JAK2,PTPN6,NBEAL2,SELP
MPO,APOA1,ABCA1,AOX1,ORMDL3
MPO,APOA1,JAK2,PTPN6,AFAP1L2
MPO,APOA1,PDE1A,PDE1C,PLCH1
MPO,APOA1,SERPINA1,OS9,SEPTIN5
MPO,APOA1,FN1,COL1A1,DLL3
MPO,LTF,FRMD1,DSG3
MPO,LTF,NTRK1,BAIAP2
MPO,CAT,NUDT12,EPS8L1
MPO,CAT,CCDC8,COPB1
MPO,APOA1,JAK2,PTPN6,KCNB1
MPO,APOA1,JAK2,PTPN6,CHP1,SLC9A2
MPO,APOA1,JAK2,PTPN6,RALGPS1
MPO,LTF,NTRK1,BAIAP2
MPO,APOA1,JAK2,PTPN6,PPP2R2D,GPC5
MPO,LTF,NTRK1,BAIAP2,GRIN2D
MPO,APOA1,JAK2,PTPN6,TLN2
MPO,LTF,NTRK1,BAIAP2
MPO,LTF,S100A8,RPL35A,TMEFF1
MPO,APOA1,JAK2,PTPN6,SIGLEC7
MPO,LTF,NTRK1,BAIAP2
MPO,LTF,NTRK1,BAIAP2
MPO,CAT,NFKB1,GLUL
MPO,CAT,SH2D3C,GSN
MPO,APOA1,JAK2,PTPN6,CROCC
MPO,LTF,NTRK1,BAIAP2,S1PR2
MPO,APOA1,JAK2,PTPN6,GLRB,GLRA3
MPO,LTF,CEBPA,C1QBP
MPO,LTF,ZNF250,TRIM54,SLC17A5
MPO,APOA1,JAK2,PTPN6,ATXN10
MPO,LTF,S100A8,RPL35A,ELMO1
MPO,LTF,GSK3A,HNRNPU,SLC25A11
MPO,CAT,RAB14,TMED10,RTN4RL2
MPO,LTF,NTRK1,BAIAP2
MPO,CAT,NFKB1,GLUL
MPO,CAT,RAB14,TMED10
MPO,PRTN3,HSPA5,LOC102723407,SLC38A6
MPO,LTF,GSK3A,HNRNPU,KLRK1,RAET1L
MPO,LTF,ZNF250,TRIM54,CD27
MPO,APOA1,JAK2,PTPN6,KCNQ4
MPO,APOA1,JAK2,PTPN6,CDK14
MPO,LTF,GSK3A,HNRNPU,TAX1BP3
MPO,APOA1,JAK2,PTPN6,EFNB2
MPO,CAT,NFKB1,GLUL
MPO,LTF,GSK3A,HNRNPU,TRAF3IP3
MPO,CAT,NFKB1,GLUL
MPO,APOA1,JAK2,PTPN6,SDCBP
MPO,CAT,SOD1,ATOX1,PCDHGB5
MPO,LTF,CHD4,EIF4G2,CPNE4
MPO,LTF,IRAK2,SESTD1,IL1RL2
MPO,CAT,CFTR,PSMA2,SLC22A2
MPO,APOA1,ALB,RNF123,MSMO1
MPO,APOA1,APOE,ST13,LRPAP1
MPO,LTF,NTRK1,BAIAP2,GFRA2
MPO,LTF,NTRK1,BAIAP2,SEMA4A
MPO,LTF,GSK3B,SMARCA2,ADM,RAMP2
MPO,APOA1,JAK2,PTPN6,EPS8
MPO,MPO-ANCA,ROS,SNCA,HMOX1,CYBRD1
MPO,CAT,RAB14,TMED10,BORCS5
MPO,APOA1,JAK2,PTPN6,PPP1R9B,CCKBR
MPO,APOA1,NAXE,RHOA,GPRC5A
MPO,CAT,CFTR,PSMA2,PIEZO1
MPO,LTF,GSK3B,SMARCA2,CARD14
MPO,LTF,NTRK1,BAIAP2
MPO,CAT,NFKB1,GLUL
MPO,LTF,NTRK1,BAIAP2
MPO,LTF,NTRK1,BAIAP2,CD1B
MPO,LTF,NTRK1,BAIAP2
MPO,APOA1,JAK2,PTPN6,PRKCQ
MPO,LTF,CEBPA,C1QBP
MPO,APOA1,JAK2,PTPN6,RHOBTB1,PXDNL
MPO,CAT,ABL1,WNK2
MPO,LTF,ZNF250,TRIM54,LRRN1
MPO,APOA1,ABCA1,AOX1,EXOC7
MPO,LTF,OASL,HSPA6,KLRD1
MPO,APOA1,APOE,ST13,ITM2A
MPO,APOA1,JAK2,PTPN6,MPZL1
MPO,APOA1,JAK2,PTPN6,TBC1D3G
MPO,LTF,NTRK1,BAIAP2,TNFRSF4,TNFSF4
MPO,LTF,NTRK1,BAIAP2
MPO,APOA1,JAK2,PTPN6,ADRB2,GRK3
MPO,LTF,NDN,EID3,OPN1LW
MPO,LTF,FRMD1,DSG3
MPO,CAT,CFTR,PSMA2,RNASEK
MPO,LTF,GSK3A,HNRNPU,F11R
MPO,LTF,GSK3A,HNRNPU,PLXNB3
MPO,LTF,CEBPA,C1QBP
MPO,LTF,NTRK1,BAIAP2
MPO,LTF,NTRK1,BAIAP2,PCDHAC1
MPO,CAT,CFTR,PSMA2,DYSF
MPO,CAT,PECR,POMGNT2,LDB2
MPO,APOA1,FBLN7,TUBB2B,VIPR2,ADCYAP1,ADCYAP1R1
MPO,LTF,NTRK1,BAIAP2,KCNJ2
MPO,LTF,NTRK1,BAIAP2
MPO,APOA1,JAK2,PTPN6,RER1
MPO,APOA1,LCN1,HP,A1BG
MPO,CAT,CCDC8,COPB1
MPO,PRTN3,HSPA5,LOC102723407,TMEM219
MPO,CAT,LRRK2,ZC3H15,BTN3A3
MPO,LTF,MAPK15,WDR81,CD8A,CD8B
MPO,PRTN3,TUBA4A,IQCN,C5AR2
MPO,APOA1,ABCA1,AOX1,PALS1
MPO,APOA1,JAK2,PTPN6,NRG1
MPO,APOA1,JAK2,PTPN6,TGFA
MPO,LTF,FOXN3,RFX1,IL31RA
MPO,LTF,CHD3,ATAD5,KCNC3
MPO,APCDD1
MPO,APOA1,APOE
MPO,LTF,NTRK1,BAIAP2
MPO,LTF,GSK3B,SMARCA2,PCDHB2
MPO,APOA1,JAK2,PTPN6,STOM,STOML1
MPO,LTF,NTRK1,BAIAP2
MPO,CAT,CFTR,PSMA2,GPR55
MPO,CAT,HDAC2,USP17L2,PCDHGA6
MPO,LTF,NTRK1,BAIAP2
MPO,LTF,GSK3A,HNRNPU,ANPEP
MPO,CAT,ABL1,WNK2
MPO,APOA1,FGA,FGG,SERPINE1
MPO,APOA1,JAK2,PTPN6,SELENOK
MPO,LTF,NTRK1,BAIAP2,CRACR2A
MPO,LTF,TMEM237,ARF6
MPO,LTF,NTRK1,BAIAP2,LRRFIP1
MPO,LTF,ZNF250,TRIM54,ADCY4
MPO,LTF,S100A8,RPL35A,PLXNC1
MPO,ELANE,MIB2,CYLD
MPO,CAT,LRRK2,ZC3H15,PLPPR1
MPO,APOA1,JAK2,PTPN6,NF1
MPO,APOA1,JAK2,PTPN6,PDE6B
MPO,APOA1,JAK2,PTPN6,ABCC5
MPO,LTF,NTRK1,BAIAP2
MPO,PRTN3,DNAJA3,NDUFA5,KCNK1
MPO,CAT,ABL1,WNK2
MPO,APOA1,FBLN1,CCN2,CD109
MPO,APOA1,JAK2,PTPN6,SKAP2
MPO,LTF,GSK3B,SMARCA2,TRPV1,SYT9
MPO,APOA1,FBLN1,CCN2,ECE1
MPO,LTF,NTRK1,BAIAP2,VAMP5
MPO,LTF,DHRS12,PLCD1
MPO,APOA1,FBLN1,CCN2
MPO,LTF,GSK3A,HNRNPU,ASIC1
MPO,CAT,PEX5,ZNF772,ZDHHC4
MPO,CAT,NFKB1,GLUL
MPO,CAT,RAB14,TMED10
MPO,APOA1,APOB,MDM2
MPO,LTF,GSK3A,HNRNPU,RALBP1
MPO,APOA1,FN1,COL1A1,CD151
MPO,APOA1,JAK2,PTPN6,SHC2
MPO,LTF,NTRK1,BAIAP2,CATSPER1,CACNA1I,CATSPER2
MPO,LTF,NTRK1,BAIAP2,SLC34A2
MPO,APOA1,APOE,ST13,SCHIP1
MPO,APOA1,ABCA1
MPO,LTF,NTRK1,BAIAP2
MPO,CAT,ABL1,WNK2
MPO,LTF,TMEM237,ARF6
MPO,APOA1,JAK2,PTPN6,RPS21,CLCA2
MPO,CAT,PRDX2,SPR,ULBP3
MPO,CAT,RAB14,TMED10
MPO,APOA1,APOB,MDM2,RASSF3
MPO,CAT,CCDC8,COPB1
MPO,APOA1,JAK2,PTPN6,HTR1A
MPO,CAT,ABL1,WNK2
MPO,LTF,NTRK1,BAIAP2,PHLDB2
MPO,APOA1,JAK2,PTPN6,LRIG1
MPO,CAT,ABL1,WNK2
MPO,LTF,FRMD1,DSG3
MPO,APOA1,JAK2,PTPN6,MAP4K5
MPO,LTF,NTRK1,BAIAP2
MPO,LTF,IRAK2,SESTD1,CNTNAP1
MPO,CAT,CCDC8,COPB1
MPO,APOA1,APOE,ST13,NEU4
MPO,APOA1,FN1,COL1A1,FHOD3
MPO,APOA1,ABCA1,AOX1,OR3A1
MPO,APOA1,JAK2,PTPN6,BMPR1B
MPO,APOA1,JAK2,PTPN6,MOSPD2
MPO,CAT,RAB14,TMED10,ABHD17B
MPO,CAT,HSDL2,PMPCA,AP1M2,ATRN
MPO,LTF,NTRK1,BAIAP2,PDCD10
MPO,LTF,CHD4,EIF4G2,NCR3LG1
MPO,LTF,NTRK1,BAIAP2
MPO,LTF,NTRK1,BAIAP2
MPO,PRTN3,HSPA5,LOC102723407,PCDHGA10
MPO,CAT,RAB14,TMED10,ARRDC2
MPO,LTF,NTRK1,BAIAP2,NTSR1
MPO,APOA1,FBLN1,CCN2,ARL4C
MPO,LTF,GSK3B,SMARCA2,HCRTR1
MPO,LTF,ZNF250,TRIM54,EEPD1
MPO,LTF,PMEPA1,NCOR1,TMPRSS11D
MPO,APOA1,JAK2,PTPN6,HLA-F
MPO,APOA1,ABCA1,AOX1,BCORL1
MPO,APOA1,JAK2,PTPN6,EPN2
MPO,APOA1,ABCA1,AOX1,GRAMD1A
MPO,LTF,SLITRK2,NRAS,KCNK7
MPO,PRTN3,F2R
MPO,APOA1,JAK2,PTPN6,CD81
MPO,LTF,S100A9,PPP2R2A,CPNE1
MPO,LTF,NTRK1,BAIAP2,HOMER3
MPO,APOA1,JAK2,PTPN6,ADCY3,CNGA3
MPO,APOA1,JAK2,PTPN6,PTPRH
MPO,LTF,S100A8,RPL35A,FRMPD1
MPO,CAT,RAB14,TMED10
MPO,CAT,NFKB1,GLUL,SLC6A12
MPO,ELANE,MIB2,CYLD
MPO,APOA1,JAK2,PTPN6,TBC1D3B
MPO,APOA1,JAK2,PTPN6,IL17RA,IL17RE
MPO,CAT,JUP,CDH8
MPO,LTF,NTRK1,BAIAP2
MPO,LTF,NTRK1,BAIAP2,ADGRA1
MPO,APOA1,APOE,ST13,APBA1
MPO,APOA1,FBLN1,CCN2
MPO,APOA1,JAK2,PTPN6,IFNAR1
MPO,MPO-ANCA,ROS,SNCA,APLP1,CNTN5
MPO,LTF,NTRK1,BAIAP2
MPO,LTF,NTRK1,BAIAP2,STX19
MPO,APOA1,CLEC4G,PTPN5,GMIP
MPO,CAT,ABL1,WNK2
MPO,CAT,CCDC8,COPB1
MPO,CAT,ABL1,WNK2
MPO,CAT,DECR2,TMPRSS5
MPO,LTF,FRMD1,DSG3,SLC26A11
MPO,LTF,NTRK1,BAIAP2,TSHR
MPO,LTF,S100A8,RPL35A,PRRG2
MPO,PRTN3,HSPA5,LOC102723407,PON2
MPO,APOA1,APOE,ST13,CST3
MPO,APOA1,JAK2,PTPN6,CHP1,SLC9A2
MPO,LTF,CHD4,EIF4G2,PLA2R1
MPO,LTF,CEBPA,C1QBP
MPO,LTF,NTRK1,BAIAP2
MPO,LTF,GSK3A,HNRNPU,GNAT2
MPO,CAT,CFTR,PSMA2,SNX30
MPO,LTF,NTRK1,BAIAP2,PCDHB16,SLC39A11
MPO,LTF,S100A8,RPL35A,PCDHA4
MPO,APOA1,APOE,ST13,PLAU
MPO,CAT,RAB14,TMED10,NPC1
MPO,LTF,GSK3A,HNRNPU,BOC
MPO,APOA1,ALB,RNF123,MPDU1,SYNGR1
MPO,APOA1,NAXE,RHOA,ARHGAP5
MPO,LTF,TMEM237,ARF6
MPO,APOA1,FBLN1,CCN2
MPO,APOA1,JAK2,PTPN6,FHIT
MPO,CAT,CCDC8,COPB1
MPO,APOA1,JAK2,PTPN6,IL1RAP
MPO,APOA1,NAXE,RHOA,ATP6V0A1
MPO,APOA1,JAK2,PTPN6,EPB41L3
MPO,ELANE,THBS1,PSG11,ADGRG1
MPO,LTF,NTRK1,BAIAP2
MPO,APOA1,FN1,COL1A1,SLC13A1
MPO,PRTN3,AGT,ACE2,SLC6A20
MPO,APOA1,JAK2,PTPN6,NOTCH2NLC,KCNS2
MPO,APOA1,NAXE,RHOA,VANGL1
MPO,LTF,NTRK1,BAIAP2,SLC39A1
MPO,LTF,SLITRK2,NRAS
MPO,LTF,NTRK1,BAIAP2
MPO,LTF,NTRK1,BAIAP2
MPO,LTF,NTRK1,BAIAP2
MPO,LTF,GSK3B,SMARCA2,DXO
MPO,LTF,GSK3B,SMARCA2,SULF1
MPO,APOA1,FBLN1,CCN2,JAG1
MPO,LTF,NTRK1,BAIAP2,RIC8B
MPO,LTF,GSK3A,HNRNPU,IL7R
MPO,APOA1,JAK2,PTPN6,TNFRSF11A
MPO,CAT,CFTR,PSMA2,ATP8B3
MPO,LTF,CHD4,EIF4G2,C8A
MPO,APOA1,APOE,ST13,MME
MPO,LTF,NTRK1,BAIAP2
MPO,APOA1,JAK2,PTPN6,DLK1,SLC16A2
MPO,LTF,EGFL8,CCPG1,SCUBE3
MPO,LTF,CHD4,EIF4G2,MARCO
MPO,LTF,GSK3A,HNRNPU,PLCD3
MPO,APOA1,JAK2,PTPN6,FLRT1
MPO,CAT,CFTR,PSMA2,OR4N2
MPO,LTF,NTRK1,BAIAP2,HCRTR2
MPO,CAT,ABL1,WNK2
MPO,APOA1,ABCA1,AOX1,COMT
MPO,APOA1,JAK2,PTPN6,HCFC2
MPO,APOA1,ABCA1,AOX1,NLGN2,MDGA1
MPO,CAT,JUP,CDH8,CDH24
MPO,LTF,NTRK1,BAIAP2,ADAM32
MPO,MPO-ANCA,ROS,SNCA,WARS2
MPO,CAT,NFKB1,GLUL
MPO,APOA1,ABCA1,AOX1,MS4A1
MPO,LTF,IRAK2,SESTD1,TNFSF9
MPO,CAT,SH2D3C,GSN
MPO,CAT,SH2D3C,GSN
MPO,LTF,GSK3B,SMARCA2,ABCA4,CNGB1
MPO,CAT,LRRK2,ZC3H15,ADRB3
MPO,LTF,NTRK1,BAIAP2,CDH4
MPO,LTF,NTRK1,BAIAP2
MPO,APOA1,NAXE,RHOA,RASL10A
MPO,LTF,NTRK1,BAIAP2,AQP6,TSPO2
MPO,LTF,NTRK1,BAIAP2,SEZ6
MPO,APOA1,NAXE,RHOA,OLR1
MPO,APOA1,JAK2,PTPN6,GP6
MPO,LTF,CHD3,ATAD5,TRPC7
MPO,LTF,NTRK1,BAIAP2
MPO,LTF,NTRK1,BAIAP2,ANXA3
MPO,CAT,NFKB1,GLUL
MPO,MPO-ANCA,ROS,SNCA
MPO,APOA1,JAK2,PTPN6,IL16
MPO,LTF,NTRK1,BAIAP2,CD1D
MPO,CAT,ABL1,WNK2,GRIA3
MPO,APOA1,APOB,MDM2,BASP1
MPO,CAT,LRRK2,ZC3H15,PLPP4
MPO,ELANE,SLPI,GRN
MPO,LTF,NTRK1,BAIAP2
MPO,APOA1,FGA,FGG,DMD
MPO,LTF,GSK3A,HNRNPU,GAD2
MPO,APOA1,JAK2,PTPN6,SCNN1B
MPO,APOA1,JAK2,PTPN6,ACVR1
MPO,APOA1,JAK2,PTPN6,SLC1A2
MPO,LTF,CEBPA,C1QBP
MPO,APOA1,JAK2,PTPN6,TXNDC12,GABRQ
MPO,LTF,NTRK1,BAIAP2,ERLIN2
MPO,LTF,NTRK1,BAIAP2
MPO,LTF,ZNF250,TRIM54,AKTIP
MPO,LTF,NTRK1,BAIAP2
MPO,APOA1,SERPINA1,OS9,SMO,PTCH2
MPO,APOA1,FBLN1,CCN2,HIC2
MPO,APOA1,FBLN1,CCN2,PCDHGB4
MPO,APOA1,APOE,ST13,PDAP1
MPO,APOA1,JAK2,PTPN6,NRG2
MPO,CAT,ABL1,WNK2
MPO,APOA1,JAK2,PTPN6,USH1C
MPO,LTF,NTRK1,BAIAP2,PSENEN
MPO,LTF,GSK3A,HNRNPU,PDZD2
MPO,APOA1,JAK2,PTPN6,SLC30A1
MPO,ELANE,ITIH2,LRRC4C
MPO,MPO-ANCA,ROS,SNCA,SLC6A4,GPM6B
MPO,LTF,GSK3A,HNRNPU,NOX1
MPO,CAT,DECR2,TMPRSS5
MPO,LTF,FRMD1,DSG3,SLC27A1
MPO,LTF,TMEM237,ARF6
MPO,LTF,NTRK1,BAIAP2
MPO,LTF,NTRK1,BAIAP2
MPO,APOA1,FBLN1,CCN2,CHRNB3
MPO,APOA1,FBLN1,CCN2,WLS,WNT7B
MPO,LTF,TMEM237,ARF6,ARHGAP18
MPO,APOA1,JAK2,PTPN6,MSR1
MPO,APOA1,JAK2,PTPN6,GP1BB
MPO,LTF,NTRK1,BAIAP2,GRID2
MPO,LTF,NTRK1,BAIAP2
MPO,APOA1,FBLN7,TUBB2B,MUC17
MPO,CAT,NFKB1,GLUL
MPO,APOA1,JAK2,PTPN6,S100A16
MPO,APOA1,JAK2,PTPN6,CYP2W1
MPO,APOA1,FBLN1,CCN2,PCDHGB1
MPO,LTF,ITLN1,DHRS7B,GABRB2
MPO,CAT,JUP,CDH8
MPO,LTF,GSK3A,HNRNPU,KCNQ2
MPO,ELANE,THBS1,PSG11
MPO,CAT,NFKB1,GLUL
MPO,LTF,NTRK1,BAIAP2,CYP2E1,ABCA5
MPO,CAT,JUP,CDH8,PCSK6
MPO,CAT,ABL1,WNK2
MPO,APOA1,JAK2,PTPN6,FRS3
MPO,APOA1,JAK2,PTPN6,FFAR2
MPO,CAT,CFTR,PSMA2,BTN2A1
MPO,APOA1,JAK2,PTPN6,SOX11
MPO,APOA1,JAK2,PTPN6,FMN2
MPO,ELANE,MIB2,CYLD
MPO,LTF,NTRK1,BAIAP2
MPO,LTF,GSK3A,HNRNPU,IL7R,TSLP,CRLF2
MPO,LTF,NTRK1,BAIAP2
MPO,PRTN3,MIA3,RMDN3,KCNK16
MPO,APOA1,APOB,MDM2,COBL
MPO,APOA1,NAXE,RHOA,RALB
MPO,APOA1,APOE,ST13,RASL10B
MPO,APOA1,JAK2,PTPN6,SCFD1
MPO,LTF,GSK3A,HNRNPU,NUBP1
MPO,LTF,NTRK1,BAIAP2
MPO,CAT,CCDC8,COPB1,EPB41L5
MPO,CAT,CCDC8,COPB1
MPO,APOA1,FBLN1,CCN2
MPO,MPO-ANCA,ROS,SNCA,TDP1
MPO,LTF,S100A8,RPL35A,SHISA5,TVP23B,YIPF1
MPO,LTF,CEBPA,C1QBP,SCN4A,CSPG5
MPO,LTF,GSK3A,HNRNPU,SMPD1
MPO,CAT,ABL1,WNK2
MPO,ELANE,THBS1,PSG11
MPO,APOA1,FBLN1,CCN2,ATP1B3
MPO,CAT,NFKB1,GLUL
MPO,ELANE,MIB2,CYLD
MPO,APOA1,FBLN1,CCN2
MPO,LTF,TMEM237,ARF6
MPO,LTF,NTRK1,BAIAP2
MPO,CAT,JUP,CDH8,JAM3,JAM2
MPO,APOA1,JAK2,PTPN6,FCGR2B
MPO,APOA1,JAK2,PTPN6,SPRED1
MPO,CAT,SH2D3C,GSN
MPO,APOA1,JAK2,PTPN6,CD46
MPO,LTF,NTRK1,BAIAP2,SPTBN2
MPO,LTF,ZNF250,TRIM54,TNFRSF14
MPO,APOA1,TTR,CTNND2
MPO,CAT,SH2D3C,GSN
MPO,APOA1,JAK2,PTPN6,RHOBTB1
MPO,LTF,GSK3B,SMARCA2,NKD2
MPO,CAT,SOD1,ATOX1,PLEKHG4B
MPO,APOA1,FGA,FGG
MPO,LTF,S100A9,PPP2R2A,LY9
MPO,PRTN3,AGT,ACE2,SLC6A19
MPO,LTF,GSK3B,SMARCA2,PRTG
MPO,LTF,GSK3A,HNRNPU,PLEK
MPO,LTF,NTRK1,BAIAP2
MPO,APOA1,JAK2,PTPN6,TERT
MPO,CAT,CCDC8,COPB1,TSPAN7,LHFPL5
MPO,LTF,NTRK1,BAIAP2
MPO,APOA1,APOE,ST13,ITM2B
MPO,CAT,NFKB1,GLUL
MPO,ELANE,THBS1,PSG11
MPO,LTF,ZNF250,TRIM54,HLA-DQB1
MPO,CAT,NFKB1,GLUL
MPO,CAT,LRRK2,ZC3H15,TMC3
MPO,APOA1,APOB,MDM2,LDLRAP1
MPO,LTF,NTRK1,BAIAP2,HTR5A
MPO,APOA1,JAK2,PTPN6,WNT3A
MPO,LTF,GSK3B,SMARCA2,BTN1A1
MPO,APOA1,JAK2,PTPN6,P2RX4
MPO,LTF,GSK3B,SMARCA2,MLEC
MPO,APOA1,JAK2,PTPN6,ELMO2,ADGRB1
MPO,LTF,NTRK1,BAIAP2
MPO,APOA1,JAK2,PTPN6,KCND2
MPO,CAT,DECR2,TMPRSS5
MPO,APOA1,ABCA1,AOX1,PIP4K2A
MPO,APOA1,JAK2,PTPN6,DMPK
MPO,CAT,SH2D3C,GSN
MPO,APOA1,JAK2,PTPN6,STING1
MPO,APOA1,APOE,ST13,CNTN3
MPO,APOA1,FBLN1,CCN2,RASGRP3
MPO,LTF,SLITRK2,NRAS
MPO,CAT,NFKB1,GLUL
MPO,APOA1,ABCA1,AOX1,PGRMC1
MPO,LTF,OASL,HSPA6,CCNT2
MPO,APOA1,FBLN1,CCN2,ITGA2B
MPO,LTF,NTRK1,BAIAP2
MPO,LTF,GSK3A,HNRNPU,GABRR1
MPO,APOA1,JAK2,PTPN6,PRF1
MPO,LTF,GSK3B,SMARCA2,CDH17
MPO,LTF,GSK3B,SMARCA2,FBP2
MPO,CAT,HSPE1,WDR1,PSG7
MPO,LTF,GSK3B,SMARCA2,HLA-DOA
MPO,APOA1,JAK2,PTPN6,GRM1
MPO,APOA1,JAK2,PTPN6,EDNRA
MPO,LTF,TMEM237,ARF6,SLC10A6
MPO,CAT,LRRK2,ZC3H15,CLEC5A
MPO,MPO-ANCA,ROS,SNCA,EXO1,SLC46A1
MPO,LTF,NTRK1,BAIAP2,GHSR
MPO,APOA1,APOB,MDM2,WNT3
MPO,APOA1,APOE,ST13,MYLIP
MPO,APOA1,SERPINA1,OS9,SMO,PTCH2
MPO,APOA1,ABCA1,AOX1,CXCR4,ADRA1A
MPO,LTF,GSK3A,HNRNPU,KLRK1,RAET1L
MPO,LTF,NTRK1,BAIAP2
MPO,APOA1,JAK2,PTPN6,CHP1,SLC9A2
MPO,LTF,NTRK1,BAIAP2
MPO,APOA1,FBLN1,CCN2,ZYX
MPO,APOA1,NAXE,RHOA,PLEKHG4
MPO,LTF,NTRK1,BAIAP2,GABRD
MPO,APOA1,FBLN1,CCN2,SLC38A5
MPO,LTF,NTRK1,BAIAP2
MPO,LTF,GSK3A,HNRNPU,NCKAP1L
MPO,CAT,NFKB1,GLUL
MPO,LTF,SLITRK2,NRAS
MPO,CAT,NFKB1,GLUL
MPO,APOA1,JAK2,PTPN6,LSR
MPO,PRTN3,SMAD3,LDLRAD4,RECK
MPO,CAT,LRRK2,ZC3H15,CNNM1
MPO,APOA1,NAXE,RHOA,ARHGEF25
MPO,APOA1,FBLN1,CCN2
MPO,CAT,HSPE1,WDR1,TSC22D1
MPO,APOA1,JAK2,PTPN6,POMC,MC3R
MPO,CAT,NUDT12,EPS8L1
MPO,CAT,SH2D3C,GSN
MPO,APOA1,JAK2,PTPN6,NPHS1
MPO,APOA1,JAK2,PTPN6,S100A10
MPO,LTF,GSK3A,HNRNPU,GPR12
MPO,APOA1,JAK2,PTPN6,MAL
MPO,CAT,JUP,CDH8
MPO,CAT,NFKB1,GLUL
MPO,LTF,NTRK1,BAIAP2,DTNB
MPO,CAT,NFKB1,GLUL
MPO,LTF,GSK3A,HNRNPU,TMTC1,JPH2
MPO,APOA1,FBLN1,CCN2,ACHE
MPO,APOA1,JAK2,PTPN6,NUMB
MPO,LTF,LRRC17,PRKCI
MPO,LTF,NTRK1,BAIAP2,DNER
MPO,LTF,NTRK1,BAIAP2,CC2D1A
MPO,LTF,NTRK1,BAIAP2,RGS5
MPO,APOA1,APOE,ST13,GRK6
MPO,LTF,NTRK1,BAIAP2,PTPRN
MPO,CAT,HSPE1,WDR1
MPO,APOA1,JAK2,PTPN6,AMOTL2
MPO,LTF,OASL,HSPA6,EHD2
MPO,CAT,ABL2,EPHB4
MPO,CAT,DECR2,TMPRSS5
MPO,LTF,NTRK1,BAIAP2,JOSD1
MPO,LTF,GSK3A,HNRNPU,SLITRK1
MPO,LTF,S100A8,RPL35A,ARHGEF40
MPO,LTF,GSK3A,HNRNPU,RGS18
MPO,LTF,GSK3A,HNRNPU,MYO1C
MPO,LTF,NTRK1,BAIAP2,TRPC1
MPO,APOA1,JAK2,PTPN6,SMPDL3B
MPO,LTF,S100A8,RPL35A,NECTIN1
MPO,CAT,HSPE1,WDR1
MPO,APOA1,JAK2,PTPN6,CD58
MPO,LTF,NTRK1,BAIAP2
MPO,APOA1,FBLN1,CCN2,CHRNA5
MPO,APOA1,FN1,COL1A1,CD2
MPO,LTF,GSK3A,HNRNPU,ITGB7
MPO,LTF,SLITRK2,NRAS
MPO,CAT,HDAC2,USP17L2,SIT1
MPO,LTF,NTRK1,BAIAP2,OXTR
MPO,LTF,TMEM237,ARF6
MPO,APOA1,FBLN1,CCN2,STAG1
MPO,LTF,IRAK2,SESTD1,CACNG7
MPO,LTF,NTRK1,BAIAP2
MPO,LTF,GSK3B,SMARCA2,TGM5
MPO,CAT,JUP,CDH8,TREML2
MPO,LTF,NTRK1,BAIAP2,SLC11A2
MPO,CAT,CCDC8,COPB1,TSPAN7
