MT2A,SNCA,HSPA1B,MATR3,ADAP2
MT2A,SNCA,VAMP2,RHOG,C2CD2L
MT2A,SNCA,VAMP2,RHOG,PLXNA2
MT2A,SNCA,PRKCD,H1-5,RHEBL1
MT2A,SNCA,NTRK2,FRS2
MT2A,SNCA,CALM3,TRPV6
MT2A,SNCA,EEF1A1,RPL13,MRPL42
MT2A,SNCA,YWHAQ,KSR1,KLRK1
MT2A,SNCA,FYN,SLC4A8
MT2A,SNCA,DNAAF2,SNAP91,CR2
MT2A,SNCA,PRKCA,AKAP5
MT2A,SNCA,SRC,CRMP1,SGCD
MT2A,SNCA,LRRK2,ZC3H15,KCTD3
MT2A,SNCA,DYNC1H1,RPGRIP1L
MT2A,SNCA,HSPA1B,MATR3,SELE
MT2A,SNCA,DNAAF2,SNAP91,DNAAF1
MT2A,SNCA,APP,NOTCH4
MT2A,SNCA,SNAP25,SYT3
MT2A,SNCA,HSPA4,TRIAP1,ADGRV1
MT2A,SNCA,SYN1,ITSN2
MT2A,SNCA,SRC,CRMP1,TRO
MT2A,SNCA,EEF1A1,RPL13,TRPM6
MT2A,SNCA,SIAH2,UBE2D3,TF
MT2A,SNCA,ACTB,SMARCA4,TRPM2
MT2A,SNCA,NTRK2,FRS2
MT2A,SNCA,YWHAQ,KSR1,SLC1A3
MT2A,SNCA,GNB2,PFDN2,EPB41L4B
MT2A,SNCA,MAP1LC3B,TBC1D25,PRLR
MT2A,SNCA,TUBA1B,VASH2,TFPI
MT2A,SNCA,VAMP2,RHOG,SLC27A2
MT2A,SNCA,ER stress,QRICH1,GABBR1
MT2A,SNCA,CHMP5
MT2A,SNCA,EEF1A1,RPL13,SERINC1
MT2A,SNCA,VAMP2,RHOG,VANGL2
MT2A,SNCA,RAB3A,RAB3D
MT2A,SNCA,GNB2,PFDN2,ERAS
MT2A,SNCA,HSPA1B,MATR3,SCN10A
MT2A,SNCA,AKT1,VHL
MT2A,SNCA,FYN,SLC4A8
MT2A,SNCA,VAMP2,RHOG,LRP4
MT2A,SNCA,GNB2,PFDN2,HTR7
MT2A,SNCA,VAMP2,RHOG,LPAR1
MT2A,SNCA,APP,NOTCH4
MT2A,SNCA,DCLK1,TIAM1
MT2A,SNCA,EEF1A1,RPL13,ZP4
MT2A,SNCA,HSPA1B,MATR3,SIGLEC11
MT2A,SNCA,HSPA1B,MATR3,CSF1
MT2A,SNCA,LRRK2,ZC3H15,OR1C1
MT2A,SNCA,MAP1LC3B,TBC1D25,CACNG8
MT2A,SNCA,HSP90AA1,NR3C2,TAS1R2
MT2A,SNCA,APP,NOTCH4
MT2A,SNCA,HSPA1B,MATR3,ZBTB42
MT2A,SNCA,YWHAQ,KSR1,HOMER2
MT2A,SNCA,VAMP2,RHOG
MT2A,SNCA,VAMP2,RHOG,TJP2
MT2A,SNCA,AKT1,VHL
MT2A,SNCA,VAMP2,RHOG,RAB6A
MT2A,SNCA,GNB2,PFDN2,RGS4
MT2A,SNCA,PRKCA,AKAP5
MT2A,SNCA,VAMP2,RHOG,ENPP4
MT2A,SNCA,AKT1,VHL
MT2A,SNCA,SLC6A4,SNCG,HTR3B
MT2A,SNCA,PRKCA,AKAP5,ELAPOR2
MT2A,SNCA,LYN,PKP4
MT2A,SNCA,SRC,CRMP1,TMC8
MT2A,SNCA,VAMP2,RHOG,SEMA4D
MT2A,SNCA,VAMP2,RHOG,F2RL3
MT2A,SNCA,SLC6A3
MT2A,SNCA,RAB8A,EXOC8
MT2A,SNCA,SNAP25,SYT3
MT2A,SNCA,EEF1A1,RPL13,ACSL6
MT2A,SNCA,SRC,CRMP1,ABCG8
MT2A,SNCA,AKT1,VHL
MT2A,SNCA,VAMP2,RHOG
MT2A,SNCA,CALM3,TRPV6
MT2A,SNCA,VAMP2,RHOG,CYTH3
MT2A,SNCA,SIAH2,UBE2D3,MARCHF4,ABCA7
MT2A,SNCA,LYN,PKP4
MT2A,SNCA,EEF1A1,RPL13,DKK1,KREMEN1
MT2A,SNCA,HSPA5,LOC102723407,OR1D5
MT2A,SNCA,SLC6A3,NEDD4,LDLRAD3
MT2A,SNCA,VAMP2,RHOG
MT2A,SNCA,GNB2,PFDN2,CALCRL,RAMP1
MT2A,SNCA,SRC,CRMP1,OR10H2
MT2A,SNCA,CALM3,TRPV6
MT2A,SNCA,HSPA1B,MATR3,TGFBI
MT2A,SNCA,APP,NOTCH4
MT2A,SNCA,RAB8A,EXOC8
MT2A,SNCA,H1-2,TTN,SULF2
MT2A,SNCA,EEF1A1,RPL13,YIPF4
MT2A,SNCA,HSPA1B,MATR3,S100A2,DGKH
MT2A,SNCA,HSPA1B,MATR3,CD3E
MT2A,SNCA,PRKCA,AKAP5
MT2A,SNCA,AKT1,VHL
MT2A,SNCA,HNRNPH1,MSI2,CTSZ
MT2A,SNCA,DCLK1,TIAM1
MT2A,SNCA,VAMP2,RHOG,PAFAH1B2
MT2A,SNCA,SEPTIN2
MT2A,SNCA,EEF1A1,RPL13,LEPROTL1,TMEM50B
MT2A,SNCA,HSPA1B,MATR3,PHB
MT2A,SNCA,LYN,PKP4
MT2A,SNCA,AKT1,VHL,SLC44A2
MT2A,SNCA,AKT1,VHL
MT2A,SNCA,VAMP2,RHOG,NEO1
MT2A,SNCA,GNB2,PFDN2,TSPAN15
MT2A,SNCA,LRRK2
MT2A,SNCA,GNB2,PFDN2,ATP12A
MT2A,SNCA,SRC,CRMP1,PIGN
MT2A,SNCA,HSPA1B,MATR3,IL17RB
MT2A,SNCA,HSPA1B,MATR3,NECTIN4
MT2A,SNCA,HSPA5,LOC102723407,KCNE3
MT2A,SNCA,HSPA1B,MATR3,PTPRU
MT2A,SNCA,ACTB,SMARCA4,NCR3LG1,MICA
MT2A,SNCA,DCLK1,TIAM1
MT2A,SNCA,DNAJB1,PTPN18,SNF8
MT2A,SNCA,DNAAF2,SNAP91,KCNG3
MT2A,SNCA,HNRNPH1,MSI2,CA9
MT2A,SNCA,PPP3CA,PARD3B,TESC
MT2A,SNCA,VAMP2,RHOG,STIM1
MT2A,SNCA,APP,NOTCH4
MT2A,SNCA,ER stress,QRICH1,PTAFR
MT2A,SNCA,PRKCA,AKAP5
MT2A,SNCA,EEF1A1,RPL13,TENT4B
MT2A,SNCA,VAMP2,RHOG,LAMP3
MT2A,SNCA,HSPA1B,MATR3,BRPF1
MT2A,SNCA,GNB2,PFDN2,PLP2
MT2A,SNCA,APP,NOTCH4,ADGRL3
MT2A,SNCA,DYNC1H1,RPGRIP1L
MT2A,SNCA,GNB2,PFDN2,EMC6,MMD
MT2A,SNCA,HSPA1B,MATR3,ITGAV
MT2A,SNCA,EEF1A1,RPL13,SLC25A31
MT2A,SNCA,VAMP2,RHOG,AQP5
MT2A,SNCA,CALM3,TRPV6
MT2A,SNCA,EEF1A1,RPL13,SIRPD
MT2A,SNCA,VAMP2,RHOG
MT2A,SNCA,SIAH2,UBE2D3,KLHL13,KIRREL2
MT2A,SNCA,DNAAF2,SNAP91,SLC7A3
MT2A,SNCA,HSPA1B,MATR3,ITGAX
MT2A,SNCA,HSPA1B,MATR3,HPN
MT2A,SNCA,VAMP2,RHOG
MT2A,SNCA,HSPA1B,MATR3,NLRX1
MT2A,SNCA,SNAP25,SYT3
MT2A,SNCA,LYN,PKP4
MT2A,SNCA,DYNC1H1,RPGRIP1L
MT2A,SNCA,VAMP2,RHOG,FAT4
MT2A,SNCA,SRC,CRMP1,SGCE
MT2A,SNCA,HSPA1B,MATR3,C5,C8B
MT2A,SNCA,VAMP2,RHOG,FGFRL1
MT2A,SNCA,PRKCA,AKAP5
MT2A,SNCA,FYN,SLC4A8,TSPAN4
MT2A,SNCA,VAMP2,RHOG,GPD1L
MT2A,SNCA,PRKCA,AKAP5
MT2A,SNCA,EEF1A1,RPL13,FAM120A
MT2A,SNCA,DNAAF2,SNAP91,SLC16A3
MT2A,SNCA,DNAAF2,SNAP91,SLC16A4
MT2A,SNCA,HSPA1B,MATR3,TDGF1
MT2A,SNCA,SNCAIP,KALRN,ZNF687,PLCD4
MT2A,SNCA,EEF1A1,RPL13,NAA38,NAA35
MT2A,SNCA,SNCAIP,KALRN,PTPRCAP
MT2A,SNCA,VAMP2,RHOG,RAB23
MT2A,SNCA,VAMP2,RHOG,FNDC3A,OR6T1
MT2A,SNCA,CALM3,TRPV6
MT2A,SNCA,HSPA1B,MATR3,OR4E2
MT2A,SNCA,HSPA8,PRKAG3,CRLF3
MT2A,SNCA,EEF1A1,RPL13,DKK1
MT2A,SNCA,VAMP2,RHOG,LZTS2
MT2A,SNCA,CALM3,TRPV6
MT2A,SNCA,HSPA1B,MATR3,MGAT5B,PLEKHM3
MT2A,SNCA,HSPA1B,MATR3,SERPINB2
MT2A,SNCA,VAMP2,RHOG,SLC43A1
MT2A,SNCA,SLC6A3,NEDD4
MT2A,SNCA,CALM3,TRPV6
MT2A,SNCA,LYN,PKP4
MT2A,SNCA,VAMP2,RHOG,SPNS2
MT2A,SNCA,AKT1,VHL
MT2A,SNCA,VAMP2,RHOG,CTNNAL1
MT2A,SNCA,HSPA1B,MATR3,MUC16
MT2A,SNCA,LYN,PKP4
MT2A,SNCA,EEF1A1,RPL13,ALPG
MT2A,SNCA,EEF1A1,RPL13,SDE2
MT2A,SNCA,PRKCE,SERPINB9,SLC9A3
MT2A,SNCA,HSPA1B,MATR3,COL26A1
MT2A,SNCA,HSPA1B,MATR3,MEP1A
MT2A,SNCA,SLC6A3,NEDD4,EFNB3
MT2A,SNCA,DNAAF2,SNAP91,CEACAM6
MT2A,SNCA,GABARAPL1,AHNAK2
MT2A,SNCA,PRKCD,H1-5,NOX4
MT2A,SNCA,GNB2,PFDN2,DRG1
MT2A,SNCA,PRKCE,SERPINB9,POU2F3
MT2A,SNCA,AKT1,VHL
MT2A,SNCA,SLC6A3,NEDD4
MT2A,SNCA,FYN,SLC4A8
MT2A,SNCA,CALM3,TRPV6
MT2A,SNCA,PRKCA,AKAP5
MT2A,SNCA,YWHAZ,HDAC9,CACNA1H
MT2A,SNCA,ABL1,NAA25,LRRC52
MT2A,SNCA,HSP90AA1,NR3C2,ITGA10
MT2A,SNCA,GNB2,PFDN2,FEZ1
MT2A,SNCA,CALM3,TRPV6
MT2A,SNCA,HSPA1B,MATR3,SIGLEC9
MT2A,SNCA,GNB2,PFDN2,FPR2
MT2A,SNCA,VAMP2,RHOG,ATP2B2
MT2A,SNCA,VAMP2,RHOG,PTPRJ
MT2A,SNCA,SNAP25,SYT3
MT2A,SNCA,VAMP2,RHOG,BTN3A2
MT2A,SNCA,CHMP5,ZNF91,CCDC25
MT2A,SNCA,GNB2,PFDN2,ANKRD13D
MT2A,SNCA,VAMP2,RHOG,RTN3
MT2A,SNCA,LRRK2,ZC3H15,CDV3
MT2A,SNCA,USP9X,SMAD2,KCNC1
MT2A,SNCA,GNB2,PFDN2,RIC8A
MT2A,SNCA,EEF1A1,RPL13,APOB
MT2A,SNCA,PRKCA,AKAP5
MT2A,SNCA,H1-2,TTN,ORAI1
MT2A,SNCA,VAMP2,RHOG,REEP5,KLRF1
MT2A,SNCA,PRKCA,AKAP5
MT2A,SNCA,DCLK1,TIAM1
MT2A,SNCA,EEF1A1,RPL13,PCDHGB3
MT2A,SNCA,VAMP2,RHOG,SLITRK3
MT2A,SNCA,DCLK1,TIAM1,CLCN5
MT2A,SNCA,FYN,SLC4A8
MT2A,SNCA,CALM3,TRPV6,CHRM3
MT2A,SNCA,RAB8A,EXOC8
MT2A,SNCA,GNB2,PFDN2,DCXR
MT2A,SNCA,DCLK1,TIAM1
MT2A,SNCA,PPP3CA,PARD3B,KLB
MT2A,SNCA,VAMP2,RHOG,PLEKHG5
MT2A,SNCA,SNAP25,SYT3
MT2A,SNCA,CALM3,TRPV6
MT2A,SNCA,VAMP2,RHOG,TMED9,TMED1
MT2A,SNCA,HSPA1B,MATR3,FCER1G,CD300C
MT2A,SNCA,PRKCE,SERPINB9,FCER2
MT2A,SNCA,USP9X,SMAD2,SLC39A4
MT2A,SNCA,VAMP2,RHOG,GNAT1
MT2A,SNCA,PRKCD,H1-5,ITGA1
MT2A,SNCA,VAMP2,RHOG,SPRED2
MT2A,SNCA,DCLK1,TIAM1
MT2A,SNCA,YWHAQ,KSR1,STK16
MT2A,SNCA,CALM3,TRPV6
MT2A,SNCA,RAB8A,EXOC8
MT2A,SNCA,VAMP2,RHOG
MT2A,SNCA,DCLK1,TIAM1
MT2A,SNCA,GSK3B,SMARCA2,PALM2AKAP2
MT2A,SNCA,ER stress,QRICH1,RNF4,BCAM
MT2A,SNCA,FYN,SLC4A8
MT2A,SNCA,GNB2,PFDN2,LIN7C
MT2A,SNCA,HSPA9,AQP12B,OR4X2
MT2A,SNCA,HNRNPH1,MSI2,LRFN2
MT2A,SNCA,APP,NOTCH4
MT2A,SNCA,LRRK2,ZC3H15,CNNM2
MT2A,SNCA,DYNC1H1,RPGRIP1L
MT2A,SNCA,HSP90AA1,NR3C2,CNNM3
MT2A,SNCA,LYN,PKP4
MT2A,SNCA,SNAP25,SYT3
MT2A,SNCA,FYN,SLC4A8
MT2A,SNCA,VAMP2,RHOG
MT2A,SNCA,HSPA1B,MATR3,MUC7
MT2A,SNCA,YWHAQ,KSR1,AQP7
MT2A,SNCA,HSP90AA1,NR3C2,IL17RC
MT2A,SNCA,VAMP2,RHOG,PSCA
MT2A,SNCA,SRC,CRMP1,ADGRL1
MT2A,SNCA,APP,NOTCH4,DPP4
MT2A,SNCA,EEF1A1,RPL13,SYTL2
MT2A,SNCA,PRKCA,AKAP5
MT2A,SNCA,AKT1,VHL,OR51E2
MT2A,SNCA,SNCAIP,KALRN,NUBPL
MT2A,SNCA,APLP1,APLP2
MT2A,SNCA,PRKCE,SERPINB9,GABRB3
MT2A,SNCA,EEF1A1,RPL13,CDH13
MT2A,SNCA,CHMP5,ZNF91,WNT5B
MT2A,SNCA,VAMP2,RHOG,RAP2C
MT2A,SNCA,CALM3,TRPV6
MT2A,SNCA,VAMP2,RHOG,ALCAM
MT2A,SNCA,EEF1A1,RPL13,PTP4A2
MT2A,SNCA,VAMP2,RHOG,SYT6
MT2A,SNCA,AKT1,VHL
MT2A,SNCA,GABARAPL1,AHNAK2
MT2A,SNCA,HSPA1B,MATR3,B2M
MT2A,SNCA,VAMP2,RHOG,RASGRP4
MT2A,SNCA,PRKCA,AKAP5,NPHS2
MT2A,SNCA,VAMP2,RHOG,OSBPL1A
MT2A,SNCA,VAMP2,RHOG,SLC6A6
MT2A,SNCA,VAMP2,RHOG,GRAMD1B,GRAMD2A
MT2A,SNCA,VAMP2,RHOG,ATP6V0B
MT2A,SNCA,YWHAQ,KSR1,TNFRSF13B
MT2A,SNCA,STX1A,RNF40,DOC2B
MT2A,SNCA,SRC,CRMP1,HTR3A
MT2A,SNCA,AKT1,VHL
MT2A,SNCA,APP,NOTCH4
MT2A,SNCA,GNB2,PFDN2,SSTR2
MT2A,SNCA,HSPA1B,MATR3,C3orf52,SLC23A2
MT2A,SNCA,AKT1,VHL
MT2A,SNCA,APP,NOTCH4
MT2A,SNCA,GNB2,PFDN2,AOC3
MT2A,SNCA,EEF1A1,RPL13,LAPTM5
MT2A,SNCA,NTRK2,FRS2
MT2A,SNCA,GNB2,PFDN2,RGS8
MT2A,SNCA,GNB2,PFDN2,PCDH10
MT2A,SNCA,LYN,PKP4
MT2A,SNCA,HNRNPH1,MSI2,NDC1
MT2A,SNCA,VAMP2,RHOG,DGKQ
MT2A,SNCA,VAMP2,RHOG,COL17A1
MT2A,SNCA,HSPA1B,MATR3,HLA-DPB1
MT2A,SNCA,PRKCA,AKAP5
MT2A,SNCA,HSPA1B,MATR3,B2M,KIR2DL3
MT2A,SNCA,APP,NOTCH4
MT2A,SNCA,SIAH2,UBE2D3,ANXA4
MT2A,SNCA,GNB2,PFDN2,KCNJ4
MT2A,SNCA,RAB8A,EXOC8
MT2A,SNCA,HSPA1B,MATR3,AQP8
MT2A,SNCA,YWHAQ,KSR1,KLRK1,RAET1L
MT2A,SNCA,APP,NOTCH4
MT2A,SNCA,ACTB,SMARCA4,CLDN4
MT2A,SNCA,MAP1LC3B,TBC1D25,MYCBPAP
MT2A,SNCA,VAMP2,RHOG
MT2A,SNCA,DNAAF2,SNAP91,NECAB2
MT2A,SNCA,EEF1A1,RPL13,PI4K2B
MT2A,SNCA,FYN,SLC4A8
MT2A,SNCA,VAMP2,RHOG,SLC39A2
MT2A,SNCA,DYNLL1,THAP10,GSC2,BEST3
MT2A,SNCA,EEF1A1,RPL13,ERMAP
MT2A,SNCA,ACTB,SMARCA4,ZAN
MT2A,SNCA,GSK3B,SMARCA2,RASGEF1B
MT2A,SNCA,NTRK2,FRS2,GNG13
MT2A,SNCA,LRRK2,ZC3H15,SEPHS1
MT2A,SNCA,ACTB,SMARCA4,DPP6
MT2A,SNCA,EEF1A1,RPL13,ADI1
MT2A,SNCA,HSPA4,TRIAP1,TCN2
MT2A,SNCA,SRC,CRMP1,OXER1
MT2A,SNCA,DCLK1,TIAM1
MT2A,SNCA,ACTB,SMARCA4,CLCA4
MT2A,SNCA,HNRNPH1,MSI2,ABCC10
MT2A,SNCA,VAMP2,RHOG,ARHGDIG
MT2A,SNCA,VAMP2,RHOG,HCAR1
MT2A,SNCA,EEF1A1,RPL13,ANKRD39,LANCL2
MT2A,SNCA,GSK3B,SMARCA2,BLVRB
MT2A,SNCA,HSPA5,LOC102723407,CNTNAP3
MT2A,SNCA,FYN,SLC4A8,ROBO4
MT2A,SNCA,GNB2,PFDN2,SYMPK
MT2A,SNCA,HSPA1B,MATR3,AIFM2
MT2A,SNCA,CALM3,TRPV6
MT2A,SNCA,YWHAZ,HDAC9,CSMD3
MT2A,SNCA,SNCAIP,KALRN,PLIN4
MT2A,SNCA,APP,NOTCH4,C9
MT2A,SNCA,LRRK2,ZC3H15,SLC39A14
MT2A,SNCA,HSP90AA1,NR3C2,SHH
MT2A,SNCA,VAMP2,RHOG,SNX15
MT2A,SNCA,CALM3,TRPV6
MT2A,SNCA,SRC,CRMP1,LPAR4
MT2A,SNCA,PRKCA,AKAP5
MT2A,SNCA,VAMP2,RHOG,LRRC8D
MT2A,SNCA,GNB2,PFDN2,CALCRL,RAMP1
MT2A,SNCA,ACTB,SMARCA4,FRMPD2
MT2A,SNCA,VAMP2,RHOG,FRAS1
MT2A,SNCA,VAMP2,RHOG,SCARB2
MT2A,SNCA,GNB2,PFDN2,TRIM4
MT2A,SNCA,DNAJB1,PTPN18,ZACN
MT2A,SNCA,HSPA5,LOC102723407,COL23A1
MT2A,SNCA,HSPA1B,MATR3,PIGR
MT2A,SNCA,ACTB,SMARCA4,KLHL41
MT2A,SNCA,RAB8A,EXOC8
MT2A,SNCA,RAB8A,EXOC8
MT2A,SNCA,ER stress,QRICH1,DAPK3,PAWR
MT2A,SNCA,PPP3CA
MT2A,SNCA,EEF1A1,RPL13,MCC
MT2A,SNCA,VAMP2,RHOG,SCAMP5
MT2A,SNCA,VAMP2,RHOG,SLC6A8
MT2A,SNCA,PRKCD,H1-5,GABRA2
MT2A,SNCA,ER stress,QRICH1
MT2A,SNCA,VAMP2,RHOG,GRID1
MT2A,SNCA,RAB8A,EXOC8
MT2A,SNCA,VAMP2,RHOG,SLC7A1,SLC22A18
MT2A,SNCA,EEF1A1,RPL13,UTP20
MT2A,SNCA,HSPA1B,MATR3,ATP1A2
MT2A,SNCA,HSP90AA1,NR3C2,PI4KA,TTC7B
MT2A,SNCA,VAMP2,RHOG,PARD6B
MT2A,SNCA,VAMP2,RHOG,BMPR2
MT2A,SNCA,VAMP2,RHOG
MT2A,SNCA,VAMP2,RHOG,ATP8B2
MT2A,SNCA,SNAP25,SYT3
MT2A,SNCA,VAMP2,RHOG,VMP1
MT2A,SNCA,GNB2,PFDN2,LEMD2,KCNA10
MT2A,SNCA,GNB2,PFDN2,GHRHR
MT2A,SNCA,SRC,CRMP1,RAPSN
MT2A,SNCA,NTRK2,FRS2
MT2A,SNCA,EEF1A1,RPL13,SHISA5,TVP23B,YIPF1
MT2A,SNCA,FYN,SLC4A8
MT2A,SNCA,GNB2,PFDN2,HTR2B
MT2A,SNCA,GNB2,PFDN2,GPI,PARP14
MT2A,SNCA,VAMP2,RHOG,MTUS1
MT2A,SNCA,GNB2,PFDN2,RIMBP2
MT2A,SNCA,PRKCA,AKAP5
MT2A,SNCA,ER stress,QRICH1
MT2A,SNCA,HSPA1B,MATR3,TENM1
MT2A,SNCA,HSPA1B,MATR3,ABI3,BAIAP2L2
MT2A,SNCA,VAMP2,RHOG,IPO5,DSCAML1
MT2A,SNCA,AKT1,VHL
MT2A,SNCA,APP,NOTCH4,GYPC
MT2A,SNCA,VAMP2,RHOG,NHERF4
MT2A,SNCA,PRKCA,AKAP5
MT2A,SNCA,PRKCD,H1-5,C11orf24
MT2A,SNCA,HSPA1B,MATR3,CACNA1G
MT2A,SNCA,EEF1A1,RPL13,CORO2A,SLC16A8
MT2A,SNCA,VAMP2,RHOG,STOM
MT2A,SNCA,GNB2,PFDN2,MC1R
MT2A,SNCA,HSPA1B,MATR3,P2RX6
MT2A,SNCA,EEF1A1,RPL13,PCDHB12
MT2A,SNCA,EEF1A1,RPL13,IFNAR2
MT2A,SNCA,CALM3,TRPV6
MT2A,SNCA,PRKCA,AKAP5
MT2A,SNCA,HSPA1B,MATR3,CDH7
MT2A,SNCA,VAMP2,RHOG,RTN3,NDRG4
MT2A,SNCA,PPIA,COL1A2,KCNIP4
MT2A,SNCA,HSPA1B,MATR3,IL1R2,MICB
MT2A,SNCA,MAP1LC3B,TBC1D25,CD99
MT2A,SNCA,HSPA1B,MATR3,CLDN2
MT2A,SNCA,AKT1,VHL
MT2A,SNCA,LYN,PKP4
MT2A,SNCA,VAMP2,RHOG
MT2A,SNCA,CALM3,TRPV6
MT2A,SNCA,HSPA1B,MATR3,SIRPB1
MT2A,SNCA,VAMP2,RHOG,FNDC3A,OR6T1
MT2A,SNCA,VAMP2,RHOG,ABCB5
MT2A,SNCA,SIAH2,UBE2D3,CD274,PDCD1,PDCD1LG2
MT2A,SNCA,HSPA1B,MATR3,SERPINB4
MT2A,SNCA,APP,NOTCH4
MT2A,SNCA,RAB8A,EXOC8
MT2A,SNCA,VAMP2,RHOG,RGL1
MT2A,SNCA,HSPA5,LOC102723407,COL25A1
MT2A,SNCA,HSPA1B,MATR3,FCER1G,CD300C
MT2A,SNCA,NTRK2
MT2A,SNCA,RAB8A,EXOC8
MT2A,SNCA,GNB2,PFDN2,KCNJ3
MT2A,SNCA,SNCAIP,KALRN,HMOX2
MT2A,SNCA,SRC,CRMP1,LY96
MT2A,SNCA,EEF1A1,RPL13,KCNA4
MT2A,SNCA,GNB2,PFDN2,CAV3
MT2A,SNCA,HSPA1B,MATR3,TNFRSF10A
MT2A,SNCA,HSP90AA1,NR3C2,CHRNA5,LYPD1
MT2A,SNCA,VAMP2,RHOG,LRP5
MT2A,SNCA,YWHAZ,HDAC9,TMC5
MT2A,SNCA,VAMP2,RHOG,OSBPL2
MT2A,SNCA,SIAH2,UBE2D3,ETV6
MT2A,SNCA,SIAH2,UBE2D3,ZNRF2
MT2A,SNCA,CALM3,TRPV6
MT2A,SNCA,MAP1LC3B,TBC1D25,SLC44A5
MT2A,SNCA,FYN,SLC4A8,LRRC55
MT2A,SNCA,EEF1A1,RPL13,HLA-B
MT2A,SNCA,AKT1,VHL
MT2A,SNCA,AKT1,VHL
MT2A,SNCA,HSPA1B,MATR3,ARRDC4
MT2A,SNCA,FYN,SLC4A8
MT2A,SNCA,ABL1,NAA25,IHH
MT2A,SNCA,ACTB,SMARCA4,NRXN1
MT2A,SNCA,YWHAQ,KSR1,CR1L
MT2A,SNCA,FYN,SLC4A8
MT2A,SNCA,LRRK2,ZC3H15,SLC22A16
MT2A,SNCA,ACTB,SMARCA4,SNTG2
MT2A,SNCA,FYN,SLC4A8
MT2A,SNCA,YWHAQ,KSR1,PI4K2A
MT2A,SNCA,HSP90AA1,NR3C2,PI4KA
MT2A,SNCA,HSP90AA1,NR3C2,EFNA1
MT2A,SNCA,LYN,PKP4
MT2A,SNCA,YWHAQ,KSR1,GUCY2F
MT2A,SNCA,VAMP2,RHOG
MT2A,SNCA,APP,NOTCH4
MT2A,SNCA,VAMP2,RHOG,TGFB1
MT2A,SNCA,HSPA5
MT2A,SNCA,HSPA1B,MATR3,PTPRT
MT2A,SNCA,EEF1A1,RPL13,CPNE7
MT2A,SNCA,FYN,SLC4A8
MT2A,SNCA,DNAAF2,SNAP91,CLDN12
MT2A,SNCA,VAMP2,RHOG
MT2A,SNCA,VAMP2,RHOG,LLGL2
MT2A,SNCA,SNCAIP,KALRN,IFNLR1
MT2A,SNCA,APP,NOTCH4
MT2A,SNCA,HSPA8
MT2A,SNCA,HSPA8,PRKAG3,SLC26A4
MT2A,SNCA,FYN,SLC4A8
MT2A,SNCA,AKT1,VHL
MT2A,SNCA,GNB2,PFDN2,GPR139
MT2A,SNCA,YWHAZ,HDAC9,SLC9A5
MT2A,SNCA,GNB2,PFDN2,CNR1
MT2A,SNCA,VAMP2,RHOG,RTKN2
MT2A,SNCA,HSPA1B,MATR3,IL1RAPL1
MT2A,SNCA,GSK3B,SMARCA2,LTA
MT2A,SNCA,AKT1,VHL
MT2A,SNCA,HSP90AA1,NR3C2,PI4KA,TTC7B
MT2A,SNCA,PRKCD,H1-5,MUC6
MT2A,SNCA,VAMP2,RHOG,ANO8
MT2A,SNCA,AKT1,VHL
MT2A,SNCA,PRKCE,SERPINB9,ICOS
MT2A,SNCA,DNAAF2,SNAP91,CATSPERG
MT2A,SNCA,HSP90AA1,NR3C2,PCDHGA9
MT2A,SNCA,HSPA4,TRIAP1,LRRC45
MT2A,SNCA,VAMP2,RHOG,WASHC2C
MT2A,SNCA,VAMP2,RHOG,PLAAT3
MT2A,SNCA,GNB2,PFDN2,HTR6
MT2A,SNCA,ARSA,ZBTB43,WNT5A
MT2A,SNCA,KLK6,ERICH3,SLC10A4
MT2A,SNCA,HNRNPH1,MSI2,FZD2
MT2A,SNCA,YWHAQ,KSR1,LIM2
MT2A,SNCA,CALM3,TRPV6
MT2A,SNCA,YWHAH
MT2A,SNCA,AKT1,VHL
MT2A,SNCA,SNCAIP,KALRN,KLF9
MT2A,SNCA,ACTB,SMARCA4,RGS9
MT2A,SNCA,VAMP2,RHOG,ENPP6
MT2A,SNCA,HSPA9,AQP12B,COL13A1
MT2A,SNCA,VAMP2,RHOG
MT2A,SNCA,NTRK2,FRS2,GRIN3B
MT2A,SNCA,DYNC1H1,RPGRIP1L
MT2A,SNCA,EEF1A1,RPL13,HAS1
MT2A,SNCA,SLC6A3,NEDD4
MT2A,SNCA,DNAAF2,SNAP91,IL4R,IL2RG
MT2A,SNCA,GNB2,PFDN2,ADGRD1
MT2A,SNCA,VAMP2,RHOG
MT2A,SNCA,FYN,SLC4A8
MT2A,SNCA,GSK3B
MT2A,SNCA,PPP3CA,PARD3B,CABP2
MT2A,SNCA,VAMP2,RHOG,ATP6AP1
MT2A,SNCA,GNB2,PFDN2,AGTR1
MT2A,SNCA,ACTB,SMARCA4,CLDN6
MT2A,SNCA,HSP90AA1,NR3C2,EFNA4
MT2A,SNCA,ARSA,ZBTB43,PCDHGC5
MT2A,SNCA,HSPA1B,MATR3,NLRP6
MT2A,SNCA,EEF1A1,RPL13,IMP4
MT2A,SNCA,HSPA1B,MATR3,ITGAM
MT2A,SNCA,VAMP2,RHOG,GPR50
MT2A,SNCA,LYN,PKP4
MT2A,SNCA,HSPA1B,MATR3,FGB
MT2A,SNCA,CALM3,TRPV6
MT2A,SNCA,VAMP2,RHOG,STXBP2
MT2A,SNCA,PRKCD,H1-5,PAQR6
MT2A,SNCA,ACTB,SMARCA4,KNTC1
MT2A,SNCA,VAMP2,RHOG,SLC15A1
MT2A,SNCA,AKT1,VHL
MT2A,SNCA,VAMP2,RHOG,RAPGEF2
MT2A,SNCA,PRKCA,AKAP5
MT2A,SNCA,ACTB,SMARCA4,PCDHA11
MT2A,SNCA,PRKCD,H1-5,IL1RL1
MT2A,SNCA,ER stress,QRICH1,RNF4,BCAM
MT2A,SNCA,HSPA1B,MATR3,ADAMTS13,CELSR1
MT2A,SNCA,HSPA1B,MATR3,NTNG2
MT2A,SNCA,SRC,CRMP1,CD8A
MT2A,SNCA,VAMP2,RHOG,NMT2
MT2A,SNCA,AKT1,VHL
MT2A,SNCA,NTRK2,FRS2,LRRC3
MT2A,SNCA,RAB8A,EXOC8
MT2A,SNCA,CALM3,TRPV6
MT2A,SNCA,FYN,SLC4A8
MT2A,SNCA,LYN,PKP4,ADGRA2
MT2A,SNCA,VAMP2,RHOG,CLGN,ADAM2
MT2A,SNCA,HSPH1,PARVA
MT2A,SNCA,NTRK2,FRS2
MT2A,SNCA,GNB2,PFDN2,S1PR5
MT2A,SNCA,APP,NOTCH4
MT2A,SNCA,CALM3,TRPV6
MT2A,SNCA,DNAAF2,SNAP91,RTN4R,OMG
MT2A,SNCA,AKT1,VHL
MT2A,SNCA,SIAH2,UBE2D3,WLS,WNT7B
MT2A,SNCA,VAMP2,RHOG,PARD6A
MT2A,SNCA,ACTB,SMARCA4,IGSF8
MT2A,SNCA,VAMP2,RHOG,MPDZ,OR1D2
MT2A,SNCA,YWHAQ,KSR1,PDE4A
MT2A,SNCA,YWHAZ,HDAC9,GABRA3
MT2A,SNCA,PRKCE,SERPINB9,FGF10
MT2A,SNCA,GNB2,PFDN2,CACNB1
MT2A,SNCA,FYN,SLC4A8
MT2A,SNCA,RAB8A,EXOC8,RAPGEF3
MT2A,SNCA,PRKCD,H1-5,SLAMF6
MT2A,SNCA,YWHAQ,KSR1,SLC7A7
MT2A,SNCA,HNRNPH1,MSI2,TRPA1
MT2A,SNCA,RAB8A,EXOC8
MT2A,SNCA,MAP1LC3B,TBC1D25,GABRB1
MT2A,SNCA,GNB2,PFDN2,GRIP1
MT2A,SNCA,DCLK1,TIAM1,ADRA2B
MT2A,SNCA,AKT1,VHL
MT2A,SNCA,VAMP2,RHOG,CNKSR1
MT2A,SNCA,VAMP2,RHOG,TMEM30B
MT2A,SNCA,FYN,SLC4A8,TYROBP,TREM1
MT2A,SNCA,APP,NOTCH4
MT2A,SNCA,VAMP2,RHOG,PSD,GLRA2
MT2A,SNCA,SIAH2,UBE2D3
MT2A,SNCA,ER stress,QRICH1,ATIC
MT2A,SNCA,HSPA1B,MATR3,CDH6
MT2A,SNCA,VAMP2,RHOG,ANK1
MT2A,SNCA,HSPA1B,MATR3,NCAM2
MT2A,SNCA,CALM3,TRPV6,UNC79
MT2A,SNCA,VAMP2,RHOG,SUCLG2
MT2A,SNCA,GNB2,PFDN2,HTR1E
MT2A,SNCA,GNB2,PFDN2,ANKRD13B
MT2A,SNCA,NTRK2,FRS2
MT2A,SNCA,VAMP2,RHOG,CPNE6
MT2A,SNCA,AKT1,VHL
MT2A,SNCA,FYN,SLC4A8
MT2A,SNCA,SRC,CRMP1,SLC9A3R2,OR52B2
MT2A,SNCA
MT2A,SNCA,ACTB,SMARCA4,CTNND2
MT2A,SNCA,RAB8A,EXOC8
MT2A,SNCA,RAB8A,EXOC8
MT2A,SNCA,GNB2,PFDN2,GCGR
MT2A,SNCA,VAMP2,RHOG
MT2A,SNCA,SNCAIP,KALRN,MPHOSPH8
MT2A,SNCA,VAMP2,RHOG,CERS2,SLC22A1
MT2A,SNCA,AKT1,VHL
MT2A,SNCA,DYNLL1
MT2A,SNCA,ACTB,SMARCA4,NRXN1,SYT13
MT2A,SNCA,EEF1A1,RPL13,REPS2
MT2A,SNCA,PRKCA,AKAP5
MT2A,SNCA,FYN,SLC4A8
MT2A,SNCA,VAMP2,RHOG,SLC6A15
MT2A,SNCA,SNAP25,SYT3
MT2A,SNCA,APP,NOTCH4
MT2A,SNCA,HSP90AA1,NR3C2,CYSLTR2
MT2A,SNCA,VAMP2,RHOG,GORASP2,MMP15
MT2A,SNCA,VAMP2,RHOG,PHF7
MT2A,SNCA,HNRNPH1,MSI2,GRIK5
MT2A,SNCA,NTRK2,FRS2
MT2A,SNCA,RAB8A,EXOC8,CHRNA4
MT2A,SNCA,EEF1A1,RPL13,GRM3
MT2A,SNCA,HSPA1B,MATR3,CLDN7
MT2A,SNCA,PRKCE,SERPINB9,CNST
MT2A,SNCA,RAB8A,EXOC8
MT2A,SNCA,HSPA1B,MATR3,CD84
MT2A,SNCA,SIAH2,UBE2D3
MT2A,SNCA,PRKCA,AKAP5
MT2A,SNCA,GSK3B,SMARCA2,SIRPG
MT2A,SNCA,PRKCD,H1-5,CD68
MT2A,SNCA,CALM3,TRPV6
MT2A,SNCA,ACTB,SMARCA4,C4BPB
MT2A,SNCA,ACTB,SMARCA4,CHRNA1
MT2A,SNCA,SNCAIP,KALRN,LIG1
MT2A,SNCA,FYN,SLC4A8
MT2A,SNCA,LYN,PKP4
MT2A,SNCA,VAMP2,RHOG
MT2A,SNCA,FYN,SLC4A8
MT2A,SNCA,SRC,CRMP1,C1QTNF5
MT2A,SNCA,VAMP2,RHOG,ARHGEF1
MT2A,SNCA,AKT1,VHL
MT2A,SNCA,PRKCA,AKAP5
MT2A,SNCA,VAMP2,RHOG
MT2A,SNCA,HSP90AA1,NR3C2,SLC27A6
MT2A,SNCA,LYN,PKP4
MT2A,SNCA,CALM3,TRPV6
MT2A,SNCA,SRC,CRMP1,PCSK9
MT2A,SNCA,VAMP2,RHOG,PLCH2
MT2A,SNCA,CALM3,TRPV6
MT2A,SNCA,SIAH2,UBE2D3,CBLB
MT2A,SNCA,HSP90AA1,NR3C2,CD28
MT2A,SNCA,VAMP2,RHOG,ABCA6
MT2A,SNCA,VAMP2,RHOG,PCDH9
MT2A,SNCA,VAMP2,RHOG,ITGB8
MT2A,SNCA,AKT1,VHL
MT2A,SNCA,RAB8A,EXOC8
MT2A,SNCA,HNRNPH1,MSI2,PLPP2
MT2A,SNCA,VAMP2,RHOG,ABCB1
MT2A,SNCA,PRKCA,AKAP5
MT2A,SNCA,VAMP2,RHOG,SDK1
MT2A,SNCA,SIAH2,UBE2D3
MT2A,SNCA,HSPA1B,MATR3,ITGAD
MT2A,SNCA,FYN,SLC4A8
MT2A,SNCA,VAMP2,RHOG
MT2A,SNCA,HSPA1B,MATR3,RAB35
MT2A,SNCA,VAMP2,RHOG,TMX4,ADAM18
MT2A,SNCA,RAB8A,EXOC8
MT2A,SNCA,ACTB,SMARCA4,FCHSD2
MT2A,SNCA,LYN,PKP4
MT2A,SNCA,RAB8A,EXOC8,RAPGEF4
MT2A,SNCA,GNB2,PFDN2,GALR2
MT2A,SNCA,MAP1LC3B,TBC1D25,ENPP7
MT2A,SNCA,HNRNPH1,MSI2,GRIK5,GRIK3
MT2A,SNCA,CALM3,TRPV6
MT2A,SNCA,SLC6A3,NEDD4
MT2A,SNCA,AKT1,VHL
MT2A,SNCA,HSPA1B,MATR3,TCHP
MT2A,SNCA,VAMP2,RHOG,ATP6V0C
MT2A,SNCA,FYN,SLC4A8
MT2A,SNCA,LRRK2,ZC3H15,OAS3
MT2A,SNCA,HSPA1B,MATR3,C4A
MT2A,SNCA,VAMP2,RHOG,FRMD4A,CYTH4
MT2A,SNCA,YWHAQ,KSR1,GDF5,RGMA
MT2A,SNCA,EEF1A1,RPL13,PPAN-P2RY11
MT2A,SNCA,PPP3CA,PARD3B,STRA6
MT2A,SNCA,APP,NOTCH4
MT2A,SNCA,VAMP2,RHOG,ENDOD1,DPEP1
MT2A,SNCA,DNAAF2,SNAP91,ENTPD6
MT2A,SNCA,SNAP25,SYT3
MT2A,SNCA,VAMP2,RHOG,RASGRF2
MT2A,SNCA,VAMP2,RHOG,CHRNB4
MT2A,SNCA,ACTB,SMARCA4,VPS35L
MT2A,SNCA,VAMP2,RHOG,CALML3,ADH1C
MT2A,SNCA,HSPA1B,MATR3,TNFRSF25
MT2A,SNCA,PPP3CA,PARD3B,NOTCH2NLC,KCNS2
MT2A,SNCA,HSPA1B,MATR3,CDH18
MT2A,SNCA,APP,NOTCH4
MT2A,SNCA,VAMP2,RHOG
MT2A,SNCA,FYN,SLC4A8
MT2A,SNCA,HSPA1B,MATR3,TOB1,CPEB3
MT2A,SNCA,HSP90AA1,NR3C2,TLR8
MT2A,SNCA,DNAAF2,SNAP91,EPB42
MT2A,SNCA,VAMP2,RHOG,LNPEP
MT2A,SNCA,ACTA1,CADM4,HAS3
MT2A,SNCA,AKT1,VHL,LSP1
MT2A,SNCA,USP9X,SMAD2,CD226,MBLAC2
MT2A,SNCA,EEF1A1,RPL13,HLA-F,KIR3DL2
MT2A,SNCA,SIAH2,UBE2D3,MPL
MT2A,SNCA,HSPA1B,MATR3,KMT2E
MT2A,SNCA,HSPA1B,MATR3,PCDHAC2
MT2A,SNCA,ACTB,SMARCA4,CHRNE
MT2A,SNCA,GNB2,PFDN2,NUCB2
MT2A,SNCA,RAB8A,EXOC8,CHRDL1
MT2A,SNCA,RAB8A,EXOC8
MT2A,SNCA,HSPA9,AQP12B,LYPLA1
MT2A,SNCA,VAMP2,RHOG,KANSL2
MT2A,SNCA,EEF1A1,RPL13,PNN
MT2A,SNCA,RAB8A,EXOC8
MT2A,SNCA,AKT1,VHL
MT2A,SNCA,YWHAZ,HDAC9,SLC9C1
MT2A,SNCA,GNB2,PFDN2,RGS3
MT2A,SNCA,CALM3,TRPV6
MT2A,SNCA,NTRK2,FRS2,TACR1
MT2A,SNCA,DCLK1,TIAM1,CCNYL1
MT2A,SNCA,TPPP,HDAC6,NR0B2,HNF4G,HAS2
MT2A,SNCA,HSPA1B,MATR3,PSG1
MT2A,SNCA,HSPA1B,MATR3,MMP2
MT2A,SNCA,PRKCA,AKAP5
MT2A,SNCA,RAB8A,EXOC8,GABRA1
MT2A,SNCA,EEF1A1,RPL13,BFAR
MT2A,SNCA,VAMP2,RHOG,CARMIL1
MT2A,SNCA,VAMP2,RHOG,FASN
MT2A,SNCA,HSPA1B,MATR3,TSHZ3
MT2A,SNCA,EEF1A1,RPL13,PIP4K2B
MT2A,SNCA,VAMP2,RHOG,CTSL
MT2A,SNCA,HSP90AA1,NR3C2,TSPAN12
MT2A,SNCA,VAMP2,RHOG
MT2A,SNCA,DCLK1,TIAM1
MT2A,SNCA,VAMP2,RHOG,RTN3,NDRG4
MT2A,SNCA,EEF1A1,RPL13,MAGED1
MT2A,SNCA,GNB2,PFDN2,GNAL
MT2A,SNCA,LYN,PKP4
MT2A,SNCA,VAMP2,RHOG
MT2A,SNCA,HSPA1B,MATR3,ISLR2
MT2A,SNCA,VAMP2,RHOG,AGER
MT2A,SNCA,VAMP2,RHOG,STIM2
MT2A,SNCA,PRKCD,H1-5,CR1
MT2A,SNCA,AKT1,VHL
MT2A,SNCA,PRKCA,AKAP5,SLC15A2
MT2A,SNCA,VAMP2,RHOG,SLITRK6
MT2A,SNCA,DNAAF2,SNAP91,ATP8B1
MT2A,SNCA,VAMP2,RHOG,RALGDS
MT2A,SNCA,VAMP2,RHOG,ARVCF
MT2A,SNCA,APP,NOTCH4
MT2A,SNCA,HNRNPH1,MSI2,MESD
MT2A,SNCA,GNB2,PFDN2,CALCRL
MT2A,SNCA,SRC,CRMP1,CD27,CD70
MT2A,SNCA,DNAJB1,PTPN18,MVB12B
MT2A,SNCA,RAB8A,EXOC8,APH1A
MT2A,SNCA,HNRNPH1,MSI2,ANXA13
MT2A,SNCA,GNB2,PFDN2,GRIK2
MT2A,SNCA,EEF1A1,RPL13,GPR85
MT2A,SNCA,GABARAPL1,AHNAK2
MT2A,SNCA,YWHAQ,KSR1,RHBDL1
MT2A,SNCA,CALM3,TRPV6
MT2A,SNCA,FYN,SLC4A8
MT2A,SNCA,RAB8A,EXOC8
MT2A,SNCA,NTRK2,FRS2
MT2A,SNCA,GNB2,PFDN2,BDKRB1
MT2A,SNCA,DCLK1,TIAM1,OR51B2
MT2A,SNCA,H1-2,TTN,FCN1
MT2A,SNCA,LYN,PKP4
MT2A,SNCA,SNAP25,SYT3
MT2A,SNCA,VAMP2,RHOG,DGAT1
MT2A,SNCA,HSPA1B,MATR3,HLA-DPA1
MT2A,SNCA,CALM3,TRPV6
MT2A,SNCA,HSPA1B,MATR3,PPFIBP1
MT2A,SNCA,GNB2,PFDN2,FZD7
MT2A,SNCA,GNB2,PFDN2,OLFM4
MT2A,SNCA,HSPA1B,MATR3,HSPG2
MT2A,SNCA,GNB2,PFDN2,CACNA2D1
MT2A,SNCA,AKT1,VHL
MT2A,SNCA,HSPA1B,MATR3,CLN3
MT2A,SNCA,YWHAZ,HDAC9,PKD2L1,PKD1L3
MT2A,SNCA,HSPA1B,MATR3,EFHD2,OR2K2
MT2A,SNCA,HSPA1B,MATR3,DUSP21,ATP23
MT2A,SNCA,HSPA1B,MATR3,C5,C8B
MT2A,SNCA,NTRK2,FRS2,SEMA4G
MT2A,SNCA,EEF1A1,RPL13,REPS1
MT2A,SNCA,MAP1LC3B,TBC1D25,DENND3,RAB12
MT2A,SNCA,VAMP2,RHOG
MT2A,SNCA,VAMP2,RHOG,DOCK5
MT2A,SNCA,VAMP2,RHOG,ITGB5
MT2A,SNCA,EEF1A1,RPL13,STAB2
MT2A,SNCA,SLC6A3,NEDD4,LAPTM4B
MT2A,SNCA,HSPH1,PARVA
MT2A,SNCA,CALM3,TRPV6
MT2A,SNCA,DNAAF2,SNAP91,PRCP
MT2A,SNCA,AKT1,VHL
MT2A,SNCA,YWHAQ,KSR1,NEXN
MT2A,SNCA,PRKCA,AKAP5
MT2A,SNCA,CALM3,TRPV6
MT2A,SNCA,GNB2,PFDN2,SFRP1
MT2A,SNCA,VAMP2,RHOG,ESYT2
MT2A,SNCA,CALM3,TRPV6
MT2A,SNCA,VAMP2,RHOG,SLITRK4
MT2A,SNCA,GNB2,PFDN2,LIMD1
MT2A,SNCA,HSPA1B,MATR3,DFFA
MT2A,SNCA,PRKCA,AKAP5
MT2A,SNCA,PRKCA,AKAP5
MT2A,SNCA,DCLK1,TIAM1
MT2A,SNCA,AKT1,VHL
MT2A,SNCA,CHMP5,ZNF91,SLC7A10
MT2A,SNCA,YWHAQ,KSR1,CLEC4G
MT2A,SNCA,CALM3,TRPV6
MT2A,SNCA,GNB2,PFDN2,NMUR1
MT2A,SNCA,EEF1A1,RPL13,BTN2A2
MT2A,SNCA,GNB2,PFDN2,ADGRF1
MT2A,SNCA,CALM3,TRPV6
MT2A,SNCA,CALM3,TRPV6
MT2A,SNCA,YWHAQ,KSR1,GDE1
MT2A,SNCA,EEF1A1,RPL13,HRG
MT2A,SNCA,LRRK2,ZC3H15,P2RX5
MT2A,SNCA,PRKCD,H1-5,BTC
MT2A,SNCA,DNAAF2,SNAP91,ABTB1
MT2A,SNCA,ABL1,NAA25,CATSPER1,CACNA1I
MT2A,SNCA,HSPA1B,MATR3,ULBP3,CD200R1,CD200
MT2A,SNCA,VAMP2,RHOG,DGKE
MT2A,SNCA,RAB8A,EXOC8
MT2A,SNCA,FYN,SLC4A8
MT2A,SNCA,HNRNPH1,MSI2,NUP35
MT2A,SNCA,SNCAIP,KALRN,GRAMD1C
MT2A,SNCA,ACTB,SMARCA4,S100A13
MT2A,SNCA,VAMP2,RHOG,TAOK3
MT2A,SNCA,ACTB,SMARCA4,CDH16,SLC39A6
MT2A,SNCA,GNB2,PFDN2,NPY4R2
MT2A,SNCA,SIAH2,UBE2D3,TDG
MT2A,SNCA,HSPA1B,MATR3,CAMK1G
MT2A,SNCA,HNRNPH1,MSI2,PDE9A
MT2A,SNCA,HSPA1B,MATR3,ITGA6
MT2A,SNCA,VAMP2,RHOG,CDIPT
MT2A,SNCA,RAB8A,EXOC8
MT2A,SNCA,APP,NOTCH4,TSPAN14
MT2A,SNCA,FYN,SLC4A8
MT2A,SNCA,HSP90AA1,NR3C2,PAQR9
MT2A,SNCA,CALM3,TRPV6,ADORA2B
MT2A,SNCA,LRRK2,ZC3H15,KCNAB3
MT2A,SNCA,VAMP2,RHOG
MT2A,SNCA,DNAAF2,SNAP91,SLC8A3
MT2A,SNCA,SRC,CRMP1,TNFRSF17
MT2A,SNCA,PRKCA,AKAP5
MT2A,SNCA,LYN,PKP4
MT2A,SNCA,GSK3B,SMARCA2,ITGA9
MT2A,SNCA,DNAAF2,SNAP91,COLQ
MT2A,SNCA,PRKCA,AKAP5
MT2A,SNCA,VAMP2,RHOG,HSPA13
MT2A,SNCA,HSPA1B,MATR3,SLC17A8
MT2A,SNCA,HSPA1B,MATR3,KCNH2
MT2A,SNCA,PRKCA,AKAP5
MT2A,SNCA,CALM3,TRPV6
MT2A,SNCA,VAMP2,RHOG,APBB1IP
MT2A,SNCA,VAMP2,RHOG,SLC12A5
MT2A,SNCA,NTRK2,FRS2,SSTR5
MT2A,SNCA,ACTB,SMARCA4,PAQR8
MT2A,SNCA,VAMP2,RHOG
MT2A,SNCA,CALM3,TRPV6
MT2A,SNCA,GNB2,PFDN2,IFIT5
MT2A,SNCA,EEF1A1,RPL13,HLA-G
MT2A,SNCA,LYN,PKP4,PIK3R5
MT2A,SNCA,HSPA5,LOC102723407,TNFSF18
MT2A,SNCA,HSPA1B,MATR3,CDH12
MT2A,SNCA,SIAH2,UBE2D3
MT2A,SNCA,CALM3,TRPV6
MT2A,SNCA,APP,NOTCH4
MT2A,SNCA,VAMP2,RHOG,TBC1D24
MT2A,SNCA,YWHAQ,KSR1,CACNB2
MT2A,SNCA,HSPA1B,MATR3,PCDHGB2
MT2A,SNCA,GNB2,PFDN2,EDNRB
MT2A,SNCA,HSP90AA1,NR3C2,KCNIP1
MT2A,SNCA,AKT1,VHL,ABCA12
MT2A,SNCA,VAMP2,RHOG,ARHGAP45
MT2A,SNCA,VAMP2,RHOG,TMED10,SPPL3
MT2A,SNCA,RAB8A,EXOC8
MT2A,SNCA,VAMP2,RHOG,PIEZO2
MT2A,SNCA,PPP3CA,PARD3B,BMF
MT2A,SNCA,GNB2,PFDN2,PALM3
MT2A,SNCA,GNB2,PFDN2,ADCY5
MT2A,SNCA,EEF1A1,RPL13,CD1A
MT2A,SNCA,HSPA1B,MATR3,FLAD1
MT2A,SNCA,ACTB,SMARCA4,CLDN5
MT2A,SNCA,DNAAF2,SNAP91,RERG
MT2A,SNCA,GNB2,PFDN2,NPY1R
MT2A,SNCA,DNAAF2,SNAP91,FCHO1
MT2A,SNCA,VAMP2,RHOG,SYNJ2
MT2A,SNCA,GNB2,PFDN2,NTM
MT2A,SNCA,PRKCA,AKAP5
MT2A,SNCA,LYN,PKP4,FRMD7
MT2A,SNCA,VAMP2,RHOG,LGR5
MT2A,SNCA,EEF1A1,RPL13,SERPINB12
MT2A,SNCA,GNB2,PFDN2,JARID2,NPPA,NPR3
MT2A,SNCA,DCLK1,TIAM1,PTGER4
MT2A,SNCA,HSPA1B,MATR3,LDLRAD4,ZDHHC22
MT2A,SNCA,GNB2,PFDN2,S1PR3
MT2A,SNCA,RAB8A,EXOC8
MT2A,SNCA,SIAH2,UBE2D3
MT2A,SNCA,PRKCD,H1-5,MADD
MT2A,SNCA,VAMP2,RHOG,ABCG1
MT2A,SNCA,VAMP2,RHOG,USP6
MT2A,SNCA,VAMP2,RHOG
MT2A,SNCA,SNAP25,SYT3
MT2A,SNCA,VAMP2,RHOG,SLC12A7
MT2A,SNCA,HNRNPH1,MSI2,GLG1
MT2A,SNCA,ACTB,SMARCA4,DTNBP1
MT2A,SNCA,RAB8A,EXOC8
MT2A,SNCA,CALM3,TRPV6
MT2A,SNCA,SLC6A3,NEDD4,JAM3
MT2A,SNCA,DYNC1H1,RPGRIP1L
MT2A,SNCA,HSPA5,LOC102723407,OR14J1
MT2A,SNCA,RAB8A,EXOC8
MT2A,SNCA,YWHAQ,KSR1,NRXN2
MT2A,SNCA,AKT1,VHL
MT2A,SNCA,NTRK2,FRS2
MT2A,SNCA,SRC,CRMP1,SKAP1
MT2A,SNCA,EEF1A1,RPL13,CKB
MT2A,SNCA,PRKCD,H1-5,SLC31A1
MT2A,SNCA,DYNC1H1,RPGRIP1L
MT2A,SNCA,HSPA1B,MATR3,ADAM15
MT2A,SNCA,VAMP2,RHOG
MT2A,SNCA,APP,NOTCH4,LRP10
MT2A,SNCA,SNCAIP,KALRN,TPBG
MT2A,SNCA,HSPA1B,MATR3,ULBP3,CD200R1
MT2A,SNCA,SIAH2,UBE2D3,SLC16A6
MT2A,SNCA,SIAH2,UBE2D3
MT2A,SNCA,LYN,PKP4
MT2A,SNCA,HNRNPH1,MSI2,TGFBR3
MT2A,SNCA,DNAAF2,SNAP91,RTN4RL1
MT2A,SNCA,SRC,CRMP1,LYNX1
MT2A,SNCA,PRKCE,SERPINB9,KL
MT2A,SNCA,APP,NOTCH4
MT2A,SNCA,RAB8A,EXOC8
MT2A,SNCA,USP9X,SMAD2,C2CD5
MT2A,SNCA,EEF1A1,RPL13,SLC4A2
MT2A,SNCA,VAMP2,RHOG
MT2A,SNCA,HSPA1B,MATR3,ITGA5
MT2A,SNCA,FYN,SLC4A8
MT2A,SNCA,GNB2,PFDN2,NCF2
MT2A,SNCA,VAMP2,RHOG,GPR161
MT2A,SNCA,ACTB,SMARCA4,CALM2
MT2A,SNCA,PRKCD,H1-5,CD300LF
MT2A,SNCA,CHMP5,ZNF91,CHMP7
MT2A,SNCA,APP,NOTCH4
MT2A,SNCA,EEF1A1,RPL13,PCDHGA7
MT2A,SNCA,VAMP2,RHOG,OR2T10
MT2A,SNCA,VAMP2,RHOG,DOCK4
MT2A,SNCA,PPP3CA,PARD3B,AKAP12
MT2A,SNCA,VAMP2,RHOG,PLEKHN1
MT2A,SNCA,PPP3CA,PARD3B,BTNL8
MT2A,SNCA,PRKCA,AKAP5
MT2A,SNCA,RAB8A,EXOC8
MT2A,SNCA,HSP90AA1,NR3C2,SLC30A2
MT2A,SNCA,HSPA1B,MATR3,PLEKHH2
MT2A,SNCA,FYN,SLC4A8
MT2A,SNCA,YWHAZ,HDAC9,PSG6
MT2A,SNCA,HSPA1B,MATR3,TLCD3A
MT2A,SNCA,AKT1,VHL
MT2A,SNCA,VAMP2,RHOG,KREMEN2
MT2A,SNCA,FYN,SLC4A8,NTN4
MT2A,SNCA,HSPA1B,MATR3,TIRAP
MT2A,SNCA,PRKCE,SERPINB9,GOLGA7B
MT2A,SNCA,VAMP2,RHOG,GPRC5C
MT2A,SNCA,VAMP2,RHOG,FZD6,TMPRSS12
MT2A,SNCA,HSPA1B,MATR3,CLEC4A
MT2A,SNCA,EEF1A1,RPL13,INPP5E
MT2A,SNCA,SIAH2,UBE2D3,CDH8
MT2A,SNCA,APP,NOTCH4
MT2A,SNCA,HSPA1B,MATR3,ADAM9
MT2A,SNCA,DNAAF2,SNAP91,FREM2
MT2A,SNCA,SIAH2,UBE2D3,IL17RA,IL17RE
MT2A,SNCA,HSPA1B,MATR3,FCER1G,CD300C
MT2A,SNCA,HSPA1B,MATR3,SYT4
MT2A,SNCA,FYN,SLC4A8
MT2A,SNCA,CALM3,TRPV6
MT2A,SNCA,GNB2,PFDN2,CXCR2
MT2A,SNCA,VAMP2,RHOG,FCHO2
MT2A,SNCA,FYN,SLC4A8
MT2A,SNCA,VAMP2,RHOG,SLC12A6
MT2A,SNCA,PRKCA,AKAP5
MT2A,SNCA,RAB8A,EXOC8,GABRA1,GABRG3
MT2A,SNCA,EEF1A1,RPL13,CD80
MT2A,SNCA,VAMP2,RHOG,PLCD1
MT2A,SNCA,MAP1LC3B,TBC1D25,CD47
MT2A,SNCA,PRKCD,H1-5,CXCL12,CCR10
MT2A,SNCA,AKT1,VHL,ZNF804A
MT2A,SNCA,VAMP2,RHOG,ATP6V1F
MT2A,SNCA,YWHAQ,KSR1,ITGB1BP1
MT2A,SNCA,HSP90AA1,NR3C2,LIMS2
MT2A,SNCA,AKT1,VHL
MT2A,SNCA,APP,NOTCH4
MT2A,SNCA,GNB2,PFDN2,MLKL
MT2A,SNCA,SNAP25,SYT3
MT2A,SNCA,HSPA1B,MATR3,UGT1A1
MT2A,SNCA,GNB2,PFDN2,GNA15
MT2A,SNCA,GSK3B,SMARCA2,TNFSF13B
MT2A,SNCA,HNRNPH1,MSI2,SLC1A1,SLC1A4
MT2A,SNCA,VAMP2,RHOG,NDRG1
MT2A,SNCA,HNRNPH1,MSI2,GRIK1
MT2A,SNCA,EEF1A1,RPL13,ADRA1D
MT2A,SNCA,VAMP2,RHOG,HLA-DRA
MT2A,SNCA,HSP90AA1,NR3C2,ACP3
MT2A,SNCA,LRRK2,ZC3H15,FZD10
MT2A,SNCA,VAMP2,RHOG,CA12
MT2A,SNCA,YWHAQ,KSR1,GPR152
MT2A,SNCA,GNB2,PFDN2,MOG
MT2A,SNCA,HSPA1B,MATR3,ENTHD1
MT2A,SNCA,SIAH2,UBE2D3,ATP2B3
MT2A,SNCA,FYN,SLC4A8
MT2A,SNCA,VAMP2,RHOG
MT2A,SNCA,VAMP2,RHOG,CERS2,SLC22A1
MT2A,SNCA,PRKCE,SERPINB9,GJC1
MT2A,SNCA,HNRNPH1,MSI2,NLGN4X
MT2A,SNCA,GNB2,PFDN2,ADRB1
MT2A,SNCA,DCLK1,TIAM1,CLCN3
MT2A,SNCA,PPP3CA,PARD3B,SNTB2
MT2A,SNCA,DYNC1H1,RPGRIP1L
MT2A,SNCA,VAMP2,RHOG,CGAS
MT2A,SNCA,ER stress,QRICH1,NCAM1,DGUOK,ROM1
MT2A,SNCA,VAMP2,RHOG,LRRC4B
MT2A,SNCA,NTRK2,FRS2
MT2A,SNCA,APP,NOTCH4
MT2A,SNCA,GNB2,PFDN2,DRD4
MT2A,SNCA,ACTB,SMARCA4,VPS37B
MT2A,SNCA,HNRNPH1,MSI2,SYT7
MT2A,SNCA,VAMP2,RHOG,EPHB4
MT2A,SNCA,VAMP2,RHOG,FURIN
MT2A,SNCA,HSPA1B,MATR3,BCHE
MT2A,SNCA,ER stress,QRICH1,PSG11
MT2A,SNCA,ACTB,SMARCA4,PCDH12
MT2A,SNCA,HSPA1B,MATR3,NID2
MT2A,SNCA,DYNC1H1,RPGRIP1L,BTNL9
MT2A,SNCA,VAMP2,RHOG,USH1C,CDHR2
MT2A,SNCA,GNB2,PFDN2,CX3CR1
MT2A,SNCA,PRKCA,AKAP5
MT2A,SNCA,CALM3,TRPV6
MT2A,SNCA,FYN,SLC4A8
MT2A,SNCA,GSK3B,SMARCA2,TMBIM6
MT2A,SNCA,GNB2,PFDN2,AGTR1,AGTRAP
MT2A,SNCA,SRC,CRMP1,FZD8
MT2A,SNCA,AKT1,VHL
MT2A,SNCA,AKT1,VHL
MT2A,SNCA,AKT1,VHL
MT2A,SNCA,SRC,CRMP1,TMEM179B
MT2A,SNCA,AKT1,VHL
MT2A,SNCA,EEF1A1,RPL13,TMEM30A
MT2A,SNCA,RAB8A,EXOC8
MT2A,SNCA,CALM3,TRPV6
MT2A,SNCA,AKT1,VHL,SPINT1
MT2A,SNCA,YWHAQ,KSR1,CD59
MT2A,SNCA,LYN
MT2A,SNCA,CHMP5,ZNF91,GNAT3
MT2A,SNCA,CALM3,TRPV6,NALF1
MT2A,SNCA,AKT1,VHL
MT2A,SNCA,USP9X,SMAD2,WNT1
MT2A,SNCA,VAMP2,RHOG,SLC7A1,SLC22A18
MT2A,SNCA,GNB2,PFDN2,PCP2
MT2A,SNCA,SNCAIP,KALRN,GPR37
MT2A,SNCA,HSPA1B,MATR3,HEPHL1
MT2A,SNCA,AKT1,VHL
MT2A,SNCA,VAMP2,RHOG,TMPRSS11B
MT2A,SNCA,DCLK1,TIAM1
MT2A,SNCA,SIAH2,UBE2D3,REM2
MT2A,SNCA,AKT1,VHL
MT2A,SNCA,GNB2,PFDN2,NEGR1
MT2A,SNCA,RAB8A,EXOC8
MT2A,SNCA,FYN,SLC4A8
MT2A,SNCA,DCLK1,TIAM1
MT2A,SNCA,GNB2,PFDN2,RGS19
MT2A,SNCA,APP,NOTCH4
MT2A,SNCA,H1-2,TTN,FOLH1
MT2A,SNCA,VAMP2,RHOG,FLRT2,UNC5D
MT2A,SNCA,YWHAZ,HDAC9,CALN1
MT2A,SNCA,VAMP2,RHOG,RAB24
MT2A,SNCA,VAMP2,RHOG,CGN
MT2A,SNCA,AKT1,VHL
MT2A,SNCA,VAMP2,RHOG,SIGLEC6
MT2A,SNCA,ACTB,SMARCA4,TMPRSS11A
MT2A,SNCA,DYNC1H1,RPGRIP1L
MT2A,SNCA,VAMP2,RHOG,PCDH18
MT2A,SNCA,RAB8A,EXOC8
MT2A,SNCA,PRKCA,AKAP5
MT2A,SNCA,HSPA1B,MATR3,TULP1
MT2A,SNCA,VAMP2,RHOG,LRRC15
MT2A,SNCA,GNB2,PFDN2,PPP2R2D,GPC5
MT2A,SNCA,VAMP2,RHOG
MT2A,SNCA,FYN,SLC4A8
MT2A,SNCA,RAB8A,EXOC8,RAPGEF5
MT2A,SNCA,PRKCD,H1-5,PCDHB3
MT2A,SNCA,VAMP2,RHOG,CYP2C9
MT2A,SNCA,VAMP2,RHOG,VAV2
MT2A,SNCA,PRKCA,AKAP5
MT2A,SNCA,VAMP2,RHOG,KLK10,SERPINB10
MT2A,SNCA,HSPA1B,MATR3,C3
MT2A,SNCA,PARK7,GPX4,SLC39A12
MT2A,SNCA,FYN,SLC4A8,TYROBP
MT2A,SNCA,VAMP2,RHOG,ATP9A
MT2A,SNCA,VAMP2,RHOG
MT2A,SNCA,HSPA1B,MATR3,NPSR1
MT2A,SNCA,SNAP25,SYT3
MT2A,SNCA,HSPA8,PRKAG3,GBP1
MT2A,SNCA,HSP90AA1,NR3C2,GFRAL
MT2A,SNCA,HSPA1B,MATR3,GLO1
MT2A,SNCA,ACTB,SMARCA4,CDH19
MT2A,SNCA,EEF1A1,RPL13,SLC36A1
MT2A,SNCA,YWHAZ,HDAC9,PKD2L1
MT2A,SNCA,SRC,CRMP1,TNFRSF13C
MT2A,SNCA,NTRK2,FRS2
MT2A,SNCA,VAMP2,RHOG,PPP1R16A
MT2A,SNCA,VAMP2,RHOG,PTPRK
MT2A,SNCA,HSPA1B,MATR3,LRRC70
MT2A,SNCA,GNB2,PFDN2,AQP9
MT2A,SNCA,SNCAIP,KALRN,SYT11
MT2A,SNCA,VAMP2,RHOG,MUC13
MT2A,SNCA,KLK6,ERICH3,RAB28
MT2A,SNCA,AKT1,VHL
MT2A,SNCA,SRC,CRMP1,IL22RA1
MT2A,SNCA,ACTB,SMARCA4,SCN2B
MT2A,SNCA,NTRK2,FRS2,CXCR3
MT2A,SNCA,PRKCA,AKAP5
MT2A,SNCA,SRC,CRMP1,CELSR2
MT2A,SNCA,VAMP2,RHOG,NOSTRIN
MT2A,SNCA,GNB2,PFDN2,SUV39H1
MT2A,SNCA,VAMP2,RHOG,RGS14
MT2A,SNCA,AKT1,VHL
MT2A,SNCA,FYN,SLC4A8
MT2A,SNCA,AKT1,VHL
MT2A,SNCA,VAMP2,RHOG,ARHGAP10
MT2A,SNCA,PRKCA,AKAP5
MT2A,SNCA,HSPA1B,MATR3,IFITM1
MT2A,SNCA,GNB2,PFDN2,CAPNS1
MT2A,SNCA,PRKCA,AKAP5,GRM4
MT2A,SNCA,RAB8A,EXOC8,KLRC4,CLPTM1
MT2A,SNCA,VAMP2,RHOG,ITGB6
MT2A,SNCA,CALM3,TRPV6
MT2A,SNCA,AKT1,VHL
MT2A,SNCA,FYN,SLC4A8
MT2A,SNCA,HSP90AA1,NR3C2,PARVG
MT2A,SNCA,HSP90AA1,NR3C2,EFNA3
MT2A,SNCA,VAMP2,RHOG,ACE2,SLC6A19
MT2A,SNCA,SIAH2,UBE2D3,CD274
MT2A,SNCA,ARSA,ZBTB43,PCDHB5
MT2A,SNCA,AKT1,VHL
MT2A,SNCA,GSK3B,SMARCA2,RNF34
MT2A,SNCA,RAB8A,EXOC8
MT2A,SNCA,DYNC1H1,RPGRIP1L
MT2A,SNCA,PRKCA,AKAP5
MT2A,SNCA,SNAP25,SYT3
MT2A,SNCA,VAMP2,RHOG,SLC26A6
MT2A,SNCA,PPP3CA,PARD3B,MUC4
MT2A,SNCA,EEF1A1,RPL13,KCNAB1
MT2A,SNCA,LYN,PKP4,KCNJ6
MT2A,SNCA,APP,NOTCH4,LRP3
MT2A,SNCA,MAP1LC3A,MAVS,ATP1B2
MT2A,SNCA,GNB2,PFDN2,TSPAN5
MT2A,SNCA,APP,NOTCH4
MT2A,SNCA,VAMP2,RHOG,FAT1
MT2A,SNCA,SIAH2,UBE2D3,MAP3K12
MT2A,SNCA,RAB8A,EXOC8
MT2A,SNCA,LRRK2,ZC3H15,TLR10
MT2A,SNCA,PRKCD,H1-5,SLC22A15
MT2A,SNCA,HSPA1B,MATR3,CCN2
MT2A,SNCA,PRKCA,AKAP5
MT2A,SNCA,PRKCD,H1-5,KITLG
MT2A,SNCA,DNAJB1,PTPN18,CHRND
MT2A,SNCA,VAMP2,RHOG,KLK10,SERPINB10
MT2A,SNCA,DCLK1,TIAM1,PCDHA12
MT2A,SNCA,ACTB,SMARCA4,PIP4P1
MT2A,SNCA,VAMP2,RHOG
MT2A,SNCA,ACTA1,CADM4,TFR2
MT2A,SNCA,GNB2,PFDN2,GNG11
MT2A,SNCA,PRKCA,AKAP5
MT2A,SNCA,EEF1A1,RPL13,SLC22A23
MT2A,SNCA,FYN,SLC4A8
MT2A,SNCA,APP,NOTCH4
MT2A,SNCA,EEF1A1,RPL13,CAPN3
MT2A,SNCA,HSPA1B,MATR3,CDH10
MT2A,SNCA,VAMP2,RHOG,PCDH19
MT2A,SNCA,VAMP2,RHOG,SEMA6A
MT2A,SNCA,HNRNPH1,MSI2,NLGN1
MT2A,SNCA,HSPA4,TRIAP1,ATP8A2
MT2A,SNCA,VAMP2,RHOG,ACE2,SLC6A19
MT2A,SNCA,YWHAQ,KSR1,DGLUCY,GPR45
MT2A,SNCA,CALM3,TRPV6
MT2A,SNCA,GNB2,PFDN2,GIPR
MT2A,SNCA,AKT1,VHL
MT2A,SNCA,SIAH2,UBE2D3
MT2A,SNCA,LYN,PKP4
MT2A,SNCA,FYN,SLC4A8
MT2A,SNCA,VAMP2,RHOG,SLC38A2
MT2A,SNCA,EEF1A1,RPL13,ANKRD39,LANCL2
MT2A,SNCA,EEF1A1,RPL13,HLA-E
MT2A,SNCA,SIAH2,UBE2D3,IL17RA,IL17RE
MT2A,SNCA,VAMP2,RHOG
MT2A,SNCA,VAMP2,RHOG,KLRC3
MT2A,SNCA,AKT1,VHL
MT2A,SNCA,PRKCD,H1-5,IPCEF1
MT2A,SNCA,HNRNPH1,MSI2,KCNJ12
MT2A,SNCA,HSPH1,PARVA
MT2A,SNCA,DNAAF2,SNAP91,MASP1,C4B
MT2A,SNCA,VAMP2,RHOG,MTNR1A
MT2A,SNCA,PRKCA,AKAP5
MT2A,SNCA,PRKCD,H1-5,IL2RB
MT2A,SNCA,VAMP2,RHOG,RAP2A
MT2A,SNCA,PRKCA,AKAP5
MT2A,SNCA,ER stress,QRICH1,NCAM1
MT2A,SNCA,HSPA1B,MATR3,TUSC3
MT2A,SNCA,GNB2,PFDN2,CXCR5
MT2A,SNCA,AKT1,VHL
MT2A,SNCA,CALM3,TRPV6
MT2A,SNCA,VAMP2,RHOG
MT2A,SNCA,AKT1,VHL
MT2A,SNCA,GNB2,PFDN2,LTB4R
MT2A,SNCA,VAMP2,RHOG,SLC33A1
MT2A,SNCA,ACTB,SMARCA4,SLC22A12
MT2A,SNCA,HSPH1,PARVA
MT2A,SNCA,SRC,CRMP1,SLC9A3R2
MT2A,SNCA,HSPA1B,MATR3,SDCBP2
MT2A,SNCA,VAMP2,RHOG,DLGAP4
MT2A,SNCA,HSP90AA1,NR3C2,AVPR1B
MT2A,SNCA,HSPA1B,MATR3,CIB1
MT2A,SNCA,GNB2,PFDN2,VIPR2
MT2A,SNCA,H1-2,TTN,OPRPN,SLC5A4
MT2A,SNCA,PRKCD,H1-5,LPAR2
MT2A,SNCA,ACTB,SMARCA4,DLL1
MT2A,SNCA,DYNC1H1,RPGRIP1L
MT2A,SNCA,APP,NOTCH4
MT2A,SNCA,ER stress,QRICH1,DLG3
MT2A,SNCA,HNRNPH1,MSI2,LYPD6B
MT2A,SNCA,VAMP2,RHOG,ACE2
MT2A,SNCA,VAMP2,RHOG,PLEKHA1
MT2A,SNCA,VAMP2,RHOG,TXNDC11,DUOX2,DUOXA2
MT2A,SNCA,SRC,CRMP1,SCARA5
MT2A,SNCA,PRKCD,H1-5,SLC2A3
MT2A,SNCA,GNB2,PFDN2,XRN1
MT2A,SNCA,GNB2,PFDN2,NFX1
MT2A,SNCA,CALM3,TRPV6
MT2A,SNCA,SIAH2,UBE2D3,CARD9
MT2A,SNCA,FYN,SLC4A8
MT2A,SNCA,VAMP2,RHOG,KLKB1
MT2A,SNCA,AKT1,VHL
MT2A,SNCA,CALM3,TRPV6
MT2A,SNCA,PRKCA
MT2A,SNCA,VAMP2,RHOG,PLSCR4
MT2A,SNCA,APP,NOTCH4
MT2A,SNCA,SRC,CRMP1,ZDHHC20
MT2A,SNCA,APP,NOTCH4
MT2A,SNCA,VAMP2,RHOG,OR52I1
MT2A,SNCA,VAMP2,RHOG,RASA4
MT2A,SNCA,VAMP2,RHOG,SLC22A4,SLC5A6
MT2A,SNCA,YWHAQ,KSR1,FCRL5
MT2A,SNCA,SIAH2,UBE2D3,NEURL1
MT2A,SNCA,H1-2,TTN,STK17B
MT2A,SNCA,LYN,PKP4
MT2A,SNCA,GNB2,PFDN2,HTR1F
MT2A,SNCA,CALM3,TRPV6
MT2A,SNCA,SIAH2,UBE2D3,MYCBP2
MT2A,SNCA,PRKCA,AKAP5
MT2A,SNCA,AKT1,VHL
MT2A,SNCA,PRKCD,H1-5,CLDN18
MT2A,SNCA,HSPA8,PRKAG3,GSDMA
MT2A,SNCA,EEF1A1,RPL13,TMC2
MT2A,SNCA,AKT1,VHL
MT2A,SNCA,HSPA1B,MATR3,SLC32A1
MT2A,SNCA,SRC,CRMP1,TLR7
MT2A,SNCA,GNB2,PFDN2,TSPAN33
MT2A,SNCA,NTRK2,FRS2,CERCAM
MT2A,SNCA,SIAH2,UBE2D3
MT2A,SNCA,VAMP2,RHOG,ANO10
MT2A,SNCA,SIAH2,UBE2D3
MT2A,SNCA,SIAH2,UBE2D3,UBAC1
MT2A,SNCA,GNB2,PFDN2,XPC
MT2A,SNCA,VAMP2,RHOG,EHD1
MT2A,SNCA,FYN,SLC4A8
MT2A,SNCA,ER stress,QRICH1,COMT,SLC35A4,SLC13A4
MT2A,SNCA,GNB2,PFDN2,MYO1A
MT2A,SNCA,VAMP2,RHOG,LRRC4C
MT2A,SNCA,RAB8A,EXOC8
MT2A,SNCA,HNRNPH1,MSI2,KCNA1
MT2A,SNCA,VAMP2,RHOG,VRK2,CHRNB2
MT2A,SNCA,HNRNPH1,MSI2,RP2
MT2A,SNCA,HSPA1B,MATR3,SLC30A4
MT2A,SNCA,HSPA1B,MATR3,GPC6
MT2A,SNCA,HSPA5,LOC102723407,PXK
MT2A,SNCA,VAMP2,RHOG,TNKS1BP1
MT2A,SNCA,PRKCA,AKAP5
MT2A,SNCA,PRKCA,AKAP5
MT2A,SNCA,GNB2,PFDN2,ADCY2
MT2A,SNCA,HSPA1B,MATR3,C3orf52
MT2A,SNCA,FYN,SLC4A8
MT2A,SNCA,CALM3,TRPV6
MT2A,SNCA,RAB3A,RAB3D
MT2A,SNCA,SEPTIN4,SEPTIN12,PCDHGC4
MT2A,SNCA,VAMP2,RHOG,PLEKHF2,GPBP1
MT2A,SNCA,GNB2,PFDN2,GPC1
MT2A,SNCA,DYNC1H1,RPGRIP1L
MT2A,SNCA,AKT1,VHL
MT2A,SNCA,HNRNPH1,MSI2,SDC3
MT2A,SNCA,LYN,PKP4
MT2A,SNCA,USP9X,SMAD2,DLL4
MT2A,SNCA,YWHAZ,HDAC9,PVR
MT2A,SNCA,ACTB,SMARCA4,ANKRD20A1
MT2A,SNCA,GNB2,PFDN2,ADGRG5
MT2A,SNCA,VAMP2,RHOG,TENM3
MT2A,SNCA,EEF1A1,RPL13,PRR3
MT2A,SNCA,GNB2,PFDN2,MRAS
MT2A,SNCA,SNAP25
MT2A,SNCA,LYN,PKP4,ADGRA3
MT2A,SNCA,RAB8A,EXOC8,CEP295
MT2A,SNCA,VAMP2,RHOG,STOM,STOML1
MT2A,SNCA,EEF1A1,RPL13,MUC12
MT2A,SNCA,YWHAQ,KSR1,ITGA8
MT2A,SNCA,SRC,CRMP1,SLC2A5
MT2A,SNCA,GNB2,PFDN2,GNB3
MT2A,SNCA,HSPA1B,MATR3,CHMP2B
MT2A,SNCA,NTRK2,FRS2
MT2A,SNCA,ER stress,QRICH1
MT2A,SNCA,HSPA1B,MATR3,FMN1
MT2A,SNCA,PRKCA,AKAP5
MT2A,SNCA,CALM3,TRPV6
MT2A,SNCA,EEF1A1,RPL13,PCDH11Y
MT2A,SNCA,GNB2,PFDN2,RXFP3
MT2A,SNCA,GNB2,PFDN2,CD209
MT2A,SNCA,NTRK2,FRS2
MT2A,SNCA,SIAH2,UBE2D3,POMC,MC3R
MT2A,SNCA,SIAH2,UBE2D3
MT2A,SNCA,VAMP2,RHOG,GRAMD1B
MT2A,SNCA,AKT1,VHL
MT2A,SNCA,EEF1A1,RPL13,SHANK1
MT2A,SNCA,GNB2,PFDN2,CCKAR
MT2A,SNCA,AKT1,VHL
MT2A,SNCA,SRC,CRMP1,CAPNS2
MT2A,SNCA,VAMP2,RHOG,ATP11A
MT2A,SNCA,HNRNPH1,MSI2,DLGAP3
MT2A,SNCA,GNB2,PFDN2,HTR1B
MT2A,SNCA,FYN,SLC4A8
MT2A,SNCA,HSPA1B,MATR3,ADAM12
MT2A,SNCA,VAMP2,RHOG,ADIPOR1
MT2A,SNCA,AKT1,VHL
MT2A,SNCA,SRC,CRMP1,CHRNB1
MT2A,SNCA,VAMP2,RHOG,FMNL1
MT2A,SNCA,GNB2,PFDN2,ADORA1
MT2A,SNCA,EEF1A1,RPL13,RSC1A1
MT2A,SNCA,PRKCE
MT2A,SNCA,RAB8A,EXOC8,WNT6
MT2A,SNCA,GNB2,PFDN2,KISS1R
MT2A,SNCA,HSPA1B,MATR3,IL17RD
MT2A,SNCA,GNB2,PFDN2,COMMD4
MT2A,SNCA,AKT1,VHL
MT2A,SNCA,LYN,PKP4,CNGA3
MT2A,SNCA,VAMP2,RHOG,USH1C,CDHR2
MT2A,SNCA,FYN,SLC4A8
MT2A,SNCA,HSPA9,AQP12B,AQP10
MT2A,SNCA,FYN,SLC4A8
MT2A,SNCA,HSPA1B,MATR3,MYO7A,RPE65
MT2A,SNCA,PRKCD,H1-5,RPL36A-HNRNPH2
MT2A,SNCA,AKT1,VHL
MT2A,SNCA,SIAH2,UBE2D3,LIMS1
MT2A,SNCA,VAMP2,RHOG,LYPD6
MT2A,SNCA,NTRK2,FRS2
MT2A,SNCA,HSPA1B,MATR3,BFSP2
MT2A,SNCA,GNB2,PFDN2,ASPH
MT2A,SNCA,VAMP2,RHOG,SNX4
MT2A,SNCA,ER stress,QRICH1,MAGI2
MT2A,SNCA,RAB8A,EXOC8,LRRC8C
MT2A,SNCA,VAMP2,RHOG,FNDC3A,OR6T1
MT2A,SNCA,VAMP2,RHOG,CACNB4
MT2A,SNCA,HSPA1B,MATR3,IGDCC4
MT2A,SNCA,GNB2,PFDN2,RGS13
MT2A,SNCA,HSPA1B,MATR3,CDH23,PCDH15
MT2A,SNCA,AKT1,VHL
MT2A,SNCA,CALM3,TRPV6
MT2A,SNCA,VAMP2,RHOG,MUC20
MT2A,SNCA,AKT1,VHL,SLC44A1
MT2A,SNCA,VAMP2,RHOG,LRRC4
MT2A,SNCA,HSPA1B,MATR3,PARM1
MT2A,SNCA,VAMP2,RHOG,ANTXR2
MT2A,SNCA,VAMP2,RHOG,GIMAP5,MS4A14
MT2A,SNCA,GSK3B,SMARCA2,GUCY2C
MT2A,SNCA,AKT1,VHL
MT2A,SNCA,PRKCD,H1-5,PCDHGA3
MT2A,SNCA,NTRK2,FRS2
MT2A,SNCA,VAMP2,RHOG,ATP7B
MT2A,SNCA,LRRK2,ZC3H15,CYP2C18
MT2A,SNCA,FYN,SLC4A8
MT2A,SNCA,VAMP2,RHOG
MT2A,SNCA,PRKCE,SERPINB9,IFITM5
MT2A,SNCA,HSPA1B,MATR3,LGALS4
MT2A,SNCA,APP,NOTCH4
MT2A,SNCA,VAMP2,RHOG,TMPRSS11B,SLC39A3
MT2A,SNCA,TOMM20,MIA3,COA6
MT2A,SNCA,GNB2,PFDN2,ETS2
MT2A,SNCA,RAB8A,EXOC8
MT2A,SNCA,DNAJB1,PTPN18,AGPAT2
MT2A,SNCA,HNRNPH1,MSI2,CAPN10
MT2A,SNCA,DNAAF2,SNAP91,CHL1,CNTN6
MT2A,SNCA,RAB8A,EXOC8
MT2A,SNCA,EEF1A1,RPL13,DSCAM
MT2A,SNCA,SRC,CRMP1,RXFP1
MT2A,SNCA,HSPA1B,MATR3,ADRA2C
MT2A,SNCA,EEF1A1,RPL13,ABCC9
MT2A,SNCA,SLC6A3,NEDD4,SLC22A6
MT2A,SNCA,ER stress,QRICH1,ATP1A3,ATP1B4
MT2A,SNCA,RAB8A,EXOC8
MT2A,SNCA,PRKCA,AKAP5
MT2A,SNCA,CALM3,TRPV6
MT2A,SNCA,PRKCA,AKAP5
MT2A,SNCA,SLC6A2
MT2A,SNCA,ABL1,NAA25,CATSPER1
MT2A,SNCA,VAMP2,RHOG,XKR3
MT2A,SNCA,SIAH2,UBE2D3,NT5E
MT2A,SNCA,PRKCA,AKAP5
MT2A,SNCA,AKT1,VHL
MT2A,SNCA,HSPA1B,MATR3,ITGAE
MT2A,SNCA,HNRNPH1,MSI2,ACTN3
MT2A,SNCA,YWHAQ,KSR1,SELP
MT2A,SNCA,LRRK2,ZC3H15,ORMDL3
MT2A,SNCA,PRKCA,AKAP5
MT2A,SNCA,SNAP25,SYT3
MT2A,SNCA,VAMP2,RHOG
MT2A,SNCA,AKT1,VHL
MT2A,SNCA,VAMP2,RHOG,CHP2,SLC9A2
MT2A,SNCA,HSPA1B,MATR3,RALGPS1
MT2A,SNCA,AKT1,VHL
MT2A,SNCA,GNB2,PFDN2,PPP2R2D,GPC5
MT2A,SNCA,HNRNPH1,MSI2,GRIN2D
MT2A,SNCA,PRKCE,SERPINB9,TLN2
MT2A,SNCA,VAMP2,RHOG,PTPRS
MT2A,SNCA,AKT1,VHL
MT2A,SNCA,HSPA1B,MATR3,B2M,KIR2DL3
MT2A,SNCA,HSPA1B,MATR3,TMEFF1
MT2A,SNCA,HSPA1B,MATR3,SIGLEC7
MT2A,SNCA,H1-2,TTN,CROCC
MT2A,SNCA,SRC,CRMP1,PDE6C
MT2A,SNCA,GNB2,PFDN2,S1PR2
MT2A,SNCA,SRC,CRMP1,GLRA3
MT2A,SNCA,AKT1,VHL
MT2A,SNCA,DNAAF2,SNAP91,SLC17A5
MT2A,SNCA,GNB2,PFDN2,SLC25A11
MT2A,SNCA,VAMP2,RHOG,ELMO1
MT2A,SNCA,SRC,CRMP1,RTN4RL2
MT2A,SNCA,HSPA5,LOC102723407,SLC38A6
MT2A,SNCA,YWHAQ,KSR1,KLRK1,RAET1L
MT2A,SNCA,SRC,CRMP1,CD27
MT2A,SNCA,HSPA1B,MATR3,TAX1BP3
MT2A,SNCA,LYN,PKP4
MT2A,SNCA,EEF1A1,RPL13,CEP112
MT2A,SNCA,SIAH2,UBE2D3
MT2A,SNCA,HSPA1B,MATR3,CLCA1
MT2A,SNCA,ER stress,QRICH1,PCDHGB5
MT2A,SNCA,EEF1A1,RPL13,CPNE4
MT2A,SNCA,HSPA1B,MATR3,IL1RL2
MT2A,SNCA,LRRK2,ZC3H15,SLC22A2
MT2A,SNCA,HNRNPH1,MSI2,LRPAP1
MT2A,SNCA,HSPA1B,MATR3,MSMO1
MT2A,SNCA,HSP90AA1,NR3C2,GFRA2
MT2A,SNCA,AKT1,VHL
MT2A,SNCA,USP9X,SMAD2,SEMA4A
MT2A,SNCA,GSK3B,SMARCA2,ADM,RAMP2
MT2A,SNCA,VAMP2,RHOG,BORCS5
MT2A,SNCA,DCLK1,TIAM1,CCKBR
MT2A,SNCA,APLP1,APLP2
MT2A,SNCA,VAMP2,RHOG,GPRC5A
MT2A,SNCA,VAMP2,RHOG,PIEZO1
MT2A,SNCA,PRKCD,H1-5,CARD14
MT2A,SNCA,LYN,PKP4
MT2A,SNCA,AKT1,VHL
MT2A,SNCA,HSPA1B,MATR3,CD1B
MT2A,SNCA,USP9X,SMAD2,PXDNL
MT2A,SNCA,SRC,CRMP1,LRRN1
MT2A,SNCA,VAMP2,RHOG,EXOC7
MT2A,SNCA,HSPA1B,MATR3,KLRD1
MT2A,SNCA,AKT1,VHL
MT2A,SNCA,HSPA1B,MATR3,TBC1D3G
MT2A,SNCA,APP,NOTCH4
MT2A,SNCA,PRKCA,AKAP5
MT2A,SNCA,SRC,CRMP1,TNFRSF4,TNFSF4
MT2A,SNCA,SIAH2,UBE2D3
MT2A,SNCA,ACTB,SMARCA4,RNASEK
MT2A,SNCA,GNB2,PFDN2,PTGER1
MT2A,SNCA,EEF1A1,RPL13,OPN1LW
MT2A,SNCA,MAP1LC3B,TBC1D25,IFNGR2
MT2A,SNCA,DNAAF2,SNAP91,GFI1B
MT2A,SNCA,RAB8A,EXOC8
MT2A,SNCA,PRKCA,AKAP5
MT2A,SNCA,PRKCD,H1-5,PLXNB3
MT2A,SNCA,ACTB,SMARCA4,PCDHAC1
MT2A,SNCA,ACTB,SMARCA4,DYSF
MT2A,SNCA,AKT1,VHL,LDB2
MT2A,SNCA,HNRNPH1,MSI2,KCNJ2
MT2A,SNCA,CALM3,TRPV6,ADCYAP1,ADCYAP1R1
MT2A,SNCA,SIAH2,UBE2D3
MT2A,SNCA,KLK6,ERICH3,A1BG
MT2A,SNCA,VAMP2,RHOG,RER1
MT2A,SNCA,VAMP2,RHOG,TMEM219
MT2A,SNCA,VAMP2,RHOG,BTN3A3
MT2A,SNCA,SRC,CRMP1,CD8A,CD8B
MT2A,SNCA,PRKCD,H1-5,C5AR2
MT2A,SNCA,VAMP2,RHOG,NRG1
MT2A,SNCA,HSPA1B,MATR3,IL31RA
MT2A,SNCA,ER stress,QRICH1
MT2A,SNCA,YWHAZ,HDAC9,KCNC3
MT2A,SNCA,PRKCE,SERPINB9,MPO,APCDD1
MT2A,SNCA,APP,NOTCH4
MT2A,SNCA,HSPA1B,MATR3,PCDHB2
MT2A,SNCA,HNRNPH1,MSI2,ASIC3
MT2A,SNCA,SNAP25,SYT3
MT2A,SNCA,EEF1A1,RPL13,GPR55
MT2A,SNCA,FYN,SLC4A8,PCDHGA6
MT2A,SNCA,EEF1A1,RPL13,ANPEP
MT2A,SNCA,RAB3A
MT2A,SNCA,HSPA1B,MATR3,SERPINE1
MT2A,SNCA,VAMP2,RHOG
MT2A,SNCA,HSPA1B,MATR3,SELENOK
MT2A,SNCA,DYNC1H1,RPGRIP1L
MT2A,SNCA,VAMP2,RHOG,CRACR2A
MT2A,SNCA,YWHAH,CCDC6,ADCY4
MT2A,SNCA,VAMP2,RHOG,PLXNC1
MT2A,SNCA,HNRNPH1,MSI2,P2RY1
MT2A,SNCA,RAB8A,EXOC8,PLPPR1
MT2A,SNCA,GNB2,PFDN2,PDE6B
MT2A,SNCA,VAMP2,RHOG,ABCB10,KCNK1
MT2A,SNCA,HSPA1B,MATR3,CD109
MT2A,SNCA,CALM3,TRPV6
MT2A,SNCA,AKT1,VHL
MT2A,SNCA,PRKCE,SERPINB9,SYT9
MT2A,SNCA,SNAP25,SYT3
MT2A,SNCA,EEF1A1
MT2A,SNCA,EEF1A1,RPL13,ECE1
MT2A,SNCA,EEF1A1,RPL13,SLC25A13
MT2A,SNCA,VAMP2,RHOG,DSG4
MT2A,SNCA,MAP1LC3A,MAVS,ZDHHC4
MT2A,SNCA,GNB2,PFDN2,CNR2
MT2A,SNCA,HSPA1B,MATR3,ASIC1
MT2A,SNCA,EEF1A1,RPL13,LDLR
MT2A,SNCA,VAMP2,RHOG
MT2A,SNCA,PRKCA,AKAP5
MT2A,SNCA,PRKCE,SERPINB9,CD151
MT2A,SNCA,HSPA1B,MATR3,SHC2
MT2A,SNCA,LRRK2,ZC3H15,SCHIP1
MT2A,SNCA,ABL1,NAA25,CATSPER1,CACNA1I,CATSPER2
MT2A,SNCA,LRRK2,ZC3H15,SLC34A2
MT2A,SNCA,AKT1,VHL
MT2A,SNCA,HSPA1B,MATR3,ABCA1
MT2A,SNCA,RAB8A,EXOC8
MT2A,SNCA,FYN,SLC4A8
MT2A,SNCA,GNB2,PFDN2,PRPF3,ZGPAT
MT2A,SNCA,HSPA1B,MATR3,ULBP3
MT2A,SNCA,EEF1A1,RPL13,CLCA2
MT2A,SNCA,RAB8A,EXOC8
MT2A,SNCA,AKT1,VHL
MT2A,SNCA,EEF1A1,RPL13,RASSF3
MT2A,SNCA,PRKCA,AKAP5
MT2A,SNCA,VAMP2,RHOG,HTR1A
MT2A,SNCA,PRKCA,AKAP5
MT2A,SNCA,NTRK2,FRS2
MT2A,SNCA,AKT1,VHL
MT2A,SNCA,PPP3CA,PARD3B,PHLDB2
MT2A,SNCA,VAMP2,RHOG,LRIG1
MT2A,SNCA,SNAP25,SYT3
MT2A,SNCA,HSPA1B,MATR3,ALDH3A1
MT2A,SNCA,FYN,SLC4A8
MT2A,SNCA,NTRK2,FRS2
MT2A,SNCA,GSK3B,SMARCA2,CNTNAP1
MT2A,SNCA,VAMP2,RHOG
MT2A,SNCA,EEF1A1,RPL13,NEU4
MT2A,SNCA,SNCAIP,KALRN,FHOD3
MT2A,SNCA,VAMP2,RHOG,MPDZ,OR1D2
MT2A,SNCA,HSPA1B,MATR3,BMPR1B
MT2A,SNCA,FYN,SLC4A8
MT2A,SNCA,VAMP2,RHOG,MOSPD2
MT2A,SNCA,USP9X,SMAD2,ABHD17B
MT2A,SNCA,GNB2,PFDN2,AP1M2,ATRN
MT2A,SNCA,GNB2,PFDN2,PDCD10
MT2A,SNCA,AKT1,VHL
MT2A,SNCA,SIAH2,UBE2D3
MT2A,SNCA,ACTB,SMARCA4,NCR3LG1
MT2A,SNCA,YWHAQ,KSR1,ARRDC2
MT2A,SNCA,CALM3,TRPV6
MT2A,SNCA,HSPA5,LOC102723407,PCDHGA10
MT2A,SNCA,GNB2,PFDN2,NTSR1
MT2A,SNCA,FYN,SLC4A8
MT2A,SNCA,EEF1A1,RPL13,RRP12
MT2A,SNCA,SRC,CRMP1,HCRTR1
MT2A,SNCA,HSPA1B,MATR3,EEPD1
MT2A,SNCA,HSPA1B,MATR3,TMPRSS11D
MT2A,SNCA,EEF1A1,RPL13,HLA-F
MT2A,SNCA,VAMP2,RHOG,EPN2
MT2A,SNCA,VAMP2,RHOG,RBMXL1,KCNK7
MT2A,SNCA,SNCAIP,KALRN,GRAMD1A
MT2A,SNCA,VAMP2,RHOG,F2R
MT2A,SNCA,LYN,PKP4,SLC17A2
MT2A,SNCA,AKT1,VHL
MT2A,SNCA,EEF1A1,RPL13,CPNE1
MT2A,SNCA,HSPA1B,MATR3,PTPRH
MT2A,SNCA,VAMP2,RHOG,FRMPD1
MT2A,SNCA,AKT1,VHL
MT2A,SNCA,HNRNPH1,MSI2,SLC6A12
MT2A,SNCA,SIAH2,UBE2D3,IL17RA,IL17RE
MT2A,SNCA,HSPA1B,MATR3,TBC1D3B
MT2A,SNCA,NTRK2,FRS2
MT2A,SNCA,APP,NOTCH4
MT2A,SNCA,LYN,PKP4,ADGRA1
MT2A,SNCA,VAMP2,RHOG,MARCHF2
MT2A,SNCA,APLP1,APLP2
MT2A,SNCA,SIAH2,UBE2D3,IFNAR1
MT2A,SNCA,VAMP2,RHOG
MT2A,SNCA,VAMP2,RHOG
MT2A,SNCA,VAMP2,RHOG,GMIP
MT2A,SNCA,FYN,SLC4A8
MT2A,SNCA,AKT1,VHL
MT2A,SNCA,VAMP2,RHOG,SLC26A11
MT2A,SNCA,ACTB,SMARCA4,TSHR
MT2A,SNCA,EEF1A1,RPL13,PRRG2
MT2A,SNCA,PRKCA,AKAP5
MT2A,SNCA,STX1A,RNF40,PON2
MT2A,SNCA,APP,NOTCH4
MT2A,SNCA,VAMP2,RHOG,CHP2,SLC9A2
MT2A,SNCA,LRRK2,ZC3H15,PLA2R1
MT2A,SNCA,GNB2,PFDN2,GNAT2
MT2A,SNCA,VAMP2,RHOG,SNX30
MT2A,SNCA,ACTB,SMARCA4,PCDHB16,SLC39A11
MT2A,SNCA,HSPA1B,MATR3,DNAL4
MT2A,SNCA,EEF1A1,RPL13,PCDHA4
MT2A,SNCA,APP,NOTCH4
MT2A,SNCA,USP9X,SMAD2,NPC1
MT2A,SNCA,HSPA1B,MATR3,BOC
MT2A,SNCA,HSPA1B,MATR3,MPDU1,SYNGR1
MT2A,SNCA,DCLK1,TIAM1
MT2A,SNCA,VAMP2,RHOG,SLC7A1
MT2A,SNCA,VAMP2,RHOG,ARHGAP5
MT2A,SNCA,APP,NOTCH4
MT2A,SNCA,HSPA1B,MATR3,IL1RAP
MT2A,SNCA,VAMP2,RHOG
MT2A,SNCA,SRC,CRMP1,ADGRG1
MT2A,SNCA,VAMP2,RHOG,ACE2,SLC6A19
MT2A,SNCA,VAMP2,RHOG,VANGL1
MT2A,SNCA,PPP3CA,PARD3B,NOTCH2NLC,KCNS2
MT2A,SNCA,GSK3B,SMARCA2,SLC39A1
MT2A,SNCA,SNAP25,SYT3
MT2A,SNCA,EEF1A1,RPL13,DXO
MT2A,SNCA,NTRK2,FRS2,SULF1
MT2A,SNCA,VAMP2,RHOG,JAG1
MT2A,SNCA,GNB2,PFDN2,RIC8B
MT2A,SNCA,PRKCA,AKAP5
MT2A,SNCA,PRKCD,H1-5,IL7R
MT2A,SNCA,YWHAQ,KSR1,TNFRSF11A
MT2A,SNCA,ACTB,SMARCA4,ATP8B3
MT2A,SNCA,HSPA4,TRIAP1,C8A
MT2A,SNCA,VAMP2,RHOG,DLK1,SLC16A2
MT2A,SNCA,VAMP2,RHOG
MT2A,SNCA,RAB3A,RAB3D
MT2A,SNCA,YWHAQ,KSR1,MARCO
MT2A,SNCA,YWHAQ,KSR1,PLCD3
MT2A,SNCA,HSPA1B,MATR3,FLRT1
MT2A,SNCA,GNB2,PFDN2,HCRTR2
MT2A,SNCA,EEF1A1,RPL13,OR4N2
MT2A,SNCA,ER stress,QRICH1,COMT
MT2A,SNCA,PRKCA,AKAP5,MDGA1
MT2A,SNCA,ARSA,ZBTB43,ADAM32
MT2A,SNCA,EEF1A1,RPL13,LRRC53
MT2A,SNCA,FYN,SLC4A8
MT2A,SNCA,HSPA1B,MATR3,TIRAP,TNFSF9
MT2A,SNCA,HSPA1B,MATR3,ABCA4,CNGB1
MT2A,SNCA,SRC,CRMP1,ADRB3
MT2A,SNCA,ACTB,SMARCA4,CDH4
MT2A,SNCA,VAMP2,RHOG,RASL10A
MT2A,SNCA,EEF1A1,RPL13,SEZ6
MT2A,SNCA,FYN,SLC4A8
MT2A,SNCA,HSP90AA1,NR3C2,TRPC7
MT2A,SNCA,VAMP2,RHOG,ANXA3
MT2A,SNCA,ER stress,QRICH1
MT2A,SNCA,SRC,CRMP1,CD1D
MT2A,SNCA,GNB2,PFDN2,GRIA3
MT2A,SNCA,VAMP2,RHOG,PLPP4
MT2A,SNCA,NTRK2,FRS2
MT2A,SNCA,VAMP2,RHOG,VLDLR
MT2A,SNCA,GNB2,PFDN2,SLC1A2
MT2A,SNCA,GNB2,PFDN2,ACVR1
MT2A,SNCA,HSPA1B,MATR3,F9
MT2A,SNCA,ER stress,QRICH1,TXNDC12,GABRQ
MT2A,SNCA,AKT1,VHL
MT2A,SNCA,RAB8A,EXOC8
MT2A,SNCA,YWHAQ,KSR1,AKTIP
MT2A,SNCA,FYN,SLC4A8
MT2A,SNCA,ER stress,QRICH1
MT2A,SNCA,ACTB,SMARCA4,PCDHGB4
MT2A,SNCA,VAMP2,RHOG,SMO,PTCH2
MT2A,SNCA,HSPA1B,MATR3,HIC2
MT2A,SNCA,DNAAF2,SNAP91,PDAP1
MT2A,SNCA,DNAAF2,SNAP91,NRG2
MT2A,SNCA,VAMP2,RHOG,USH1C
MT2A,SNCA,RAB8A,EXOC8,PSENEN
MT2A,SNCA,LYN,PKP4
MT2A,SNCA,YWHAZ,HDAC9,PDZD2
MT2A,SNCA,FYN,SLC4A8
MT2A,SNCA,VAMP2,RHOG,FCGR1A
MT2A,SNCA,VAMP2,RHOG,NOX1
MT2A,SNCA,AKT1,VHL
MT2A,SNCA,YWHAZ,HDAC9,SLC27A1
MT2A,SNCA,VAMP2,RHOG
MT2A,SNCA,HSP90AA1,NR3C2,CHRNB3
MT2A,SNCA,NTRK2,FRS2
MT2A,SNCA,SIAH2,UBE2D3,WLS,WNT7B
MT2A,SNCA,VAMP2,RHOG,ARHGAP18
MT2A,SNCA,HNRNPH1,MSI2,CHRNG
MT2A,SNCA,SIAH2,UBE2D3
MT2A,SNCA,FYN,SLC4A8
MT2A,SNCA,NTRK2,FRS2,GRID2
MT2A,SNCA,FYN,SLC4A8,MUC17
MT2A,SNCA,VAMP2,RHOG
MT2A,SNCA,VAMP2,RHOG
MT2A,SNCA,VAMP2,RHOG
MT2A,SNCA,VAMP2,RHOG,PCDHGB1
MT2A,SNCA,PRKCE,SERPINB9,GABRB2
MT2A,SNCA,NTRK2,FRS2
MT2A,SNCA,DNAAF2,SNAP91,NEU3
MT2A,SNCA,PRKCA,AKAP5
MT2A,SNCA,CALM3,TRPV6
MT2A,SNCA,STX1A,RNF40,PCSK6
MT2A,SNCA,DNAAF2,SNAP91,CYP2E1,ABCA5
MT2A,SNCA,HSP90AA1,NR3C2,BTN2A1
MT2A,SNCA,AKT1,VHL
MT2A,SNCA,NTRK2,FRS2
MT2A,SNCA,ACTB,SMARCA4,FFAR2
MT2A,SNCA,HSPA1B,MATR3,SOX11
MT2A,SNCA,CALM3,TRPV6
MT2A,SNCA,FYN,SLC4A8
MT2A,SNCA,AKT1,VHL
MT2A,SNCA,PRKCD,H1-5,IL7R,TSLP,CRLF2
MT2A,SNCA,HSPA1B,MATR3,KCNK16
MT2A,SNCA,HSPH1,PARVA
MT2A,SNCA,PRKCA,AKAP5
MT2A,SNCA,RAB8A,EXOC8,IL20RB
MT2A,SNCA,EEF1A1,RPL13,NUBP1
MT2A,SNCA,AKT1,VHL
MT2A,SNCA,VAMP2,RHOG
MT2A,SNCA,H1-2,TTN,EPB41L5
MT2A,SNCA,VAMP2,RHOG,TDP1
MT2A,SNCA,EEF1A1,RPL13,SHISA5,TVP23B,YIPF1
MT2A,SNCA,CALM3,TRPV6,CSPG5
MT2A,SNCA,SNAP25,SYT3
MT2A,SNCA,AKT1,VHL
MT2A,SNCA,EEF1A1,RPL13,ATP1B3
MT2A,SNCA,AKT1,VHL
MT2A,SNCA,VAMP2,RHOG,AQP3
MT2A,SNCA,SLC6A3,NEDD4,JAM3,JAM2
MT2A,SNCA,LYN,PKP4
MT2A,SNCA,VAMP2,RHOG,SPRED1
MT2A,SNCA,RAB8A,EXOC8
MT2A,SNCA,FYN,SLC4A8
MT2A,SNCA,VAMP2,RHOG
MT2A,SNCA,DCLK1,TIAM1
MT2A,SNCA,SRC,CRMP1,TNFRSF14
MT2A,SNCA,HSPA1B,MATR3,NKD2
MT2A,SNCA,AKT1,VHL
MT2A,SNCA,HSPA1B,MATR3,PLEKHG4B
MT2A,SNCA,RAB8A,EXOC8
MT2A,SNCA,FYN,SLC4A8
MT2A,SNCA,VAMP2,RHOG,ACE2,SLC6A19
MT2A,SNCA,LRRK2,ZC3H15,LY9
MT2A,SNCA,SRC
MT2A,SNCA,ACTB,SMARCA4,PRTG
MT2A,SNCA,PRKCA,AKAP5
MT2A,SNCA,RAB8A,EXOC8
MT2A,SNCA,AKT1,VHL
MT2A,SNCA,PRKCA,AKAP5
MT2A,SNCA,FYN,SLC4A8,TSPAN7,LHFPL5
MT2A,SNCA,APP,NOTCH4
MT2A,SNCA,DNAAF2,SNAP91,HLA-DQB1
MT2A,SNCA,LRRK2,ZC3H15,TMC3
MT2A,SNCA,SRC,CRMP1,LDLRAP1
MT2A,SNCA,GNB2,PFDN2,HTR5A
MT2A,SNCA,PRKCE,SERPINB9,P2RX4
MT2A,SNCA,ACTB,SMARCA4,WNT3A
MT2A,SNCA,DCLK1,TIAM1,BTN1A1
MT2A,SNCA,SRC,CRMP1,MLEC
MT2A,SNCA,HNRNPH1,MSI2,ADGRB1
MT2A,SNCA,GABARAPL1,AHNAK2
MT2A,SNCA,VAMP2,RHOG,PIP4K2A
MT2A,SNCA,GNB2,PFDN2,TLN1
MT2A,SNCA,GNB2,PFDN2,STING1
MT2A,SNCA,APLP1,APLP2
MT2A,SNCA,VAMP2,RHOG,PGRMC1
MT2A,SNCA,HSPA1B,MATR3,ITGA2B
MT2A,SNCA,EEF1A1,RPL13,CCNT2
MT2A,SNCA,PRKCA,AKAP5
MT2A,SNCA,GSK3B,SMARCA2,CDH17
MT2A,SNCA,EEF1A1,RPL13,PRF1
MT2A,SNCA,ACTB,SMARCA4,PSG7
MT2A,SNCA,HSPA1B,MATR3,FBP2
MT2A,SNCA,GSK3B,SMARCA2,HLA-DOA
MT2A,SNCA,AKT1,VHL
MT2A,SNCA,LRRK2,ZC3H15,SLC10A6
MT2A,SNCA,YWHAZ,HDAC9,CLEC5A
MT2A,SNCA,YWHAQ,KSR1,SLC46A1
MT2A,SNCA,GNB2,PFDN2,GHSR
MT2A,SNCA,VAMP2,RHOG,COG3
MT2A,SNCA,VAMP2,RHOG,MYLIP
MT2A,SNCA,GSK3B,SMARCA2,WNT3
MT2A,SNCA,VAMP2,RHOG,SMO,PTCH2
MT2A,SNCA,PRKCD,H1-5,ADRA1A
MT2A,SNCA,YWHAQ,KSR1,KLRK1,RAET1L
MT2A,SNCA,AKT1,VHL
MT2A,SNCA,VAMP2,RHOG,PLEKHG4
MT2A,SNCA,MAP1LC3B,TBC1D25,GABRD
MT2A,SNCA,GNB2,PFDN2,SLC38A5
MT2A,SNCA,HSPA1B,MATR3,NCKAP1L
MT2A,SNCA,AKT1,VHL
MT2A,SNCA,NTRK2,FRS2
MT2A,SNCA,HSPA1B,MATR3,GRIN2C
MT2A,SNCA,VAMP2,RHOG,ARHGEF25
MT2A,SNCA,PRKCE,SERPINB9,RECK
MT2A,SNCA,LRRK2,ZC3H15,CNNM1
MT2A,SNCA,YWHAQ,KSR1,WNT7A
MT2A,SNCA,EEF1A1,RPL13,TSC22D1
MT2A,SNCA,ACTB,SMARCA4,EPS8L1
MT2A,SNCA,SIAH2,UBE2D3,POMC,MC3R
MT2A,SNCA,YWHAZ,HDAC9,ADK
MT2A,SNCA,PRKCA,AKAP5
MT2A,SNCA,EEF1A1,RPL13,S100A10
MT2A,SNCA,AKT1,VHL
MT2A,SNCA,SNCAIP,KALRN,GPR12
MT2A,SNCA,VAMP2,RHOG,ACE2,SLC6A19
MT2A,SNCA,ACTB,SMARCA4,DTNB
MT2A,SNCA,ER stress,QRICH1,TMTC1,JPH2
MT2A,SNCA,VAMP2,RHOG,CALML3,ADH1C
MT2A,SNCA,EEF1A1,RPL13,ACHE
MT2A,SNCA,HSPA1B,MATR3,CC2D1A
MT2A,SNCA,SRC,CRMP1,DNER
MT2A,SNCA,GNB2,PFDN2,RGS5
MT2A,SNCA,VAMP2,RHOG,GRK6
MT2A,SNCA,HSPA1B,MATR3,PTPRN
MT2A,SNCA,DNAAF2,SNAP91,EHD2
MT2A,SNCA,HSPA1B,MATR3,JOSD1
MT2A,SNCA,DCLK1,TIAM1
MT2A,SNCA,SNCAIP,KALRN,SLITRK1
MT2A,SNCA,VAMP2,RHOG,ARHGEF40
MT2A,SNCA,GNB2,PFDN2,RGS18
MT2A,SNCA,LYN,PKP4
MT2A,SNCA,SLC6A3,NEDD4,TRPC1
MT2A,SNCA,ACTB,SMARCA4,SMPDL3B
MT2A,SNCA,CALM3,TRPV6
MT2A,SNCA,RAB8A,EXOC8
MT2A,SNCA,VAMP2,RHOG,NECTIN1
MT2A,SNCA,GNB2,PFDN2,FABP5
MT2A,SNCA,EEF1A1,RPL13,CD58
MT2A,SNCA,HSP90AA1,NR3C2,CHRNA5
MT2A,SNCA,CALM3,TRPV6
MT2A,SNCA,FYN,SLC4A8
MT2A,SNCA,FYN
MT2A,SNCA,HSPA1B,MATR3,SIT1
MT2A,SNCA,GNB2,PFDN2,OXTR
MT2A,SNCA,SIAH2,UBE2D3,STAG1
MT2A,SNCA,VAMP2,RHOG
MT2A,SNCA,LRRK2,ZC3H15,CACNG7
MT2A,SNCA,EEF1A1,RPL13,TGM5
MT2A,SNCA,HSPA1B,MATR3,TREML2
MT2A,SNCA,EEF1A1,RPL13,SLC11A2
MT2A,SNCA,FYN,SLC4A8,TSPAN7
MT2A,SNCA,AKT1,VHL
MT2A,SNCA,SRC,CRMP1,MYD88
MT2A,SNCA,HSPA5,LOC102723407,SLC4A4
MT2A,SNCA,VAMP2,RHOG,TIAL1,AOC1
MT2A,SNCA,RAB8A,EXOC8,RAB19
MT2A,SNCA,VAMP2,RHOG,TRAF7
MT2A,SNCA,GNB2,PFDN2,GRK3
MT2A,SNCA,RAB8A,EXOC8,PCDHGA4
MT2A,SNCA,DCLK1
MT2A,SNCA,HSP90AA1,NR3C2,LRRC8B
MT2A,SNCA,HSP90AA1,NR3C2,EFNA2
MT2A,SNCA,VAMP2,RHOG,CDK7
MT2A,SNCA,RAB8A,EXOC8,TMPRSS4
MT2A,SNCA,LYN,PKP4
MT2A,SNCA,NTRK2,FRS2
MT2A,SNCA,GNB2,PFDN2,PTGER3
MT2A,SNCA,FYN,SLC4A8
MT2A,SNCA,GNB2,PFDN2,TRHR
MT2A,SNCA,HSPA1B,MATR3,CDH9
MT2A,SNCA,VAMP2,RHOG,EHD4
MT2A,SNCA,ER stress,QRICH1,ATP1A3
MT2A,SNCA,DNAAF2,SNAP91,ABCB4
MT2A,SNCA,SRC,CRMP1,FZD3
MT2A,SNCA,CALM3,TRPV6
MT2A,SNCA,HSPA1B,MATR3,ATP1A4
MT2A,SNCA,VAMP2,RHOG,ATP6V1D
MT2A,SNCA,PRKCE,SERPINB9,ANOS1
MT2A,SNCA,PPP3CA,PARD3B,AGTR2
MT2A,SNCA,VAMP2,RHOG,PIP4K2C
MT2A,SNCA,VAMP2,RHOG,PGRMC1,CYP2C8
MT2A,SNCA,VAMP2,RHOG,RHBDF2
MT2A,SNCA,YWHAZ,HDAC9,EFR3B
MT2A,SNCA,APP,NOTCH4,SLC2A9
MT2A,SNCA,EEF1A1,RPL13,EGFL7,ADAM21
MT2A,SNCA,SIAH2,UBE2D3,ZNRF3
MT2A,SNCA,VAMP2,RHOG,FNBP1L
MT2A,SNCA,VAMP2,RHOG,RGL3
MT2A,SNCA,PRKCD,H1-5,LILRB3
MT2A,SNCA,ER stress,QRICH1,ATP1A3,ATP1B4
MT2A,SNCA,HSPA9,AQP12B,NEU1
MT2A,SNCA,AKT1,VHL
MT2A,SNCA,SNCAIP,KALRN,FILIP1
MT2A,SNCA,ER stress,QRICH1,SGIP1
MT2A,SNCA,ACTB,SMARCA4,C1orf210
MT2A,SNCA,HSPA1B,MATR3,FSHR
MT2A,SNCA,PRKCA,AKAP5
MT2A,SNCA,EEF1A1,RPL13,NPR1
MT2A,SNCA,HSPA1B,MATR3,CD40
MT2A,SNCA,ER stress,QRICH1,CCR1
MT2A,SNCA,ACTB,SMARCA4,C4BPA
MT2A,SNCA,FYN,SLC4A8
MT2A,SNCA,VAMP2,RHOG,ABCA6,ABCA8
MT2A,SNCA,GSK3B,SMARCA2,MUC2
MT2A,SNCA,ACTB,SMARCA4,CD82
MT2A,SNCA,GNB2,PFDN2,EPB41L1
MT2A,SNCA,HSPA1B,MATR3,SLC17A7
MT2A,SNCA,HSP90AA1,NR3C2,PLSCR5
MT2A,SNCA,RAB8A,EXOC8
MT2A,SNCA,PRKCA,AKAP5
MT2A,SNCA,ACTB,SMARCA4,PCDHB16
MT2A,SNCA,SRC,CRMP1,HTR3C
MT2A,SNCA,RAB8A,EXOC8
MT2A,SNCA,APP,NOTCH4
MT2A,SNCA,ACTB,SMARCA4,DRP2
MT2A,SNCA,CHMP5,ZNF91,CHMP6
MT2A,SNCA,VAMP2,RHOG,CRIM1
MT2A,SNCA,HSPA1B,MATR3,ABCA2
MT2A,SNCA,LYN,PKP4
MT2A,SNCA,CALM3,TRPV6
MT2A,SNCA,VAMP2,RHOG
MT2A,SNCA,YWHAZ,HDAC9,ARL4A
MT2A,SNCA,DNAAF2,SNAP91,ITIH4
MT2A,SNCA,HSPA1B,MATR3,TMPRSS2
MT2A,SNCA,HSPA1B,MATR3,APOA1
MT2A,SNCA,HSPA1B,MATR3,ALPP
MT2A,SNCA,HSPA1B,MATR3,FGG
MT2A,SNCA,DNAAF2,SNAP91,RAB3GAP2
MT2A,SNCA,VAMP2,RHOG,CHP2
MT2A,SNCA,VAMP2,RHOG,SELENOS
MT2A,SNCA,YWHAQ,KSR1,CHRNA3
MT2A,SNCA,ACTB,SMARCA4,GCA
MT2A,SNCA,APP,NOTCH4
MT2A,SNCA,GNB2,PFDN2,DRD3
MT2A,SNCA,HSPA1B,MATR3,KLRG1
MT2A,SNCA,HSPA1B,MATR3,KCNH7
MT2A,SNCA,RAB8A,EXOC8,RAB40C
MT2A,SNCA,AKT1,VHL
MT2A,SNCA,VAMP2,RHOG,KARS1
MT2A,SNCA,APLP1,APLP2
MT2A,SNCA,VAMP2,RHOG,SIGLECL1
MT2A,SNCA,ACTB,SMARCA4,P2RY8
MT2A,SNCA,YWHAZ,HDAC9,KCNN2
MT2A,SNCA,SRC,CRMP1,GPR3
MT2A,SNCA,ACTB,SMARCA4,PCDHB1
MT2A,SNCA,HSPA1B,MATR3,PKD1
MT2A,SNCA,VAMP2,RHOG,ATP11C
MT2A,SNCA,EEF1A1,RPL13,HTRA1
MT2A,SNCA,AKT1,VHL
MT2A,SNCA,ABL1,NAA25,CD1E
MT2A,SNCA,VAMP2,RHOG
MT2A,SNCA,VAMP2,RHOG
MT2A,SNCA,ARSA,ZBTB43,STS
MT2A,SNCA,VAMP2,RHOG,KIAA0319L
MT2A,SNCA,AKT1,VHL,NLGN4Y
MT2A,SNCA,PRKCA,AKAP5
MT2A,SNCA,GNB2,PFDN2,PRRC2A
MT2A,SNCA,H1-2,TTN,SPN
MT2A,SNCA,SRC,CRMP1,TNFRSF19
MT2A,SNCA,YWHAZ,HDAC9,TGFB3
MT2A,SNCA,EEF1A1,RPL13,CEACAM8
MT2A,SNCA,DNAAF2,SNAP91,PRKCG
MT2A,SNCA,RAB8A,EXOC8,LRIG3
MT2A,SNCA,HSPA1B,MATR3,HIPK3
MT2A,SNCA,SIAH2,UBE2D3,WLS
MT2A,SNCA,AKT1,VHL
MT2A,SNCA,AKT1,VHL
MT2A,SNCA,VAMP2,RHOG,ABCC3
MT2A,SNCA,HSPA1B,MATR3,NAIF1
MT2A,SNCA,HSPA1B,MATR3,GABA-A,CRHR2
MT2A,SNCA,VAMP2,RHOG
MT2A,SNCA,AKT1,VHL
MT2A,SNCA,YWHAQ,KSR1,STK17A
MT2A,SNCA,HSPA1B,MATR3,IL12RB1
MT2A,SNCA,STX1A
MT2A,SNCA,GNB2,PFDN2,MC2R
MT2A,SNCA,VAMP2,RHOG,TSPO2
MT2A,SNCA,DNAAF2,SNAP91,GPR37L1
MT2A,SNCA,NTRK2,FRS2
MT2A,SNCA,CLPP,DHRS4,AMACR
MT2A,SNCA,DCLK1,TIAM1
MT2A,SNCA,FYN,SLC4A8
MT2A,SNCA,HNRNPH1,MSI2,MPP2
MT2A,SNCA,VAMP2,RHOG,MUC5B
MT2A,SNCA,EEF1A1,RPL13,CCDC124
MT2A,SNCA,VAMP2,RHOG,PREX2
MT2A,SNCA,SIAH2,UBE2D3,TRIM16
MT2A,SNCA,HSPA1B,MATR3,LIFR
MT2A,SNCA,SRC,CRMP1,PLA2G4C
MT2A,SNCA,DNAAF2,SNAP91,SLC8A1
MT2A,SNCA,ACTB,SMARCA4,EPS8L3
MT2A,SNCA,EEF1A1,RPL13,ROBO3
MT2A,SNCA,HSPA5,LOC102723407,SLC3A1
MT2A,SNCA,GNB2,PFDN2,CLCN2
MT2A,SNCA,SRC,CRMP1,RXFP1,LRP12,NMRK2
MT2A,SNCA,HSPA1B,MATR3,ZNF691,FPGT,NLN
MT2A,SNCA,RAB8A,EXOC8
MT2A,SNCA,GSK3B,SMARCA2,SLC15A4
MT2A,SNCA,EEF1A1,RPL13,NAA38,NAA35
MT2A,SNCA,ER stress,QRICH1,GABBR2
MT2A,SNCA,GABARAPL1,AHNAK2
MT2A,SNCA,YWHAQ,KSR1,BTN3A1
MT2A,SNCA,EEF1A1,RPL13,GPC4
MT2A,SNCA,VAMP2,RHOG
MT2A,SNCA,VAMP2,RHOG,EHD3
MT2A,SNCA,HSPA1B,MATR3,MS4A2
MT2A,SNCA,EEF1A1,RPL13,PCDHB14
MT2A,SNCA,VAMP2,RHOG,RDH8
MT2A,SNCA,DNAAF2,SNAP91,SAT1
MT2A,SNCA,VAMP2,RHOG,CLDN3
MT2A,SNCA,EEF1A1,RPL13,BTNL2
MT2A,SNCA,VAMP2,RHOG,ENTPD2
MT2A,SNCA,HNRNPH1,MSI2,SLC1A1
MT2A,SNCA,VAMP2,RHOG,TXNDC11,DUOX2
MT2A,SNCA,CALM3,TRPV6
MT2A,SNCA,VAMP2,RHOG,LRRC8A
MT2A,SNCA,HSPA5,LOC102723407,SLC39A8
MT2A,SNCA,HSPA1B,MATR3,ANKRD2,FCMR
MT2A,SNCA,AKT1,VHL
MT2A,SNCA,SLC6A4,SNCG,HTR3E
MT2A,SNCA,VAMP2,RHOG,RAB33A
MT2A,SNCA,HSPA4,TRIAP1,SLC6A13
MT2A,SNCA,SIAH2,UBE2D3,RNF146
MT2A,SNCA,EEF1A1,RPL13,SLC2A8
MT2A,SNCA,PRKCD,H1-5,CFP,NCR1
MT2A,SNCA,PRKCA,AKAP5
MT2A,SNCA,LRRK2,ZC3H15,MIGA1
MT2A,SNCA,VAMP2,RHOG,PLPP3
MT2A,SNCA,VAMP2,RHOG
MT2A,SNCA,ACTB,SMARCA4,HPR,CD40LG
MT2A,SNCA,FYN,SLC4A8,TYROBP,TREM1
MT2A,SNCA,GNB2,PFDN2,PRPF3,ZGPAT
MT2A,SNCA,VAMP2,RHOG,LAMTOR2
MT2A,SNCA,GSK3B,SMARCA2,KNSTRN
MT2A,SNCA,VAMP2,RHOG,RTN4
MT2A,SNCA,GNB2,PFDN2,GPR52
MT2A,SNCA,HSP90AA1,NR3C2,GRM2
MT2A,SNCA,RAB8A,EXOC8
MT2A,SNCA,GSK3B,SMARCA2,CAPRIN2
MT2A,SNCA,VAMP2,RHOG,CDHR5
MT2A,SNCA,GNB2,PFDN2,SAMHD1
MT2A,SNCA,GNB2,PFDN2,CCR6
MT2A,SNCA,VAMP2,RHOG,RELT
MT2A,SNCA,HSPA1B,MATR3,PTN
MT2A,SNCA,PRKCA,AKAP5
MT2A,SNCA,AKT1,VHL
MT2A,SNCA,FYN,SLC4A8,KIRREL3
MT2A,SNCA,AKT1,VHL
MT2A,SNCA,FYN,SLC4A8
MT2A,SNCA,HSPA1B,MATR3,LPCAT2
MT2A,SNCA,NTRK2,FRS2,HFE
MT2A,SNCA,HSP90AA1,NR3C2,KCNIP2
MT2A,SNCA,ACTB,SMARCA4,MARCKSL1
MT2A,SNCA,FYN,SLC4A8
MT2A,SNCA,EEF1A1,RPL13,INPP5K
MT2A,SNCA,YWHAZ,HDAC9,KCNQ5
MT2A,SNCA,PPP3CA,PARD3B,IL6R
MT2A,SNCA,GABARAPL1,AHNAK2
MT2A,SNCA,FYN,SLC4A8
MT2A,SNCA,MAP1LC3A,MAVS,SERINC5
MT2A,SNCA,HSPA1B,MATR3,CA2
MT2A,SNCA,VAMP2,RHOG,DLK1,SLC16A2
MT2A,SNCA,NTRK2,FRS2,NTF3,NTRK3
MT2A,SNCA,VAMP2,RHOG,MPDZ
MT2A,SNCA,NTRK2,FRS2,SPINT2
MT2A,SNCA,VAMP2,RHOG,JAG2
MT2A,SNCA,DCLK1,TIAM1
MT2A,SNCA,HSPA1B,MATR3,PLXNA4
MT2A,SNCA,RAB8A,EXOC8
MT2A,SNCA,VAMP2,RHOG,TMED10
MT2A,SNCA,HSPA1B,MATR3,PLGRKT
MT2A,SNCA,GNB2,PFDN2,LILRB4
MT2A,SNCA,HSP90AA1,NR3C2,GFRA3
MT2A,SNCA,HSPA1B,MATR3,ALOX15B
MT2A,SNCA,EEF1A1,RPL13,CD9
MT2A,SNCA,YWHAZ,HDAC9,MMP16
MT2A,SNCA,SIAH2,UBE2D3,RNF144A
MT2A,SNCA,VAMP2,RHOG,METAP2
MT2A,SNCA,EEF1A1,RPL13,TMEM147
MT2A,SNCA,VAMP2,RHOG,PIK3CD
MT2A,SNCA,GNB2,PFDN2,TUB
MT2A,SNCA,VAMP2,RHOG,ATP6V1C1
MT2A,SNCA,EEF1A1,RPL13,SLC14A2
MT2A,SNCA,HSPA5,LOC102723407,GPC3
MT2A,SNCA,GNB2,PFDN2,RGS10
MT2A,SNCA,YWHAQ,KSR1,SLC22A11
MT2A,SNCA,LRRK2,ZC3H15,CDSN
MT2A,SNCA,AKT1,VHL
MT2A,SNCA,VAMP2,RHOG,CLDN1
MT2A,SNCA,HSPA1B,MATR3,ARAP1
MT2A,SNCA,EEF1A1,RPL13,SERPINB6
MT2A,SNCA,GNB2,PFDN2,MYPN
MT2A,SNCA,ER stress,QRICH1,SIGMAR1,SLC31A2
MT2A,SNCA,AKT1,VHL
MT2A,SNCA,PRKCD,H1-5,TMEM63B
MT2A,SNCA,HSPA1B,MATR3,SLC26A8
MT2A,SNCA,DNAAF2,SNAP91,P2RY11
MT2A,SNCA,EEF1A1,RPL13,SLC7A4
MT2A,SNCA,HSPA5,LOC102723407,BTBD17
MT2A,SNCA,PPP3CA,PARD3B,PLAUR
MT2A,SNCA,HSPA1B,MATR3,CERK
MT2A,SNCA,SRC,CRMP1,PTGER2
MT2A,SNCA,HSPA1B,MATR3,RAB29
MT2A,SNCA,AKT1,VHL
MT2A,SNCA,DCLK1,TIAM1,CLCN3,CNGA4
MT2A,SNCA,HSPA1B,MATR3,B2M,KIR2DL3
MT2A,SNCA,GNB2,PFDN2,MC4R
MT2A,SNCA,PPP3CA,PARD3B,GJB2
MT2A,SNCA,YWHAZ,HDAC9,PNPLA2
MT2A,SNCA,VAMP2,RHOG,SLC26A2
MT2A,SNCA,PRKCA,AKAP5
MT2A,SNCA,VAMP2,RHOG,ABHD12
MT2A,SNCA,EEF1A1,RPL13,C1QTNF7,LRFN3
MT2A,SNCA,SLC6A3,NEDD4
MT2A,SNCA,DCLK1,TIAM1
MT2A,SNCA,GNB2,PFDN2,OPCML
MT2A,SNCA,DYNC1H1,RPGRIP1L
MT2A,SNCA,VAMP2,RHOG,ACE2,SLC6A19
MT2A,SNCA,PRKCD,H1-5,CD33
MT2A,SNCA,DNAAF2,SNAP91,KCNB2
MT2A,SNCA,APP,NOTCH4,LY86,CD180
MT2A,SNCA,AKT1,VHL
MT2A,SNCA,RAB8A,EXOC8
MT2A,SNCA,LRRK2,ZC3H15,INPP5J
MT2A,SNCA,SLC6A3,NEDD4,ASIC2
MT2A,SNCA,DYNC1H1,RPGRIP1L
MT2A,SNCA,GSK3B,SMARCA2,HAUS7
MT2A,SNCA,LYN,PKP4
MT2A,SNCA,EEF1A1,RPL13,HLA-C
MT2A,SNCA,LYN,PKP4
MT2A,SNCA,RAB8A,EXOC8
MT2A,SNCA,MAP1LC3B,TBC1D25,KCNF1
MT2A,SNCA,GNB2,PFDN2,GCG
MT2A,SNCA,CHMP5,ZNF91,HHIP
MT2A,SNCA,PRKCA,AKAP5
MT2A,SNCA,HSPA4,TRIAP1,CFC1
MT2A,SNCA,ACTB,SMARCA4,ICAM5
MT2A,SNCA,APP,NOTCH4
MT2A,SNCA,AKT1,VHL
MT2A,SNCA,PRKCD,H1-5,BTLA
MT2A,SNCA,RAB3A,RAB3D
MT2A,SNCA,SNCAIP,KALRN,SLC7A14
MT2A,SNCA,DCLK1,TIAM1
MT2A,SNCA,VAMP2,RHOG,OSBPL3
MT2A,SNCA,GNB2,PFDN2,ACKR3
MT2A,SNCA,YWHAZ,HDAC9,DUOX1,DUOXA1
MT2A,SNCA,EEF1A1,RPL13,PCDHB15
MT2A,SNCA,GNB2,PFDN2,ANKRD13A
MT2A,SNCA,RAB3A,RAB3D
MT2A,SNCA,ACTB,SMARCA4,SSTR1
MT2A,SNCA,H1-2,TTN,XKRX
MT2A,SNCA,FYN,SLC4A8
MT2A,SNCA,HSPA1B,MATR3,UPK2
MT2A,SNCA,HSPA1B,MATR3,CDH15
MT2A,SNCA,HSPA1B,MATR3,GP5
MT2A,SNCA,HSPA1B,MATR3,RASGRP2
MT2A,SNCA,GNB2,PFDN2,ACVR2A
MT2A,SNCA,HNRNPH1,MSI2,TRARG1
MT2A,SNCA,GNB2,PFDN2,MAGI3
MT2A,SNCA,PPP3CA,PARD3B,FANCG
MT2A,SNCA,VAMP2,RHOG
MT2A,SNCA,PRKCD,H1-5,SMPD2
MT2A,SNCA,SNCAIP,KALRN,SERINC3
MT2A,SNCA,VAMP2,RHOG,PAK3
MT2A,SNCA,VAMP2,RHOG,LAMP1
MT2A,SNCA,ACTB,SMARCA4,CXorf38,CDHR3
MT2A,SNCA,HSPA5,LOC102723407,ERVMER34-1
MT2A,SNCA,SLC6A3,NEDD4,ABCG4
MT2A,SNCA,GNB2,PFDN2,LIN7B
MT2A,SNCA,FYN,SLC4A8
MT2A,SNCA,USP9X,SMAD2,SCN1B
MT2A,SNCA,FYN,SLC4A8
MT2A,SNCA,NTRK2,FRS2
MT2A,SNCA,GNB2,PFDN2,PTER,HYAL3
MT2A,SNCA,SIAH2,UBE2D3
MT2A,SNCA,AKT1,VHL
MT2A,SNCA,MAP1LC3B,TBC1D25,CTSF
MT2A,SNCA,VAMP2,RHOG,MCF2L
MT2A,SNCA,PRKCA,AKAP5
MT2A,SNCA,SLC6A3,NEDD4
MT2A,SNCA,DNAJB1,PTPN18,RASGEF1A
MT2A,SNCA,YWHAQ,KSR1,CELSR3
MT2A,SNCA,AKT1,VHL
MT2A,SNCA,EEF1A1,RPL13,CLNS1A
MT2A,SNCA,DYNC1H1,RPGRIP1L
MT2A,SNCA,HSPA1B,MATR3,WNK3,SLC12A4
MT2A,SNCA,HSPA1B,MATR3,GAS2L2
MT2A,SNCA,EEF1A1,RPL13,EFEMP2,SLC16A5
MT2A,SNCA,VAMP2,RHOG,SLC22A4,SLC5A6
MT2A,SNCA,APP,NOTCH4
MT2A,SNCA,GNB2,PFDN2,MTFR1
MT2A,SNCA,HSPA1B,MATR3,LPP
MT2A,SNCA,VAMP2,RHOG,CBLIF,CUBN
MT2A,SNCA,PRKCA,AKAP5
MT2A,SNCA,EEF1A1,RPL13,TMEM106A
MT2A,SNCA,AKT1,VHL,PLB1
MT2A,SNCA,RAB8A,EXOC8
MT2A,SNCA,VAMP2,RHOG,ATP10D
MT2A,SNCA,VAMP2,RHOG,CARMIL2
MT2A,SNCA,AKT1,VHL
MT2A,SNCA,VAMP2,RHOG,TMEM87A
MT2A,SNCA,AKT1,VHL
MT2A,SNCA,SIAH2,UBE2D3
MT2A,SNCA,VAMP2,RHOG,NBEAL2
MT2A,SNCA,HSPA1B,MATR3,PRG3
MT2A,SNCA,LYN,PKP4
MT2A,SNCA,DCLK1,TIAM1,APOLD1
MT2A,SNCA,DNAAF2,SNAP91,CMYA5
MT2A,SNCA,EEF1A1,RPL13,EFEMP2,SLC16A5
MT2A,SNCA,AKT1,VHL
MT2A,SNCA,EEF1A1,RPL13,ARRDC1
MT2A,SNCA,AKT1,VHL
MT2A,SNCA,HSPA1B,MATR3,DLGAP1
MT2A,SNCA,PRKCA,AKAP5
MT2A,SNCA,ACTB,SMARCA4,ATP6V0A4
MT2A,SNCA,SIAH2,UBE2D3,PTP4A3
MT2A,SNCA,HSPA1B,MATR3,TRPM7
MT2A,SNCA,H1-2,TTN,GAS8
MT2A,SNCA,AKT1,VHL
MT2A,SNCA,SNAP25,SYT3
MT2A,SNCA,GNB2,PFDN2,NPY2R
MT2A,SNCA,HSPA1B,MATR3,CLINT1
MT2A,SNCA,HSPH1,PARVA
MT2A,SNCA,RAB8A,EXOC8,TRAK2
MT2A,SNCA,GNB2,PFDN2,ADA
MT2A,SNCA,LRRK2,ZC3H15,CYP2C19
MT2A,SNCA,HSPA1B,MATR3,SLC1A5
MT2A,SNCA,LRRK2,ZC3H15,SYT17
MT2A,SNCA,MAP1LC3A,MAVS,GPNMB
MT2A,SNCA,ER stress,QRICH1
MT2A,SNCA,H1-2,TTN,SMPD3
MT2A,SNCA,GNB2,PFDN2,MRGPRD
MT2A,SNCA,HSPA1B,MATR3,PCDHA8
MT2A,SNCA,PRKCE,SERPINB9,ENG
MT2A,SNCA,SIAH2,UBE2D3,SPRY1
MT2A,SNCA,VAMP2,RHOG
MT2A,SNCA,YWHAQ,KSR1,PSG9
MT2A,SNCA,HSPA1B,MATR3,GP9
MT2A,SNCA,VAMP2,RHOG,CDC42BPB
MT2A,SNCA,FYN,SLC4A8
MT2A,SNCA,CALM3,TRPV6
MT2A,SNCA,APP,NOTCH4
MT2A,SNCA,CALM3,TRPV6
MT2A,SNCA,PRKCE,SERPINB9,SLC19A3
MT2A,SNCA,AKT1,VHL
MT2A,SNCA,DCLK1,TIAM1
MT2A,SNCA,FYN,SLC4A8
MT2A,SNCA,VAMP2,RHOG,GOLM1
MT2A,SNCA,FYN,SLC4A8
MT2A,SNCA,YWHAZ,HDAC9,RXFP2
MT2A,SNCA,AKT1,VHL
MT2A,SNCA,APP,NOTCH4
MT2A,SNCA,GNB2,PFDN2,KCNAB2
MT2A,SNCA,EEF1A1,RPL13,HLA-G,KIR2DL4
MT2A,SNCA,HSP90AA1,NR3C2,MGLL
MT2A,SNCA,HSPA1B,MATR3,DDR1
MT2A,SNCA,VAMP2,RHOG
MT2A,SNCA,RAB8A,EXOC8
MT2A,SNCA,APP,NOTCH4
MT2A,SNCA,VAMP2,RHOG,TBC1D30
MT2A,SNCA,CALM3,TRPV6
MT2A,SNCA,RAB8A,EXOC8,SYTL3
MT2A,SNCA,HSPA1B,MATR3,MELTF
MT2A,SNCA,USP9X,SMAD2,PRSS41
MT2A,SNCA,ACTB,SMARCA4,NSMF
MT2A,SNCA,VAMP2,RHOG,LAMTOR1
MT2A,SNCA,LYN,PKP4
MT2A,SNCA,HNRNPH1,MSI2,DLGAP2
MT2A,SNCA,HSPA1B,MATR3,CFAP95
MT2A,SNCA,VAMP2,RHOG,RAB17
MT2A,SNCA,EEF1A1,RPL13,CRCP
MT2A,SNCA,HSPA1B,MATR3,GP5,ADGRG6
MT2A,SNCA,CALM3,TRPV6
MT2A,SNCA,YWHAQ,KSR1,KLRK1,RAET1L
MT2A,SNCA,VAMP2,RHOG,ARHGAP21
MT2A,SNCA,VAMP2,RHOG,GPA33
MT2A,SNCA,GNB2,PFDN2,CORO1A
MT2A,SNCA,HSPA1B,MATR3,DENND2B
MT2A,SNCA,VAMP2,RHOG,COPB1
MT2A,SNCA,APP,NOTCH4
MT2A,SNCA,LYN,PKP4,JAML
MT2A,SNCA,AKT1,VHL
MT2A,SNCA,VAMP2,RHOG,PIGU
MT2A,SNCA,HSPA1B,MATR3,ABCA4
MT2A,SNCA,YWHAZ,HDAC9,SEMA4F
MT2A,SNCA,LYN,PKP4
MT2A,SNCA,EEF1A1,RPL13,SLC7A9
MT2A,SNCA,VAMP2,RHOG,CAMKV
MT2A,SNCA,LYN,PKP4
MT2A,SNCA,RAB8A,EXOC8
MT2A,SNCA,LYN,PKP4,CNGA3,CNGB3
MT2A,SNCA,YWHAQ,KSR1,GDF5
MT2A,SNCA,AKT1,VHL
MT2A,SNCA,APP,NOTCH4
MT2A,SNCA,HSPA1B,MATR3,B2M,KIR2DL3
MT2A,SNCA,HSPA1B,MATR3,CDH11
MT2A,SNCA,VAMP2,RHOG,HTR2A
MT2A,SNCA,SRC,CRMP1,GSDMD
MT2A,SNCA,SIAH2,UBE2D3,MILR1
MT2A,SNCA,SNCAIP,KALRN,CALM1
MT2A,SNCA,RAB8A,EXOC8
MT2A,SNCA,VAMP2,RHOG,APPL2
MT2A,SNCA,SRC,CRMP1,TMEM179B,SLC47A1
MT2A,SNCA,HNRNPH1,MSI2,FTO
MT2A,SNCA,VAMP2,RHOG,SELPLG
MT2A,SNCA,HSPA1B,MATR3,SH2B3
MT2A,SNCA,VAMP2,RHOG,MPDZ,OR1D2
MT2A,SNCA,HSPA1B,MATR3,RYK
MT2A,SNCA,HSPA1B,MATR3,DPP10
MT2A,SNCA,DMTN
MT2A,SNCA,GNB2,PFDN2,PPP1R13B
MT2A,SNCA,HSP90AA1,NR3C2,GFRA1
MT2A,SNCA,HSPA1B,MATR3,ARHGEF39
MT2A,SNCA,FYN,SLC4A8
MT2A,SNCA,SIAH2,UBE2D3,ABCB11
MT2A,SNCA,HNRNPH1,MSI2,ADGRB2
MT2A,SNCA,HSP90AA1,NR3C2,SSTR3
MT2A,SNCA,YWHAQ,KSR1,CA4
MT2A,SNCA,APP,NOTCH4
MT2A,SNCA,PRKCE,SERPINB9,PCDHB7
MT2A,SNCA,SIAH2,UBE2D3,MARCHF7
MT2A,SNCA,LRRK2,ZC3H15,ARL6IP5
MT2A,SNCA,GNB2,PFDN2,NMUR2
MT2A,SNCA,YWHAQ,KSR1,ALX1,OR52L1
MT2A,SNCA,NTRK2,FRS2
MT2A,SNCA,RAB8A,EXOC8
MT2A,SNCA,FYN,SLC4A8
MT2A,SNCA,VAMP2,RHOG,ELMO1,ADGRB3
MT2A,SNCA,ACTB,SMARCA4,LPL
MT2A,SNCA,HSPA1B,MATR3,CDHR4
MT2A,SNCA,DCLK1,TIAM1
MT2A,SNCA,CALM3,TRPV6
MT2A,SNCA,HSPA1B,MATR3,SLC5A5
MT2A,SNCA,HSPA1B,MATR3,SLC16A14
MT2A,SNCA,VAMP2,RHOG,TRDN
MT2A,SNCA,VAMP2,RHOG,C3AR1
MT2A,SNCA,ER stress,QRICH1,L1CAM
MT2A,SNCA,SIAH2,UBE2D3
MT2A,SNCA,GNB2,PFDN2,HINT1
MT2A,SNCA,FYN,SLC4A8
MT2A,SNCA,NTRK2,FRS2
MT2A,SNCA,SRC,CRMP1,VNN2
MT2A,SNCA,RAB8A,EXOC8
MT2A,SNCA,SRC,CRMP1,CLEC4M
MT2A,SNCA,PRKCE,SERPINB9,S1PR4
MT2A,SNCA,VAMP2,RHOG,WASHC2A
MT2A,SNCA,SRC,CRMP1,CD38
MT2A,SNCA,PRKCE,SERPINB9,KNG1
MT2A,SNCA,RAB8A,EXOC8
MT2A,SNCA,HSPA1B,MATR3,UNC5C
MT2A,SNCA,GNB2,PFDN2,MRPL58
MT2A,SNCA,VAMP2,RHOG,RHPN2
MT2A,SNCA,VAMP2,RHOG,NISCH
MT2A,SNCA,PRKCD
MT2A,SNCA,VAMP2,RHOG,PTPRO
MT2A,SNCA,SNCAIP,KALRN,F5
MT2A,SNCA,SNCAIP,KALRN,RASL12
MT2A,SNCA,FYN,SLC4A8
MT2A,SNCA,AKT1,VHL
MT2A,SNCA,LYN,PKP4,SLC10A1
MT2A,SNCA,VAMP2,RHOG,ASPSCR1
MT2A,SNCA,SIAH2,UBE2D3,SSTR4
MT2A,SNCA,ER stress,QRICH1,RNF4,BCAM
MT2A,SNCA,SRC,CRMP1,PCDHGA11
MT2A,SNCA,PRKCA,AKAP5
MT2A,SNCA,HSP90AA1,NR3C2,SLC2A13
MT2A,SNCA,GNB2,PFDN2,GPR88
MT2A,SNCA,RAB8A,EXOC8,SLC26A1
MT2A,SNCA,SRC,CRMP1,TPRA1
MT2A,SNCA,SIAH2,UBE2D3,POMC,MC3R
MT2A,SNCA,SIAH2,UBE2D3,WLS,WNT7B
MT2A,SNCA,AKT1,VHL
MT2A,SNCA,LYN,PKP4
MT2A,SNCA,RAB8A,EXOC8
MT2A,SNCA,GNB2,PFDN2,CLCN1
MT2A,SNCA,SIAH2,UBE2D3,ZNRF1
MT2A,SNCA,ARSA,ZBTB43,PCDHA3
MT2A,SNCA,VAMP2,RHOG,ADCY9
MT2A,SNCA,SIAH2,UBE2D3,IL17RA,IL17RE
MT2A,SNCA,HSPA1B,MATR3,PARVB
MT2A,SNCA,AKT1,VHL,CYBRD1
MT2A,SNCA,RAB8A,EXOC8
MT2A,SNCA,VAMP2,RHOG,SV2C
MT2A,SNCA,GSK3B,SMARCA2,OR1M1
MT2A,SNCA,ACTB,SMARCA4,KLRB1
MT2A,SNCA,RAB8A,EXOC8
MT2A,SNCA,VAMP2,RHOG,RGS12
MT2A,SNCA,VAMP2,RHOG,GBA2
MT2A,SNCA,SIAH2,UBE2D3,KLHL13,KIRREL2
MT2A,SNCA,PPP3CA,PARD3B,SNX33
MT2A,SNCA,AKT1,VHL,ANGPT1
MT2A,SNCA,VAMP2,RHOG
MT2A,SNCA,VAMP2,RHOG,ATP11B
MT2A,SNCA,VAMP2,RHOG,GORASP2,MMP15
MT2A,SNCA,GNB2,PFDN2,CNKSR2
MT2A,SNCA,SIAH2,UBE2D3
MT2A,SNCA,VAMP2,RHOG,SLC7A6
MT2A,SNCA,ACTB
MT2A,SNCA,HSPA1B,MATR3,CAVIN1
MT2A,SNCA,EEF1A1,RPL13,KIAA0319
MT2A,SNCA,CALM3,TRPV6
MT2A,SNCA,MAP1LC3B,TBC1D25,LAG3
MT2A,SNCA,PRKCA,AKAP5
MT2A,SNCA,GNB2,PFDN2,PDE6G
MT2A,SNCA,ABL1,NAA25,PRLHR
MT2A,SNCA,AKT1,VHL
MT2A,SNCA,GNB2,PFDN2,CCR5
MT2A,SNCA,YWHAQ,KSR1,RGMB
MT2A,SNCA,GNB2,PFDN2,HTR4
MT2A,SNCA,LYN,PKP4
MT2A,SNCA,VAMP2,RHOG
MT2A,SNCA,VAMP2,RHOG,MIGA2
MT2A,SNCA,AKT1,VHL
MT2A,SNCA,AKT1,VHL
MT2A,SNCA,HSPA1B,MATR3,HCN1
MT2A,SNCA,VAMP2,RHOG,USH1C,CDHR2
MT2A,SNCA,AKT1,VHL,IQCJ-SCHIP1
MT2A,SNCA,NTRK2,FRS2
MT2A,SNCA,RAB3A,RAB3D
MT2A,SNCA,GNB2,PFDN2,DRD5
MT2A,SNCA,VAMP2,RHOG,TMED7,TP53I13
MT2A,SNCA,HSPA1B,MATR3,ATAD3B
MT2A,SNCA,VAMP2,RHOG,FFAR3
MT2A,SNCA,YWHAQ,KSR1,NRXN3
MT2A,SNCA,DNAAF2,SNAP91,SPTBN4
MT2A,SNCA,LYN,PKP4
MT2A,SNCA,DNAAF2,SNAP91,TPSG1
MT2A,SNCA,VAMP2,RHOG
MT2A,SNCA,RAB8A,EXOC8,CD55
MT2A,SNCA,VAMP2,RHOG
MT2A,SNCA,EEF1A1,RPL13,TOPBP1
MT2A,SNCA,SNCAIP,KALRN,PKD2
MT2A,SNCA,CALM3,TRPV6
MT2A,SNCA,EEF1A1,RPL13,CCL1,CCR8
MT2A,SNCA,AKT1,VHL
MT2A,SNCA,EEF1A1,RPL13,ABCC4
MT2A,SNCA,MAP1LC3B,TBC1D25,CCR2
MT2A,SNCA,VAMP2,RHOG,DIRAS1
MT2A,SNCA,HSPA1B,MATR3,NPR2
MT2A,SNCA,VAMP2,RHOG,RGL4
MT2A,SNCA,MAP1LC3A,MAVS,ADIPOR2
MT2A,SNCA,VAMP2,RHOG
MT2A,SNCA,VAMP2,RHOG,ENPP5
MT2A,SNCA,SLC6A3,NEDD4,TRPC5
MT2A,SNCA,HSP90AA1,NR3C2,GPR142
MT2A,SNCA,HNRNPH1,MSI2,LRRN4
MT2A,SNCA,LRRK2,ZC3H15,GPBAR1
MT2A,SNCA,SIAH2,UBE2D3
MT2A,SNCA,HSPA1B,MATR3,TNFRSF10B
MT2A,SNCA,VAMP2,RHOG,CDC42SE2
MT2A,SNCA,HSP90AA1,NR3C2,NRCAM
MT2A,SNCA,PRKCA,AKAP5
MT2A,SNCA,VAMP2,RHOG,HMGCR,SLC24A3
MT2A,SNCA,EEF1A1,RPL13,JPH4
MT2A,SNCA,VAMP2,RHOG,FLRT2
MT2A,SNCA,HNRNPH1,MSI2,CA14
MT2A,SNCA,VAMP2,RHOG,ADCY6
MT2A,SNCA,HSP90AA1,NR3C2,ECEL1
MT2A,SNCA,PRKCD,H1-5,AVPR1A
MT2A,SNCA,GNB2,PFDN2,TSPAN15,ADGRE2
MT2A,SNCA,AKT1,VHL,SLC34A1
MT2A,SNCA,HSPA1B,MATR3,S100A12
MT2A,SNCA,AKT1,VHL
MT2A,SNCA,VAMP2,RHOG,DOCK8
MT2A,SNCA,SIAH2,UBE2D3,CD274,PDCD1
MT2A,SNCA,HNRNPH1,MSI2,PSKH1
MT2A,SNCA,CALM3,TRPV6
MT2A,SNCA,VAMP2,RHOG,PCDH11X
MT2A,SNCA,GNB2,PFDN2,BLNK
MT2A,SNCA,HSPA1B,MATR3,PNISR
MT2A,SNCA,VAMP2,RHOG,SEMA6D
MT2A,SNCA,YWHAQ,KSR1,F8
MT2A,SNCA,LYN,PKP4
MT2A,SNCA,EEF1A1,RPL13,CCDC70
MT2A,SNCA,LYN,PKP4,RAET1E
MT2A,SNCA,NTRK2,FRS2,NFASC
MT2A,SNCA,GNB2,PFDN2,ADCY1
MT2A,SNCA,GNB2,PFDN2,SLC35G1
MT2A,SNCA,GNB2,PFDN2,PRAME
MT2A,SNCA,DNAAF2,SNAP91,CRB1
MT2A,SNCA,VAMP2,RHOG,PRKAR2B
MT2A,SNCA,HSP90AA1,NR3C2,PLA2G4E
MT2A,SNCA,YWHAH,CCDC6,KCNJ10
MT2A,SNCA,GNB2,PFDN2,CNTN1
MT2A,SNCA,VAMP2,RHOG,ATP4B
MT2A,SNCA,EEF1A1,RPL13,MSRA
MT2A,SNCA,EEF1A1,RPL13,ZMAT3
MT2A,SNCA,HSP90AA1,NR3C2,GP2
MT2A,SNCA,ER stress,QRICH1,CEBPE
MT2A,SNCA,CALM3,TRPV6
MT2A,SNCA,HSPA1B,MATR3,PCDHB6
MT2A,SNCA,HSPA1B,MATR3,LILRB1
MT2A,SNCA,NTRK2,FRS2
MT2A,SNCA,VAMP2,RHOG,NECTIN3
MT2A,SNCA,LYN,PKP4
MT2A,SNCA,CALM3,TRPV6,SLC34A3
MT2A,SNCA,FYN,SLC4A8
MT2A,SNCA,APP,NOTCH4
MT2A,SNCA,FYN,SLC4A8
MT2A,SNCA,HNRNPH1,MSI2,SLC23A1
MT2A,SNCA,VAMP2,RHOG,ENDOD1,DPEP1
MT2A,SNCA,HSPA1B,MATR3,GAS7
MT2A,SNCA,EEF1A1,RPL13,SPARC
MT2A,SNCA,HSPA1B,MATR3,NLRC4
MT2A,SNCA,SIAH2,UBE2D3,NCOA1
MT2A,SNCA,SRC,CRMP1,APH1B
MT2A,SNCA,EEF1A1,RPL13,ING2
MT2A,SNCA,ACTB,SMARCA4,SLC16A9
MT2A,SNCA,CALM3,TRPV6
MT2A,SNCA,CALM3,TRPV6
MT2A,SNCA,VAMP2,RHOG,CLCN7,MCOLN3
MT2A,SNCA,AKT1,VHL,SLC14A1
MT2A,SNCA,GNB2,PFDN2,SYT2
MT2A,SNCA,VAMP2,RHOG,DOCK2
MT2A,SNCA,GNB2,PFDN2,PPP2R5A
MT2A,SNCA,APP,NOTCH4
MT2A,SNCA,LYN,PKP4
MT2A,SNCA,VAMP2,RHOG,FNTA
MT2A,SNCA,EEF1A1,RPL13,PDZD7
MT2A,SNCA,FYN,SLC4A8
MT2A,SNCA,FYN,SLC4A8
MT2A,SNCA,APP,NOTCH4
MT2A,SNCA,VAMP2,RHOG,CHP1
MT2A,SNCA,H1-2,TTN,SPAM1
MT2A,SNCA,YWHAZ,HDAC9,DUOX1
MT2A,SNCA,SNAP25,SYT3
MT2A,SNCA,YWHAQ,KSR1,CHRNA9
MT2A,SNCA,ARSA,ZBTB43,TECTA
MT2A,SNCA,LYN,PKP4
MT2A,SNCA,RAB8A,EXOC8
MT2A,SNCA,SIAH2,UBE2D3,GHR
MT2A,SNCA,PRKCA,AKAP5
MT2A,SNCA,HSP90AA1,NR3C2,PLXND1
MT2A,SNCA,LRRK2,ZC3H15,SLC16A7
MT2A,SNCA,HSPA1B,MATR3,TGM1
MT2A,SNCA,PRKCA,AKAP5
MT2A,SNCA,GNB2
MT2A,SNCA,DNAAF2,SNAP91,FZD4
MT2A,SNCA,SLC6A3,NEDD4
MT2A,SNCA,VAMP2,RHOG,RAB22A
MT2A,SNCA,VAMP2,RHOG,MTMR1
MT2A,SNCA,HSP90AA1
MT2A,SNCA,VAMP2,RHOG
MT2A,SNCA,VAMP2,RHOG,ATP1B1
MT2A,SNCA,FYN,SLC4A8
MT2A,SNCA,NTRK2,FRS2
MT2A,SNCA,VAMP2,RHOG
MT2A,SNCA,VAMP2,RHOG,AMER2
MT2A,SNCA,DCLK1,TIAM1
MT2A,SNCA,CALM3
MT2A,SNCA,VAMP2,RHOG,SLITRK5
MT2A,SNCA,GNB2,PFDN2,SERPINC1
MT2A,SNCA,HSPA1B,MATR3,FCER1G
MT2A,SNCA,USP9X,SMAD2,PSG8
MT2A,SNCA,AKT1,VHL
MT2A,SNCA,DCLK1,TIAM1
MT2A,SNCA,ACTB,SMARCA4,SLC13A5
MT2A,SNCA,CALM3,TRPV6
MT2A,SNCA,DNAAF2,SNAP91,LITAF
MT2A,SNCA,PRKCA,AKAP5
MT2A,SNCA,GNB2,PFDN2,CASP1
MT2A,SNCA,EEF1A1,RPL13,ALPI
MT2A,SNCA,NTRK2,FRS2,TSPAN2
MT2A,SNCA,AKT1,VHL
MT2A,SNCA,RAB8A,EXOC8,INSC
MT2A,SNCA,SLC6A3,NEDD4,ANXA9
MT2A,SNCA,VAMP2,RHOG,JPH1
MT2A,SNCA,VAMP2,RHOG,JMJD6
MT2A,SNCA,SRC,CRMP1,SERPINA12
MT2A,SNCA,VAMP2,RHOG,RGP1
MT2A,SNCA,GNB2,PFDN2,TAB3
MT2A,SNCA,LYN,PKP4
MT2A,SNCA,HSPA1B,MATR3,LTBR,TNFSF14
MT2A,SNCA,SRC,CRMP1,TBC1D2
MT2A,SNCA,GNB2,PFDN2,GPR35
MT2A,SNCA,GNB2,PFDN2,RGS17
MT2A,SNCA,GNB2,PFDN2,CNR2,GPR18
MT2A,SNCA,GABARAPL1,AHNAK2
MT2A,SNCA,DNAAF2,SNAP91,KCNJ11
MT2A,SNCA,PRKCD,H1-5,LRIG2
MT2A,SNCA,HNRNPH1,MSI2,PLPPR4
MT2A,SNCA,HSPA5,LOC102723407,PLXNA3
MT2A,SNCA,VAMP2,RHOG,PARD6G
MT2A,SNCA,HSPA1B,MATR3,IL15RA
MT2A,SNCA,DNAAF2,SNAP91,ABHD6
MT2A,SNCA,VAMP2,RHOG,TM9SF2
MT2A,SNCA,SIAH2,UBE2D3,ITPRIP
MT2A,SNCA,AKT1,VHL
MT2A,SNCA,PRKCA,AKAP5,KCNMB1
MT2A,SNCA,LYN,PKP4
MT2A,SNCA,ACTB,SMARCA4,MUCL1
MT2A,SNCA,DYNLL1,THAP10,TRHDE
MT2A,SNCA,VAMP2,RHOG,SLC9A7
MT2A,SNCA,EEF1A1,RPL13,RRP8
MT2A,SNCA,GSK3B,SMARCA2,SLC5A1
MT2A,SNCA,ER stress,QRICH1,RNF4,BCAM
MT2A,SNCA,SIAH2,UBE2D3,KHDRBS2,NPDC1
MT2A,SNCA,FYN,SLC4A8
MT2A,SNCA,RAB8A,EXOC8
MT2A,SNCA,VAMP2,RHOG,FZD6
MT2A,SNCA,GNB2,PFDN2,CABP1
MT2A,SNCA,RAB8A,EXOC8
MT2A,SNCA,GNB2,PFDN2,TRPM3
MT2A,SNCA,AKT1,VHL
MT2A,SNCA,VAMP2,RHOG,VASN
MT2A,SNCA,RAB8A,EXOC8,PALM
MT2A,SNCA,VAMP2,RHOG,EXOC2
MT2A,SNCA,HSPA1B,MATR3,DCT
MT2A,SNCA,EEF1A1,RPL13,CLEC1B
MT2A,SNCA,RAB8A,EXOC8,USH1G
MT2A,SNCA,ACTB,SMARCA4,MPP3
MT2A,SNCA,HSP90AA1,NR3C2,CD320
MT2A,SNCA,SNCAIP,KALRN,GPR37,GPR17
MT2A,SNCA,VAMP2,RHOG,ACE2,SLC6A19
MT2A,SNCA,SYN1,ITSN2
MT2A,SNCA,HSP90AA1,NR3C2,MYADM
MT2A,SNCA,STX1A,RNF40,PON2,ASIC4
MT2A,SNCA,GNB2,PFDN2,GLUL
MT2A,SNCA,HSPA1B,MATR3,CD3G
MT2A,SNCA,VAMP2,RHOG,ABCA3
MT2A,SNCA,SNAP25,SYT3
MT2A,SNCA,HSPA1B,MATR3,CRB2
MT2A,SNCA,MAP1LC3B,TBC1D25,CSF2RA
MT2A,SNCA,APLP1,APLP2
MT2A,SNCA,VAMP2,RHOG,ATP6AP2
MT2A,SNCA,AKT1,VHL
MT2A,SNCA,DNAAF2,SNAP91,RTN4R
MT2A,SNCA,SIAH2,UBE2D3
MT2A,SNCA,SIAH2,UBE2D3,MGRN1
MT2A,SNCA,VAMP2,RHOG
MT2A,SNCA,AKT1,VHL
MT2A,SNCA,SNAP25,SYT3
MT2A,SNCA,SNAP25,SYT3
MT2A,SNCA,PRKCA,AKAP5
MT2A,SNCA,PRKCA,AKAP5
MT2A,SNCA,VAMP2,RHOG,RAP2B
MT2A,SNCA,LYN,PKP4
MT2A,SNCA,PRKCA,AKAP5
MT2A,SNCA,VAMP2,RHOG
MT2A,SNCA,HSP90AA1,NR3C2,PI4KA,TTC7B
MT2A,SNCA,PRKCD,H1-5,ALOX15
MT2A,SNCA,ER stress,QRICH1,ATP1A3,ATP1B4
MT2A,SNCA,VAMP2
MT2A,SNCA,HSPA1B,MATR3,IL1R2
MT2A,SNCA,PRKCA,AKAP5
MT2A,SNCA,VAMP2,RHOG,STXBP5L
MT2A,SNCA,HSPA1B,MATR3,LRRC8E
MT2A,SNCA,SIAH2,UBE2D3,IL17RA
MT2A,SNCA,VAMP2,RHOG,MARCHF1
MT2A,SNCA,SRC,CRMP1,GPRC5D
MT2A,SNCA,HNRNPH1,MSI2,SNUPN
MT2A,SNCA,APLP1
MT2A,SNCA,HSPA1B,MATR3,PSTPIP2
MT2A,SNCA,HNRNPH1,MSI2,NLGN2
MT2A,SNCA,GNB2,PFDN2,LANCL1
MT2A,SNCA,HSPA1B,MATR3,HLA-DQA1
MT2A,SNCA,EEF1A1,RPL13,ZXDC,JTB
MT2A,SNCA,APP,NOTCH4,SLC16A13
MT2A,SNCA,RAB8A,EXOC8
MT2A,SNCA,LRRK2,ZC3H15,SLC22A5
MT2A,SNCA,HSPA1B,MATR3,LTBR
MT2A,SNCA,ER stress,QRICH1,RAB27B
MT2A,SNCA,SIAH2,UBE2D3,ZBTB33
MT2A,SNCA,AKT1,VHL
MT2A,SNCA,SIAH2,UBE2D3
MT2A,SNCA,HSPA1B,MATR3,IL12RB1,IL12RB2
MT2A,SNCA,EEF1A1,RPL13,SCN1A
MT2A,SNCA,GNB2,PFDN2,HLA-DQB2
MT2A,SNCA,CALM3,TRPV6
MT2A,SNCA,FYN,SLC4A8
MT2A,SNCA,VAMP2,RHOG,CKAP4
MT2A,SNCA,RAB8A
MT2A,SNCA,PRKCA,AKAP5
MT2A,SNCA,SIAH2,UBE2D3,PTCH1
MT2A,SNCA,EEF1A1,RPL13,OR10H1
MT2A,SNCA,VAMP2,RHOG,KIAA1549
MT2A,SNCA,LRRK2,ZC3H15,ART3
MT2A,SNCA,VAMP2,RHOG,RAB4B
MT2A,SNCA,LYN,PKP4
MT2A,SNCA,VAMP2,RHOG,ATP6V1H
MT2A,SNCA,VAMP2,RHOG,RALGAPA2
MT2A,SNCA,PRKCA,AKAP5
MT2A,SNCA,HSPA1B,MATR3,EFHD2,OR2K2
MT2A,SNCA,CALM3,TRPV6
MT2A,SNCA,PRKCD,H1-5,CNTFR
MT2A,SNCA,FYN,SLC4A8
MT2A,SNCA,PRKCD,H1-5,TRPM8
MT2A,SNCA,SIAH2,UBE2D3,PJA2
MT2A,SNCA,HSP90AA1,NR3C2,RANGRF
MT2A,SNCA,APP
MT2A,SNCA,HSPA1B,MATR3,KCMF1
MT2A,SNCA,HSPA8,PRKAG3,COPRS
MT2A,SNCA,VAMP2,RHOG,ATP6V1G1
MT2A,SNCA,SIAH2,UBE2D3,SH3BGRL
MT2A,SNCA,SLC6A3,NEDD4,TRPC4
MT2A,SNCA,VAMP2,RHOG
MT2A,SNCA,VAMP2,RHOG,SPTA1
MT2A,SNCA,GNB2,PFDN2,SYT12
MT2A,SNCA,PRKCA,AKAP5
MT2A,SNCA,HSPA9,AQP12B,AQP10,LYVE1
MT2A,SNCA,EEF1A1,RPL13,ELAPOR1
MT2A,SNCA,RAB8A,EXOC8
MT2A,SNCA,EEF1A1,RPL13,PCDHA5
MT2A,SNCA,SRC,CRMP1,MPP4
MT2A,SNCA,ACTB,SMARCA4,CISH
MT2A,SNCA,APP,NOTCH4
MT2A,SNCA,FYN,SLC4A8
MT2A,SNCA,DNAAF2,SNAP91,TMC7
MT2A,SNCA,VAMP2,RHOG,AMIGO2
MT2A,SNCA,HSPA1B,MATR3,CASP4
MT2A,SNCA,VAMP2,RHOG,CD69
MT2A,SNCA,LYN,PKP4
MT2A,SNCA,DYNC1H1,RPGRIP1L
MT2A,SNCA,VAMP2,RHOG,ADCY8
MT2A,SNCA,VAMP2,RHOG,NRP1
MT2A,SNCA,VAMP2,RHOG
MT2A,SNCA,CHMP5,ZNF91,SLC2A12
MT2A,SNCA,VAMP2,RHOG,RHBDL2
MT2A,SNCA,HSPA1B,MATR3,SLAMF7
MT2A,SNCA,GNB2,PFDN2,CXCR1
MT2A,SNCA,HSPA1B,MATR3,ICAM1
MT2A,SNCA,SNAP25,SYT3
MT2A,SNCA,HSPA1B,MATR3,TIMD4
MT2A,SNCA,PRKCD,H1-5,CD300A
MT2A,SNCA,PPP3CA,PARD3B,KSR2
MT2A,SNCA,NTRK2,FRS2,GRIN3A
MT2A,SNCA,FYN,SLC4A8
MT2A,SNCA,NTRK2,FRS2
MT2A,SNCA,APP,NOTCH4,ADGRL3,TENM2
MT2A,SNCA,VAMP2,RHOG,ATP2C1
MT2A,SNCA,EEF1A1,RPL13,DCUN1D3
MT2A,SNCA,HSPA1B,MATR3,WHRN
MT2A,SNCA,HSPA1B,MATR3,CSF2RB
MT2A,SNCA,SIAH2,UBE2D3
MT2A,SNCA,VAMP2,RHOG,CDH3
MT2A,SNCA,HNRNPH1,MSI2,ZDHHC24,STOML3
MT2A,SNCA,DCLK1,TIAM1
MT2A,SNCA,APP,NOTCH4
MT2A,SNCA,GNB2,PFDN2,YIPF3
MT2A,SNCA,GABARAPL1,AHNAK2
MT2A,SNCA,GNB2,PFDN2,AJUBA
MT2A,SNCA,CALM3,TRPV6
MT2A,SNCA,GNB2,PFDN2,HTR1D
MT2A,SNCA,EEF1A1,RPL13,SLC12A9
MT2A,SNCA,DYNLL1,THAP10,ATP10B
MT2A,SNCA,LYN,PKP4
MT2A,SNCA,EEF1A1,RPL13,PCDHB11
MT2A,SNCA,PRKCA,AKAP5
MT2A,SNCA,PRKCD,H1-5,LAIR1
MT2A,SNCA,RAB3A,RAB3D
MT2A,SNCA,DYNC1H1,RPGRIP1L
MT2A,SNCA,VAMP2,RHOG
MT2A,SNCA,PRKCA,AKAP5
MT2A,SNCA,VAMP2,RHOG,DUSP22
MT2A,SNCA,HSPA1B,MATR3,SOCS7
MT2A,SNCA,SNAP25,SYT3,SYT10
MT2A,SNCA,GNB2,PFDN2,GRK4
MT2A,SNCA,HSPA1B,MATR3,MYOF
MT2A,SNCA,VAMP2,RHOG,ENDOD1,DPEP1
MT2A,SNCA,EEF1A1,RPL13,FRMD6
MT2A,SNCA,SIAH2,UBE2D3
MT2A,SNCA,VAMP2,RHOG,HSD17B10
MT2A,SNCA,EEF1A1,RPL13,GPR143
MT2A,SNCA,GNB2,PFDN2,GALR1
MT2A,SNCA,SLC6A4
MT2A,SNCA,VAMP2,RHOG,SLC10A7
MT2A,SNCA,GNB2,PFDN2,TJP3
MT2A,SNCA,GNB2,PFDN2,PHPT1
MT2A,SNCA,HSPA9,AQP12B,GPR22
MT2A,SNCA,HSPA1B,MATR3,SGPP1
MT2A,SNCA,ACTB,SMARCA4,ARL14EP
MT2A,SNCA,EEF1A1,RPL13,SDC1
MT2A,SNCA,HSPA1B,MATR3,SLA2
MT2A,SNCA,PRKCA,AKAP5
MT2A,SNCA,AKT1,VHL
MT2A,SNCA,VAMP2,RHOG,PRMT9,P2RX1
MT2A,SNCA,HSPA1B,MATR3,PPIP5K1
MT2A,SNCA,VAMP2,RHOG,TMED10,SPPL3
MT2A,SNCA,GNB2,PFDN2,APLNR
MT2A,SNCA,LRRK2,ZC3H15,CNNM4
MT2A,SNCA,GNB2,PFDN2,CCR3
MT2A,SNCA,FYN,SLC4A8
MT2A,SNCA,DCLK1,TIAM1
MT2A,SNCA,FYN,SLC4A8
MT2A,SNCA,VAMP2,RHOG,MPDZ,OR1D2
MT2A,SNCA,GNB2,PFDN2,TNFRSF1B
MT2A,SNCA,EEF1A1,RPL13,PCDHA2
MT2A,SNCA,VAMP2,RHOG,OSBPL6
MT2A,SNCA,HNRNPH1,MSI2,CP
MT2A,SNCA,ACTB,SMARCA4,VPS28
MT2A,SNCA,CALM3,TRPV6
MT2A,SNCA,DCLK1,TIAM1
MT2A,SNCA,CALM3,TRPV6
MT2A,SNCA,NTRK2,FRS2
MT2A,SNCA,ACTB,SMARCA4,CLDN8
MT2A,SNCA,SIAH2,UBE2D3
MT2A,SNCA,FYN,SLC4A8
MT2A,SNCA,YWHAQ,KSR1,SIDT2
MT2A,SNCA,HSPA1B,MATR3,SEZ6L2
MT2A,SNCA,GNB2,PFDN2,ABCB6
MT2A,SNCA,VAMP2,RHOG,F7
MT2A,SNCA,VAMP2,RHOG,RAB2B
MT2A,SNCA,HSP90AA1,NR3C2,LPAR6
MT2A,SNCA,PRKCD,H1-5,GCSH,GLDC
MT2A,SNCA,VAMP2,RHOG,SVIP
MT2A,SNCA,EEF1A1,RPL13,SLC27A4
MT2A,SNCA,HSP90AA1,NR3C2,SLC30A2,SLC30A10
MT2A,SNCA,LYN,PKP4
MT2A,SNCA,PARK7
MT2A,SNCA,SRC,CRMP1,TNFRSF4
MT2A,SNCA,YWHAQ,KSR1,PSG3
MT2A,SNCA,HSPA1B,MATR3,MUC3A
MT2A,SNCA,ER stress,QRICH1,RNF4,BCAM
MT2A,SNCA,EEF1A1,RPL13,AP2S1
MT2A,SNCA,VAMP2,RHOG,NEO1,HJV
MT2A,SNCA,ACTB,SMARCA4,MAS1
MT2A,SNCA,YWHAQ,KSR1,EDA2R
MT2A,SNCA,CALM3,TRPV6
MT2A,SNCA,HSPA1B,MATR3,EPHA10
MT2A,SNCA,HNRNPH1,MSI2,CATIP
MT2A,SNCA,DNAAF2,SNAP91,IL4R
MT2A,SNCA,DNAAF2,SNAP91,IRAK4
MT2A,SNCA,AKT1,VHL
MT2A,SNCA,VAMP2,RHOG,PCDH1
MT2A,SNCA,HNRNPH1,MSI2,LIN7A
MT2A,SNCA,MAP1LC3A,MAVS,TLR1
MT2A,SNCA,HSP90AA1,NR3C2,PLA2G6
MT2A,SNCA,HSPA1B,MATR3,LRFN1
MT2A,SNCA,FYN,SLC4A8
MT2A,SNCA,DNAAF2,SNAP91,AMIGO1,PROM2
MT2A,SNCA,ACTB,SMARCA4,SPTBN5
MT2A,SNCA,HSPA1B,MATR3,DOK7
MT2A,SNCA,ACTB,SMARCA4,CEACAM7
MT2A,SNCA,ER stress,QRICH1,PLP1
MT2A,SNCA,EEF1A1,RPL13,SERPINB3
MT2A,SNCA,VAMP2,RHOG,PCDHGA5
MT2A,SNCA,VAMP2,RHOG,KLK10,SERPINB10
MT2A,SNCA,GNB2,PFDN2,ADGRG3
MT2A,SNCA,APP,NOTCH4,GPR42
MT2A,SNCA,DNAAF2,SNAP91,SLC20A2
MT2A,SNCA,LYN,PKP4
MT2A,SNCA,YWHAZ,HDAC9,RGS11
MT2A,SNCA,ARSA,ZBTB43,KLRC2
MT2A,SNCA,CALM3,TRPV6
MT2A,SNCA,YWHAQ,KSR1,ALX1,OR52L1
MT2A,SNCA,RAB8A,EXOC8,SLC9A6
MT2A,SNCA,HNRNPH1,MSI2,LRCH4
MT2A,SNCA,APP,NOTCH4
MT2A,SNCA,VAMP2,RHOG,EXOC4
MT2A,SNCA,CALM3,TRPV6
MT2A,SNCA,AKT1,VHL
MT2A,SNCA,LYN,PKP4
MT2A,SNCA,ACTB,SMARCA4,RAB40AL
MT2A,SNCA,ER stress,QRICH1,FGA
MT2A,SNCA,HSPA1B,MATR3,CPNE2
MT2A,SNCA,YWHAZ,HDAC9,CLEC2B
MT2A,SNCA,RAB8A,EXOC8,RAB39B
MT2A,SNCA,SRC,CRMP1,DSG3
MT2A,SNCA,VAMP2,RHOG,USP6NL
MT2A,SNCA,PRKCD,H1-5,TLR5
MT2A,SNCA,SRC,CRMP1,SYT5
MT2A,SNCA,HSPA9,AQP12B,FGFBP1
MT2A,SNCA,NTRK2,FRS2
MT2A,SNCA,LYN,PKP4
MT2A,SNCA,DNAAF2,SNAP91,ABCC8
MT2A,SNCA,CALM3,TRPV6
MT2A,SNCA,VAMP2,RHOG,GRPR
MT2A,SNCA,VAMP2,RHOG,THBD
MT2A,SNCA,CALM3,TRPV6
MT2A,SNCA,AKT1,VHL,PSG4
MT2A,SNCA,DCLK1,TIAM1,UBL3
MT2A,SNCA,VAMP2,RHOG,TMX3
MT2A,SNCA,FYN,SLC4A8
MT2A,SNCA,VAMP2,RHOG,DHRS7,CPNE5
MT2A,SNCA,AKT1,VHL,SLC17A1
MT2A,SNCA,SNCAIP,KALRN,INTU,WDPCP
MT2A,SNCA,VAMP2,RHOG,PDE2A
MT2A,SNCA,VAMP2,RHOG,PTPRM
MT2A,SNCA,VAMP2,RHOG,AAMP
MT2A,SNCA,VAMP2,RHOG,TCIRG1
MT2A,SNCA,DYNC1H1,RPGRIP1L
MT2A,SNCA,FYN,SLC4A8
MT2A,SNCA,LYN,PKP4
MT2A,SNCA,HSPA5,LOC102723407,OR52W1
MT2A,SNCA,HSPA5,LOC102723407,ALG10B
MT2A,SNCA,GNB2,PFDN2,LSAMP
MT2A,SNCA,HNRNPH1,MSI2,CACNG2
MT2A,SNCA,NTRK2,FRS2
MT2A,SNCA,FYN,SLC4A8
MT2A,SNCA,VAMP2,RHOG,PTPRS,GPC2
MT2A,SNCA,AKT1,VHL
MT2A,SNCA,EEF1A1,RPL13,ITGA7
MT2A,SNCA,SIAH2,UBE2D3
MT2A,SNCA,VAMP2,RHOG,RCE1
MT2A,SNCA,HSPA9,AQP12B,LARGE1
MT2A,SNCA,RAB8A,EXOC8,RAB9B
MT2A,SNCA,SRC,CRMP1,RXFP1,LRP12
MT2A,SNCA,EEF1A1,RPL13,ARID4A
MT2A,SNCA,HSPA1B,MATR3,ABCA4,CNGB1,CNGA1
MT2A,SNCA,RAB3A,RAB3D,CACNA1D
MT2A,SNCA,TOMM20,MIA3,ADAM30
MT2A,SNCA,TPPP,HDAC6,HDAC11
MT2A,SNCA,EEF1A1,RPL13,ARL4D
MT2A,SNCA,EEF1A1,RPL13,CLEC4E
MT2A,SNCA,HSPA1B,MATR3,SLC12A1
MT2A,SNCA,CHMP5,ZNF91,MYOT
MT2A,SNCA,VAMP2,RHOG,SLC26A9
MT2A,SNCA,PRKCD,H1-5,EBI3
MT2A,SNCA,RAB8A,EXOC8,ADAM11
MT2A,SNCA,SRC,CRMP1,ARF1
MT2A,SNCA,ACTB,SMARCA4,ICAM2
MT2A,SNCA,CALM3,TRPV6
MT2A,SNCA,VAMP2,RHOG,SLC22A4
MT2A,SNCA,AKT1,VHL
MT2A,SNCA,EEF1A1,RPL13,CPNE8
MT2A,SNCA,VAMP2,RHOG,EXOC1
MT2A,SNCA,SIAH2,UBE2D3,CD6
MT2A,SNCA,SNCAIP,KALRN,ACE
MT2A,SNCA,HSPA1B,MATR3,SCN9A
MT2A,SNCA,EEF1A1,RPL13,CLEC4E,MR1
MT2A,SNCA,HSPA1B,MATR3,WNT4
MT2A,SNCA,FYN,SLC4A8
MT2A,SNCA,LYN,PKP4
MT2A,SNCA,LRRK2,ZC3H15,SLC35A1
MT2A,SNCA,HNRNPH1,MSI2,KCNA2
MT2A,SNCA,GNB2,PFDN2,AGRN
MT2A,SNCA,VAMP2,RHOG,AVPR2
MT2A,SNCA,USP9X,SMAD2,CD226
MT2A,SNCA,GNB2,PFDN2,FPR1
MT2A,SNCA,RAB8A,EXOC8,MANSC4
MT2A,SNCA,AKT1
MT2A,SNCA,LYN,PKP4
MT2A,SNCA,AKT1,VHL
MT2A,SNCA,HNRNPH1,MSI2,MIEN1
MT2A,SNCA,APP,NOTCH4
MT2A,SNCA,HSPA1B,MATR3,B2M,KIR2DL3
MT2A,SNCA,GSK3B,SMARCA2,AKAP10
MT2A,SNCA,VAMP2,RHOG,SCNN1D
MT2A,SNCA,HSP90AA1,NR3C2,FAT3
