NQO1,HSPA4,CARS1,ABTB1
NQO1,BAG3,SIRT5,ZSCAN18,AMER2
NQO1,BAG3,STMN1,ATP6V1H
NQO1,BAG3,TOM1L2,CALM3
NQO1,HSPA4,GSK3B,ACSBG1
NQO1,BAG3,HSPA8,DERL1,SLITRK5
NQO1,BAG3,PKM,NTRK2,FCER1G
NQO1,BAG3,PTPN2,PTPN6,SERPINC1
NQO1,HSPA4,ZMYM2,PSG8
NQO1,HSPA4,AKT1,CYTH1
NQO1,HSPA4,FYN,SLC4A8
NQO1,BAG3,PKM,NTRK2,SLC13A5
NQO1,BAG3,LITAF
NQO1,HSPA4,FKBP5,PI4KA
NQO1,BAG3,RAB2B,SLC27A2
NQO1,HSPA4,TGFBR1,CLEC2B
NQO1,BAG3,DNAJC5,SLC32A1,TSPAN2
NQO1,BAG3,HSPA5,LOC102723407,JPT2
NQO1,HSPA4,RAP1A,RAPGEF3
NQO1,BAG3,YWHAB,RAI14,ANXA9
NQO1,HSPA4,MTOR,RHEBL1
NQO1,BAG3,DNAJC5,SLC32A1
NQO1,BAG3,SMAD3
NQO1,BAG3,RAB4A,NISCH,SERPINA12
NQO1,BAG3,CAPZA1,WASHC2A
NQO1,BAG3,HSPA8,DERL1,RGP1
NQO1,BAG3,CLK1,PDE9A
NQO1,HSPA4,BIRC3,SNX7,TNFSF14
NQO1,HSPA4,SGTA,CTSL
NQO1,BAG3,HSF1,RNF20,TBC1D2
NQO1,BAG3,HSPA8,DERL1,GPR35
NQO1,BAG3,S100A8,RPL35A,GPR18
NQO1,BAG3,PCP2,GNAI3,RGS17
NQO1,BAG3,VDAC1,ATP1A1
NQO1,BAG3,HSPA8,DERL1,KCNJ11
NQO1,BAG3,LOXL4,RNF4,LRIG2
NQO1,BAG3,LOXL4,RNF4,PLPPR4
NQO1,BAG3,GRB2,PTPRE
NQO1,BAG3,HSPA5,LOC102723407,PLXNA3
NQO1,BAG3,GRB2,PTPRE
NQO1,BAG3,GRB2,PTPRE
NQO1,BAG3,PKM,NTRK2,IL15RA
NQO1,BAG3,YWHAB,RAI14,ABHD6
NQO1,BAG3,GRB2,PTPRE
NQO1,HSPA4,AQP2,TM9SF2
NQO1,BAG3,SUGT1,CNOT6,ITPRIP
NQO1,HSPA4,AKT1,CYTH1
NQO1,BAG3,YWHAB,RAI14,KCNMA1,KCNMB1
NQO1,BAG3,CASP3,NMT2
NQO1,HSPA4,SRC,CYSTM1
NQO1,BAG3,DYNC1H1,PRC1
NQO1,BAG3,VDAC1,ATP1A1
NQO1,BAG3,HSPA8,DERL1,MUCL1
NQO1,BAG3,LOXL4,RNF4,TRHDE
NQO1,BAG3,RAB4A,NISCH
NQO1,BAG3,HSPA8,DERL1,RRP8
NQO1,BAG3,RASL11B,RAP1GDS1,SLC5A1
NQO1,HSPA4,GRB10
NQO1,HSPA4,GSK3B,ACSBG1
NQO1,HSPA4,TARDBP,PTBP3,NPDC1
NQO1,BAG3,EZR
NQO1,BAG3,VDAC1,ATP1A1
NQO1,BAG3,ZSCAN20,C3
NQO1,BAG3,HSPA8,DERL1,FZD6
NQO1,BAG3,RAB4A,NISCH
NQO1,HSPA4,GSK3B,ACSBG1
NQO1,BAG3,SQSTM1,SESN1,TRPM3
NQO1,BAG3,NEFL,PECAM1
NQO1,BAG3,DNM2,SHANK1
NQO1,BAG3,HSPA8,DERL1,RASGRP1
NQO1,BAG3,RAB5A,GORASP2,PALM
NQO1,BAG3,HSPA8,DERL1,DCT
NQO1,BAG3,HSPA8,DERL1,CLEC1B
NQO1,BAG3,NEFL,PECAM1
NQO1,BAG3,DNM2,SHANK1
NQO1,BAG3,F12
NQO1,BAG3,HSPA8,DERL1,CD320
NQO1,HSPA4,PRKN,ZFAND4,GPR17
NQO1,BAG3,P4HB,HSPA13
NQO1,HSPA4,LARP7,EPB42
NQO1,BAG3,PKM,NTRK2,MYADM
NQO1,BAG3,HSPA5,LOC102723407,PON2,ASIC4
NQO1,HSPA4,KRT18,PSTPIP2
NQO1,HSPA4,ZAP70,CD3G
NQO1,BAG3,DNAJB4,NUDC,ABCA3
NQO1,BAG3,HSPA8,DERL1,CRB2
NQO1,BAG3,HSPA8,DERL1,CSF2RA
NQO1,BAG3,PKM,NTRK2
NQO1,BAG3,RAB4A,NISCH
NQO1,BAG3,SIRT5,ZSCAN18,RTN4R
NQO1,BAG3,RAB4A,NISCH
NQO1,BAG3,PKM,NTRK2
NQO1,BAG3,ST13,F2
NQO1,BAG3,GRB2,PTPRE
NQO1,BAG3,PTPN2,PTPN6,CD72
NQO1,HSPA4,FKBP5,PI4KA,EFR3A
NQO1,BAG3,YWHAB,RAI14,ALOX15
NQO1,HSPA4,CFTR,CLCA1
NQO1,BAG3,HSPA8,DERL1,IL2RA
NQO1,BAG3,DNM2,SHANK1,STXBP5L
NQO1,BAG3,RAB4A,NISCH
NQO1,BAG3,BAX,SLC25A4
NQO1,BAG3,CAPZA1,WASHC2A
NQO1,HSPA4,PRKAA1,STIM2
NQO1,BAG3,ZSCAN20,C3
NQO1,BAG3,CDK1,TSPYL2,GPRC5D
NQO1,BAG3,HSPA8,DERL1,SNUPN
NQO1,BAG3,CNTN4,APLP1
NQO1,HSPA4,KRT18,PSTPIP2
NQO1,BAG3,HSPA8,DERL1,HLA-DQA1
NQO1,BAG3,NR1H3,PIAS1,JTB
NQO1,HSPA4,MTOR,RHEBL1
NQO1,BAG3,STMN1,ATP6V1H
NQO1,BAG3,GPI,BSG,SLC16A13
NQO1,HSPA4,NCOR1,PMEPA1
NQO1,BAG3,LRRK2,ZC3H15,SLC22A5
NQO1,HSPA4,JUP,CDH8
NQO1,HSPA4,TUBB,HJURP,IL12RB2
NQO1,HSPA4,LARP7,EPB42
NQO1,HSPA4,FYN,SLC4A8
NQO1,BAG3,CSDE1
NQO1,BAG3,TOM1L2,CALM3,GLP1R
NQO1,BAG3,PKM,NTRK2
NQO1,BAG3,HSPA5,LOC102723407,CKAP4
NQO1,BAG3,CASP3,NMT2
NQO1,HSPA4,AMFR,OR4N2
NQO1,HSPA4,SRC,CYSTM1
NQO1,HSPA4,COL6A1,LYPD6B
NQO1,BAG3,HSPA8,DERL1,KIAA1549
NQO1,BAG3,ST13,F2
NQO1,BAG3,HSPA8,DERL1,ART3
NQO1,BAG3,HSPA8,DERL1,RAB4B
NQO1,HSPA4,SRC,CYSTM1
NQO1,BAG3,PTPN2
NQO1,BAG3,GRB2,PTPRE
NQO1,HSPA4,SRC,CYSTM1
NQO1,BAG3,STMN1,ATP6V1H
NQO1,BAG3,YWHAB,RAI14,KCNMA1
NQO1,BAG3,HSPA8,DERL1,EFHD2,OR2K2
NQO1,BAG3,TOM1L2,CALM3,TRPV6
NQO1,HSPA4,PRKCD,PDP2,CNTFR
NQO1,BAG3,HSPA8,DERL1,RANGRF
NQO1,HSPA4,APP
NQO1,BAG3,HSPA8,DERL1,COPRS
NQO1,BAG3,HSPA8,DERL1,SH3BGRL
NQO1,HSPA4,SGTA,CTSL
NQO1,BAG3,HSPA8,DERL1,CD163
NQO1,BAG3,HSPA8,DERL1,SYT12
NQO1,BAG3,PRPF8,SF3A3,AQP10,LYVE1
NQO1,BAG3,GRB2,PTPRE,MPP4
NQO1,BAG3,HSPA8,DERL1,PCDHA5
NQO1,BAG3,S100A8,RPL35A,CISH
NQO1,HSPA4,GSK3B,ACSBG1
NQO1,BAG3,SIRT5,ZSCAN18,TMC7
NQO1,HSPA4,KCND3,KCNIP1
NQO1,BAG3,HSPA8,DERL1,AMIGO2
NQO1,HSPA4,CLTA
NQO1,HSPA4,SRC,CYSTM1
NQO1,HSPA4,ATXN3
NQO1,BAG3,RAB4A,NISCH
NQO1,BAG3,MAPK7,DSC1
NQO1,BAG3,DYNC1H1,PRC1
NQO1,HSPA4,CFTR,CLCA1
NQO1,HSPA4,GSK3B,ACSBG1
NQO1,BAG3,GRB2,PTPRE
NQO1,BAG3,HSPA5,LOC102723407,SLC2A12
NQO1,BAG3,PTPN2,PTPN6,NRP1
NQO1,BAG3,GRB2,PTPRE
NQO1,BAG3,HSPA8,DERL1,RHBDL2
NQO1,BAG3,PCP2,GNAI3,CXCR1
NQO1,HSPA4,APBB1,SLAMF7
NQO1,BAG3,VDAC1,ATP1A1
NQO1,BAG3,HSPA8,DERL1,TIMD4
NQO1,BAG3,ATG7,NFS1,KSR2
NQO1,BAG3,PTPN2,PTPN6,CD300A
NQO1,HSPA4,FYN,SLC4A8,GRIN3A
NQO1,HSPA4,RAP1A,RAPGEF3
NQO1,HSPA4,CSNK2A1
NQO1,HSPA4,FYN,SLC4A8
NQO1,HSPA4,APP,PPP1R2,ADGRL3,TENM2
NQO1,BAG3,P4HB,HSPA13
NQO1,BAG3,HSPA8,DERL1,CSF2RB
NQO1,HSPA4,DNMBP,RASGRF2
NQO1,HSPA4,PXN,PARVB
NQO1,HSPA4,JUP,CDH8
NQO1,HSPA4,REL,CDKN2C,STOML3
NQO1,BAG3,YWHAB,RAI14,PRAM1
NQO1,HSPA4,YAP1,PIEZO2
NQO1,BAG3,DNAJB4,NUDC,SLC12A9
NQO1,BAG3,ISG15,ERCC2,ATP10B
NQO1,BAG3,PCP2,GNAI3,HTR1D
NQO1,BAG3,HSPA8,DERL1,PCDHB11
NQO1,HSPA4,PRKAR2A,PALM2AKAP2
NQO1,BAG3,PTPN2,PTPN6,LAIR1
NQO1,BAG3,YWHAH,ZBTB17,RAB3C
NQO1,BAG3,DYNC1H1,PRC1
NQO1,BAG3,PTPN14,SOCS7
NQO1,BAG3,MAPK11,ARHGAP12,SELL
NQO1,BAG3,STMN1,ATP6V1H
NQO1,HSPA4,FYN,SLC4A8
NQO1,BAG3,NEFL,PECAM1,SYT10
NQO1,HSPA4,PRNP,PLK3,GRK4
NQO1,BAG3,ENO1,HINT2,ACKR2
NQO1,BAG3,HSPA8,DERL1,GPR143
NQO1,BAG3,CDK1,TSPYL2,DCST1
NQO1,BAG3,PCP2,GNAI3,GALR1
NQO1,BAG3,HSPA8,DERL1,WDR13
NQO1,BAG3,HSPA8,DERL1,TJP3
NQO1,BAG3,RAB4A,NISCH,SLC10A7
NQO1,BAG3,TNK2
NQO1,BAG3,HSPB1,MAPKAPK5,PHPT1
NQO1,BAG3,HSPA8,DERL1,GPR22
NQO1,BAG3,NEDD8,EMG1,SGPP1
NQO1,BAG3,MAPK11,ARHGAP12,ARL14EP
NQO1,HSPA4,LARP7,EPB42
NQO1,BAG3,HSPB1,MAPKAPK5,SDC1
NQO1,HSPA4,KRT18,PSTPIP2
NQO1,HSPA4,AKT1,CYTH1
NQO1,BAG3,YWHAB,RAI14,P2RX1
NQO1,BAG3,PTPN2,PTPN6,SPPL3
NQO1,BAG3,ETFA,NRAS,APLNR
NQO1,BAG3,LRRK2,ZC3H15,CNNM4
NQO1,BAG3,MAPK7,DSC1
NQO1,BAG3,PCP2,GNAI3,CCR3
NQO1,HSPA4,FYN,SLC4A8
NQO1,BAG3,NEDD8,EMG1,TNFRSF1B
NQO1,HSPA4,FYN,SLC4A8
NQO1,BAG3,DNAJC5,SLC32A1,OR1D2
NQO1,BAG3,HSPA8,DERL1,PCDHA2
NQO1,HSPA4,CCT2,RDH8
NQO1,BAG3,RAB4A,NISCH
NQO1,BAG3,P4HB,HSPA13
NQO1,BAG3,HSPA8,DERL1,OSBPL6
NQO1,BAG3,RPSA,RRS1,CP
NQO1,HSPA4,TAB1,PCDHGB4
NQO1,BAG3,PDCD6IP,SRI,VPS28
NQO1,BAG3,TOM1L2,CALM3,GLP2R
NQO1,HSPA4,FYN,SLC4A8
NQO1,BAG3,YWHAB,RAI14,SIDT2
NQO1,BAG3,TSC1
NQO1,HSPA4,SGK1
NQO1,BAG3,RAB2B
NQO1,BAG3,UBE2K,MARCHF3,GDPD5
NQO1,HSPA4,YAP1,PIEZO2
NQO1,BAG3,VDAC1,ATP1A1
NQO1,BAG3,NEDD8,EMG1,LPAR6
NQO1,BAG3,HSPA8,DERL1,GCSH,GLDC
NQO1,BAG3,RAB5A,GORASP2,SLC30A2,SLC30A10
NQO1,HSPA4,GSK3B,ACSBG1
NQO1,HSPA4,PARK7
NQO1,BAG3,UBE2Z,RNF130,TNFRSF4
NQO1,HSPA4,AR,SLC43A1
NQO1,BAG3,YWHAB,RAI14,PSG3
NQO1,BAG3,HSPA8,DERL1,AP2S1
NQO1,HSPA4,SGTA,CTSL
NQO1,BAG3,RUNX2,SMAD6,HJV
NQO1,BAG3,LOXL4,RNF4,BCAM
NQO1,BAG3,HSPA8,DERL1,EDA2R
NQO1,BAG3,PCP2,GNAI3,CRHR1
NQO1,BAG3,HSPA5,LOC102723407,CATIP
NQO1,BAG3,P4HB,HSPA13
NQO1,HSPA4,NCOR1,PMEPA1
NQO1,HSPA4,LARP7,EPB42
NQO1,BAG3,PKM,NTRK2
NQO1,BAG3,MRPS10,ZNF707,LIN7A
NQO1,BAG3,HSPA8,DERL1,TLR1
NQO1,BAG3,HSP90AB1,SMYD3,PLA2G6
NQO1,BAG3,UBE2C
NQO1,BAG3,DNM2,SHANK1,PROM2
NQO1,BAG3,RAB2B,SLC27A2
NQO1,BAG3,YWHAB,RAI14,SPTBN5
NQO1,BAG3,DNM2,SHANK1
NQO1,BAG3,ACTB,WFDC2,CEACAM7
NQO1,HSPA4,GABARAPL2,DOK7
NQO1,BAG3,ZSCAN20,C3
NQO1,BAG3,DNAJC5
NQO1,BAG3,HSPA5,LOC102723407,PCDHGA5
NQO1,BAG3,SQSTM1,SESN1,ADGRG3
NQO1,BAG3,NEFL,PECAM1
NQO1,BAG3,GRB2,PTPRE
NQO1,BAG3,NEFL,PECAM1
NQO1,HSPA4,APP,PPP1R2,GPR42
NQO1,BAG3,DNM2
NQO1,BAG3,CSDE1,CNOT1,RGS11
NQO1,BAG3,GRB2,PTPRE
NQO1,BAG3,LOXL4,RNF4,KLRC2
NQO1,BAG3,ZBTB38,TSGA10,OR52L1
NQO1,BAG3,HSPA8,DERL1,PTH1R
NQO1,BAG3,YWHAB,RAI14,SLC9A6
NQO1,HSPA4,AKT1,CYTH1
NQO1,BAG3,HSPA8,DERL1,RAB40AL
NQO1,BAG3,HSPA8,DERL1,ROBO2
NQO1,HSPA4,MACROH2A1,CGAS
NQO1,HSPA4,SRC,CYSTM1
NQO1,HSPA4,TGFBR1,CLEC2B
NQO1,BAG3,NEDD8,EMG1,RAB39B
NQO1,HSPA4,JUP,CDH8
NQO1,HSPA4,LARP7,EPB42
NQO1,BAG3,GRB2,PTPRE
NQO1,BAG3,YWHAQ,CRY1,TLR5
NQO1,BAG3,VDAC1,ATP1A1
NQO1,BAG3,GRB2,PTPRE,SYT5
NQO1,HSPA4,HSPA9,ADCK5,FGFBP1
NQO1,HSPA4,GSK3B,ACSBG1
NQO1,BAG3,VDAC1,ATP1A1
NQO1,BAG3,DNAJB4,NUDC,ABCC8
NQO1,BAG3,ZSCAN20,C3
NQO1,BAG3,RAB4A,NISCH
NQO1,HSPA4,AKT1,CYTH1
NQO1,BAG3,IRAK1
NQO1,HSPA4,HSPD1
NQO1,BAG3,DLG3,ZFP91,PSG4
NQO1,HSPA4,IRS4
NQO1,BAG3,YWHAB,RAI14,UBL3
NQO1,HSPA4,FYN,SLC4A8
NQO1,HSPA4,UBQLN2,CYP20A1,CPNE5
NQO1,HSPA4,FYN,SLC4A8
NQO1,HSPA4,PPP5C,PLD3,WDPCP
NQO1,BAG3,VDAC1,ATP1A1
NQO1,BAG3,SUGT1,CNOT6,PDE2A
NQO1,BAG3,UBE2I,PCGF2,SLC17A1
NQO1,HSPA4,LARP7,EPB42
NQO1,BAG3,HSPA8,DERL1,AAMP
NQO1,HSPA4,MTOR,RHEBL1
NQO1,BAG3,ZSCAN20,C3
NQO1,HSPA4,ABCC2,TCIRG1
NQO1,BAG3,DYNC1H1,PRC1
NQO1,HSPA4,FYN,SLC4A8
NQO1,BAG3,RAB4A,NISCH
NQO1,BAG3,HSPA5,LOC102723407,OR52W1
NQO1,BAG3,GRB2,PTPRE
NQO1,BAG3,VDAC1,ATP1A1
NQO1,BAG3,HSPA8,DERL1,LSAMP
NQO1,BAG3,HSPA5,LOC102723407,ALG10B
NQO1,BAG3,DNAJC5,SLC32A1
NQO1,HSPA4,FYN,SLC4A8
NQO1,BAG3,CDH1,SIN3A,GPC2
NQO1,HSPA4,CARS1,ABTB1
NQO1,BAG3,MAPK7,DSC1
NQO1,BAG3,HSPA8,DERL1,RCE1
NQO1,HSPA4,MTOR,RHEBL1
NQO1,BAG3,HSPA5,LOC102723407,LARGE1
NQO1,BAG3,ZSCAN20,C3,RAB9B
NQO1,BAG3,LOXL4,RNF4,RXFP1,LRP12
NQO1,HSPA4,YAP1,PIEZO2
NQO1,BAG3,CASP3,NMT2
NQO1,HSPA4,NR3C1,CLPTM1L,CNGB1,CNGA1
NQO1,BAG3,RAB4A,NISCH
NQO1,BAG3,RAB4A,NISCH
NQO1,BAG3,DYNC1H1,PRC1
NQO1,BAG3,HSPA5,LOC102723407,ADAM30
NQO1,HSPA4,SGTA,CTSL
NQO1,BAG3,HSPA8,DERL1,CLEC4E
NQO1,BAG3,VDAC1,ATP1A1,SLC12A1
NQO1,BAG3,YWHAB,RAI14,MYOT
NQO1,BAG3,MAPK7,DSC1
NQO1,HSPA4,AIRE,CCDC87,SLC26A9
NQO1,BAG3,HSP90AB1,SMYD3,SLC6A5
NQO1,BAG3,ETFA,NRAS,ADAM11
NQO1,BAG3,LRRK2,ZC3H15,ARF1
NQO1,HSPA4,PRKCD,PDP2,EBI3
NQO1,HSPA4,SRC,CYSTM1
NQO1,BAG3,YWHAB,RAI14,SCN4A
NQO1,BAG3,HSPA8,DERL1,SLC22A4
NQO1,HSPA4,GSK3B,ACSBG1
NQO1,BAG3,HSPA8,DERL1,CD6
NQO1,BAG3,RAB4A,NISCH
NQO1,BAG3,HSPA8,DERL1,EXOC1
NQO1,BAG3,GRB2,PTPRE
NQO1,BAG3,CRYAB,ACOT7,MR1
NQO1,HSPA4,COL6A1,LYPD6B
NQO1,HSPA4,FYN,SLC4A8
NQO1,HSPA4,PSMD14,MICALL2
NQO1,BAG3,PKM,NTRK2
NQO1,HSPA4,AR,SLC43A1
NQO1,HSPA4,CYP51A1,KCNA2
NQO1,BAG3,ZSCAN20,C3
NQO1,BAG3,PSMD2,PSMB7,CD226
NQO1,BAG3,CASP3,NMT2,TTLL5
NQO1,BAG3,VDAC1
NQO1,BAG3,YWHAB,RAI14,MANSC4
NQO1,HSPA4,AKT1
NQO1,HSPA4,PPP5C
NQO1,BAG3,RAB4A,NISCH
NQO1,BAG3,DNAJC5,SLC32A1
NQO1,BAG3,CRYAB,ACOT7,KIR2DL1
NQO1,BAG3,HSPA8,DERL1,TRPV1
NQO1,HSPA4,GSK3B,ACSBG1
NQO1,HSPA4,PRKAR2A,PALM2AKAP2
NQO1,BAG3,DNM2,SHANK1,SCNN1D
NQO1,BAG3,TRIB3,MYH10,FAT3
NQO1,BAG3,RAB2B,SLC27A2
NQO1,BAG3,HSPA8,DERL1,ADAP2
NQO1,BAG3,HSPA8,DERL1,C2CD2L
NQO1,HSPA4,SRC,CYSTM1
NQO1,HSPA4,PXN,PARVB
NQO1,BAG3,HSPA8,DERL1,PLXNA2
NQO1,HSPA4,MTOR,RHEBL1
NQO1,HSPA4,SRC,CYSTM1
NQO1,BAG3,NUP93,TPR,KLRK1
NQO1,HSPA4,FYN,SLC4A8
NQO1,BAG3,SIRT5,ZSCAN18,CR2
NQO1,BAG3,HSPB7,FLNB,SGCD
NQO1,BAG3,HSPA8,DERL1,KCTD3
NQO1,BAG3,DYNC1H1,PRC1
NQO1,BAG3,MAPK7,DSC1
NQO1,HSPA4,SRC,CYSTM1
NQO1,BAG3,NEFL,PECAM1
NQO1,HSPA4,NCOR1,PMEPA1
NQO1,HSPA4,DNAJC3,TENM3
NQO1,BAG3,EFTUD2,PRPSAP2,TRO
NQO1,BAG3,HSPA8,DERL1,TRPM6
NQO1,HSPA4,LARP7,EPB42
NQO1,BAG3,HSPA6,UBXN11,TRPM2
NQO1,BAG3,TNK2,SEZ6
NQO1,BAG3,HSPA8,DERL1,PRLR
NQO1,BAG3,HSPA8,DERL1,EPB41L4B
NQO1,BAG3,HSPA8,DERL1,MYO10
NQO1,HSPA4,RAF1
NQO1,BAG3,CLK1,PDE9A,TFPI
NQO1,HSPA4,IRS4,MTNR1B
NQO1,BAG3,RAB2B,SLC27A2
NQO1,HSPA4,PSMD14,MICALL2
NQO1,BAG3,HSPA8,DERL1,GABBR1
NQO1,BAG3,UBE2N,RNF126,SYTL5
NQO1,HSPA4,RAF1,SCNN1B
NQO1,HSPA4,AKT1,CYTH1
NQO1,HSPA4,FYN,SLC4A8
NQO1,BAG3,HSPB1,MAPKAPK5,LRP4
NQO1,BAG3,YWHAB,RAI14,HTR7
NQO1,BAG3,HSPA8,DERL1,LPAR1
NQO1,HSPA4,CARS1,ABTB1
NQO1,BAG3,HSF2,OBSCN
NQO1,HSPA4,GSK3B,ACSBG1
NQO1,HSPA4,SRC,CYSTM1
NQO1,HSPA4,AKT1,CYTH1
NQO1,BAG3,HSF1,RNF20,CSF1
NQO1,BAG3,HSPA5,LOC102723407,OR1C1
NQO1,BAG3,LOXL4,RNF4,CACNG8
NQO1,BAG3,GPI,BSG
NQO1,BAG3,HSPA5,LOC102723407,TAS1R2
NQO1,BAG3,GRB2,PTPRE
NQO1,BAG3,TRIB3,MYH10,HOMER2
NQO1,BAG3,HSPA8,DERL1,SLC30A8
NQO1,BAG3,PCP2,GNAI3,RGS4
NQO1,BAG3,P4HB,HSPA13
NQO1,HSPA4,LARP7,EPB42
NQO1,BAG3,HSPA8,DERL1,ENPP4
NQO1,BAG3,LRRK2,ZC3H15,HTR3B
NQO1,BAG3,NUP93,TPR,ELAPOR2
NQO1,BAG3,UBE2Z,RNF130,TMC8
NQO1,BAG3,HSPA8,DERL1,SEMA4D
NQO1,BAG3,HSPA8,DERL1,F2RL3
NQO1,HSPA4,PSMD14,MICALL2
NQO1,BAG3,HSPA8,DERL1,ACSL6
NQO1,BAG3,CHMP4C,STAMBP
NQO1,BAG3,DYNC1H1,PRC1
NQO1,HSPA4,GSK3B,ACSBG1
NQO1,HSPA4,AR,SLC43A1
NQO1,BAG3,P4HB,HSPA13
NQO1,BAG3,CRIP2,FMNL2,ABCG8
NQO1,BAG3,ARRDC3
NQO1,BAG3,EIF4A2,SLC16A9
NQO1,BAG3,YWHAB,RAI14,CYTH3
NQO1,BAG3,CLK1,PDE9A
NQO1,BAG3,HSPA8,DERL1,MARCHF4,ABCA7
NQO1,BAG3,PKM,NTRK2
NQO1,BAG3,MYC,ELL,KREMEN1
NQO1,BAG3,YWHAB,RAI14,LDLRAD3
NQO1,HSPA4,TAB1,PCDHGB4
NQO1,BAG3,HSPA5,LOC102723407,OR1D5
NQO1,BAG3,LRRK2,ZC3H15,CALCRL,RAMP1
NQO1,HSPA4,SRC,CYSTM1,OR10H2
NQO1,HSPA4,CYP51A1,KCNA2
NQO1,BAG3,TOM1L2,CALM3,UNC13A
NQO1,HSPA4,BAG4
NQO1,BAG3,LRRK2,ZC3H15,KCNJ5
NQO1,BAG3,NEFL,PECAM1
NQO1,BAG3,CASP3,NMT2,SULF2
NQO1,BAG3,STUB1,JOSD2,DGKH
NQO1,HSPA4,ZAP70,CD3G
NQO1,HSPA4,AKT1,CYTH1
NQO1,BAG3,SQSTM1,SESN1,CTSZ
NQO1,HSPA4,RAF1,SCNN1B
NQO1,BAG3,HSPA8,DERL1,PAFAH1B2
NQO1,HSPA4,AR,SLC43A1
NQO1,HSPA4,UNK,RBFOX2,TMEM50B
NQO1,BAG3,CDH1,SIN3A,SLC44A2
NQO1,BAG3,GRB2,PTPRE
NQO1,BAG3,UBE2K,MARCHF3,MS4A10
NQO1,BAG3,HSPA8,DERL1,RAB25
NQO1,HSPA4,MTOR,RHEBL1
NQO1,HSPA4,AKT1,CYTH1
NQO1,BAG3,HSPA5,LOC102723407,TSPAN15
NQO1,BAG3,HSPA8,DERL1,NEO1
NQO1,BAG3,LRRK2
NQO1,HSPA4,MTOR,RHEBL1
NQO1,BAG3,RAB2B,SLC27A2
NQO1,BAG3,PTPN2,PTPN6,PIGN
NQO1,BAG3,IRAK2
NQO1,BAG3,STMN1,ATP6V1H
NQO1,BAG3,VDAC1,ATP1A1
NQO1,BAG3,HSPA8,DERL1,PTPRU
NQO1,BAG3,HSPA5,LOC102723407,KCNE3
NQO1,HSPA4,AR,SLC43A1
NQO1,BAG3,VDAC1,ATP1A1
NQO1,HSPA4,ATR,FAAP24,MICA
NQO1,HSPA4,FYN,SLC4A8
NQO1,HSPA4,GSK3B,ACSBG1
NQO1,HSPA4,LARP7,EPB42
NQO1,HSPA4,PRKAA1,STIM2
NQO1,BAG3,PDCD6IP,SRI,SNF8
NQO1,BAG3,CASP3,NMT2
NQO1,BAG3,SIRT5,ZSCAN18,KCNG3
NQO1,HSPA4,SLC9A1,CHP1
NQO1,HSPA4,NOS1,UTRN
NQO1,HSPA4,MAP1LC3B,CLEC7A
NQO1,HSPA4,COL6A1,LYPD6B
NQO1,BAG3,VDAC1,ATP1A1
NQO1,BAG3,UBE2M,KCTD2,LAMP3
NQO1,BAG3,RAB4A,NISCH
NQO1,HSPA4,AQP2,TM9SF2
NQO1,HSPA4,APP,PPP1R2,ADGRL3
NQO1,HSPA4,LARP7,EPB42
NQO1,BAG3,LRRK2,ZC3H15,RGS6
NQO1,BAG3,DYNC1H1,PRC1
NQO1,HSPA4,CFTR
NQO1,BAG3,SLC7A1,SLC22A18,MMD
NQO1,BAG3,STMN1,ATP6V1H
NQO1,HSPA4,AKT1,CYTH1
NQO1,HSPA4,LARP7,EPB42
NQO1,BAG3,SLC7A1,SLC22A18
NQO1,BAG3,HSPA8,DERL1,SIRPD
NQO1,BAG3,DYNC1H1,PRC1
NQO1,BAG3,TOM1L2,CALM3,NALCN
NQO1,BAG3,SIRT5,ZSCAN18,SLC7A3
NQO1,HSPA4,CUL3,MYNN,KIRREL2
NQO1,BAG3,YWHAB,RAI14,ITGAX
NQO1,BAG3,HSPA8,DERL1,HPN
NQO1,HSPA4,MAP1LC3B,CLEC7A
NQO1,HSPA4,GSK3B,ACSBG1
NQO1,HSPA4,FKBP5,PI4KA
NQO1,BAG3,DYNC1H1,PRC1
NQO1,BAG3,CHMP4C,STAMBP
NQO1,BAG3,HSPA8,DERL1,FAT4
NQO1,BAG3,HSPA8,DERL1,FGFRL1
NQO1,HSPA4,SRC,CYSTM1,SGCE
NQO1,BAG3,SLC7A1,SLC22A18,C8B
NQO1,BAG3,CDH1,SIN3A,TSPAN4
NQO1,BAG3,HSPA8,DERL1,GPD1L
NQO1,BAG3,P4HB,HSPA13
NQO1,BAG3,ZBTB3,FBXL17,FAM120A
NQO1,BAG3,YWHAB,RAI14,CDC42EP4
NQO1,BAG3,SIRT5,ZSCAN18,SLC16A4
NQO1,BAG3,CSDE1,CNOT1,SLC16A3
NQO1,BAG3,STMN1,ATP6V1H
NQO1,BAG3,HSPA8,DERL1,TDGF1
NQO1,BAG3,DVL2,CPSF7,PLCD4
NQO1,BAG3,PRPF8,SF3A3,NAA38,NAA35
NQO1,BAG3,HSPA8,DERL1,RAB23
NQO1,BAG3,RAB5A,GORASP2,OR2M7
NQO1,BAG3,YWHAB,RAI14,OR4E2
NQO1,BAG3,HSPA8,DERL1,CRLF3
NQO1,BAG3,GRB2,PTPRE
NQO1,BAG3,SLC7A1,SLC22A18
NQO1,BAG3,CAPZA1,WASHC2A
NQO1,HSPA4,RAF1,SCNN1B
NQO1,BAG3,HSPA8,DERL1,MGAT5B,PLEKHM3
NQO1,BAG3,DNAJB4,NUDC,SERPINB2
NQO1,HSPA4,AR,SLC43A1
NQO1,BAG3,TOM1L2,CALM3,KCNQ3
NQO1,BAG3,HSPA8,DERL1,SPNS2
NQO1,BAG3,CLK1,PDE9A
NQO1,BAG3,HSPA8,DERL1,CTNNAL1
NQO1,BAG3,HSPB1,MAPKAPK5,ALPG
NQO1,HSPA4,PRKAA1,STIM2
NQO1,BAG3,HSPB1,MAPKAPK5,COL26A1
NQO1,BAG3,HSPA8,DERL1,MEP1A
NQO1,HSPA4,GABARAPL2,DOK7
NQO1,BAG3,PKM,NTRK2,EFNB3
NQO1,BAG3,CAPZA1,WASHC2A
NQO1,BAG3,DYNC1H1,PRC1
NQO1,BAG3,RAB4A,NISCH
NQO1,BAG3,TRIB3,MYH10,POU2F3
NQO1,BAG3,GRB2,PTPRE
NQO1,HSPA4,SGTA,CTSL
NQO1,BAG3,DNM2,SHANK1
NQO1,HSPA4,AR,SLC43A1
NQO1,HSPA4,FYN,SLC4A8
NQO1,HSPA4,CCT2,RDH8
NQO1,HSPA4,LARP7,EPB42
NQO1,BAG3,HSPA8,DERL1,PRKG1
NQO1,BAG3,VDAC1,ATP1A1
NQO1,HSPA4,AR,SLC43A1
NQO1,BAG3,YWHAB,RAI14,ITGA10
NQO1,BAG3,GRB2,PTPRE,LRRC52
NQO1,HSPA4,CPS1
NQO1,BAG3,HSPA8,DERL1,FEZ1
NQO1,BAG3,HSPA8,DERL1,BTN3A2
NQO1,BAG3,YWHAB,RAI14,CCDC25
NQO1,BAG3,EFTUD2,PRPSAP2,CDV3
NQO1,BAG3,CDK1,TSPYL2,KCNC1
NQO1,BAG3,HSPA8,DERL1,RIC8A
NQO1,HSPA4,PSMD14,MICALL2
NQO1,BAG3,CDK1,TSPYL2,ORAI1
NQO1,BAG3,ETFA,NRAS
NQO1,BAG3,HSPA8,DERL1,REEP5,KLRF1
NQO1,BAG3,HSPA8,DERL1,PCDHGB3
NQO1,HSPA4,APBB1,SLAMF7
NQO1,HSPA4,ZAP70,CD3G
NQO1,HSPA4,SRC,CYSTM1
NQO1,BAG3,HSPA8,DERL1,SLITRK3
NQO1,BAG3,ETFA,NRAS
NQO1,BAG3,YWHAB,RAI14,CLCN5
NQO1,HSPA4,FYN,SLC4A8
NQO1,BAG3,TOM1L2,CALM3,NALCN,CHRM3
NQO1,BAG3,YWHAB,RAI14,EXOC8
NQO1,BAG3,HSPB1,MAPKAPK5,DCXR
NQO1,BAG3,MAPK7,DSC1
NQO1,BAG3,DVL1,SMAD1,KLB
NQO1,BAG3,HSPA8,DERL1,SCAMP1
NQO1,BAG3,HSPA8,DERL1,PLEKHG5
NQO1,HSPA4,SEC23A,TMED9,TMED1
NQO1,BAG3,PKM,NTRK2,FCER1G,CD300C
NQO1,BAG3,GRB2,PTPRE
NQO1,BAG3,TRIB3,MYH10,FCER2
NQO1,BAG3,PKM,NTRK2
NQO1,HSPA4,PXN,PARVB
NQO1,BAG3,HSPA5,LOC102723407,SLC39A4
NQO1,BAG3,HSPA8,DERL1,GNAT1
NQO1,BAG3,YWHAB,RAI14,STK16
NQO1,BAG3,HSPA8,DERL1,SPRED2
NQO1,BAG3,HSPA8,DERL1,SCN2A
NQO1,HSPA4,RAP1A,RAPGEF3
NQO1,HSPA4,PRKAR2A,PALM2AKAP2
NQO1,BAG3,DNAJC5,SLC32A1
NQO1,BAG3,PKM,NTRK2
NQO1,HSPA4,FYN,SLC4A8
NQO1,HSPA4,HSPA9,ADCK5,OR4X2
NQO1,BAG3,STK40,MAPK6,CNNM2
NQO1,BAG3,DYNC1H1,PRC1
NQO1,BAG3,HSPA8,DERL1,CNNM3
NQO1,BAG3,DNM2,SHANK1
NQO1,HSPA4,FGD5
NQO1,HSPA4,FYN,SLC4A8
NQO1,BAG3,TRIB3,MYH10,AQP7
NQO1,HSPA4,GSK3B,ACSBG1
NQO1,HSPA4,TGFBR1,CLEC2B
NQO1,BAG3,GRB2,PTPRE,ADGRL1
NQO1,BAG3,GPI,BSG,DPP4
NQO1,BAG3,HSPA8,DERL1,SYTL2
NQO1,BAG3,DLG3,ZFP91,OR51E2
NQO1,BAG3,RAB4A,NISCH
NQO1,BAG3,PKM,NTRK2
NQO1,BAG3,PKM,NTRK2,GABRB3
NQO1,HSPA4,MTOR,RHEBL1
NQO1,HSPA4,FYN,SLC4A8
NQO1,BAG3,TOM1L2,CALM3,VIPR1
NQO1,HSPA4,TRIM32,AKTIP
NQO1,BAG3,MAPK7,DSC1
NQO1,HSPA4,CARS1,ABTB1
NQO1,HSPA4,RAP1A,RAPGEF3
NQO1,HSPA4,WT1,TET2,NPHS2
NQO1,BAG3,HSPA5,LOC102723407,OSBPL1A
NQO1,BAG3,HSPA8,DERL1,SLC6A6
NQO1,BAG3,DVL1,SMAD1,CLDN20
NQO1,BAG3,CHMP4C,STAMBP
NQO1,HSPA4,CSNK2A1,ANKS3,GRAMD2A
NQO1,BAG3,HSPA8,DERL1,ATP6V0B
NQO1,BAG3,TOM1L2,CALM3,UNC13B,DOC2B
NQO1,BAG3,HSPA8,DERL1,TNFRSF13B
NQO1,BAG3,HSPA5,LOC102723407,HTR3A
NQO1,BAG3,STMN1,ATP6V1H
NQO1,HSPA4,ZMYM2,PSG8
NQO1,BAG3,PCP2,GNAI3,SSTR2
NQO1,HSPA4,SGTA,CTSL,SLC23A2
NQO1,HSPA4,AKT1,CYTH1
NQO1,HSPA4,PGR,C4A
NQO1,HSPA4,PHB1
NQO1,BAG3,HSPA8,DERL1,AOC3
NQO1,BAG3,LAPTM5
NQO1,BAG3,PCP2,GNAI3,RGS8
NQO1,BAG3,HSPA8,DERL1,PCDH10
NQO1,BAG3,HSPA8,DERL1,CLEC4C
NQO1,BAG3,CLK1,PDE9A
NQO1,BAG3,DVL1,SMAD1,GNA11
NQO1,BAG3,AIF1L,RHOD
NQO1,BAG3,HSPA8,DERL1,DGKQ
NQO1,HSPA4,SGTA,CTSL
NQO1,BAG3,TJP1,KRT1,HLA-DPB1
NQO1,BAG3,CRYAB,ACOT7,CD1C
NQO1,BAG3,CDK1,TSPYL2,KCNJ4
NQO1,HSPA4,MACROH2A1,CGAS
NQO1,HSPA4,ABCC2,TCIRG1
NQO1,BAG3,NUP93,TPR,KLRK1,RAET1L
NQO1,BAG3,CAPZA1,WASHC2A,MYCBPAP
NQO1,BAG3,HSPA8,DERL1,AQP6
NQO1,BAG3,HSPA8,DERL1,NECAB2
NQO1,HSPA4,HUWE1,FURIN
NQO1,HSPA4,GSK3B,ACSBG1
NQO1,BAG3,PKM,NTRK2
NQO1,BAG3,HSPA8,DERL1,PI4K2B
NQO1,HSPA4,DNAJC3,TENM3
NQO1,BAG3,S100A8,RPL35A,SLC39A2
NQO1,BAG3,ANXA1,ABHD11,ZAN
NQO1,BAG3,YWHAH,ZBTB17,GSC2,BEST3
NQO1,BAG3,HSPA8,DERL1,ERMAP
NQO1,BAG3,ZYX,PDLIM7,RASGEF1B
NQO1,BAG3,SQSTM1,SESN1,GNG13
NQO1,BAG3,CASP3,NMT2
NQO1,BAG3,P4HB,HSPA13
NQO1,HSPA4,LARP7,EPB42
NQO1,BAG3,ST13,F2,SEPHS1
NQO1,HSPA4,SRC,CYSTM1
NQO1,BAG3,ADI1
NQO1,BAG3,HSPA8,DERL1,DPP6
NQO1,BAG3,GRB2,PTPRE
NQO1,HSPA4,DNAJC3,TENM3
NQO1,BAG3,ST13,F2
NQO1,BAG3,SENP1,ZNF420,OXER1
NQO1,BAG3,NEFL,PECAM1
NQO1,HSPA4,ESR1
NQO1,BAG3,HSPA8,DERL1,GNG10
NQO1,HSPA4,AQP2,TM9SF2
NQO1,BAG3,HSPA8,DERL1,ARHGDIG
NQO1,BAG3,HSPA8,DERL1,HCAR1
NQO1,HSPA4,ZBTB18,EEPD1
NQO1,HSPA4,HUWE1,FURIN
NQO1,BAG3,HSPA5,LOC102723407,CNTNAP3
NQO1,BAG3,ETFA,NRAS,BLVRB
NQO1,BAG3,CLK1,PDE9A
NQO1,HSPA4,LARP7,EPB42
NQO1,HSPA4,ABL1,NAA25,ROBO4
NQO1,HSPA4,GSK3B,ACSBG1
NQO1,BAG3,NEFL,PECAM1
NQO1,HSPA4,GSK3B,ACSBG1
NQO1,BAG3,YWHAB,RAI14,CSMD3
NQO1,BAG3,GRB2
NQO1,BAG3,ANXA1
NQO1,BAG3,GRB2,PTPRE
NQO1,HSPA4,PRNP,PLK3,C9
NQO1,BAG3,RAB4A,NISCH
NQO1,BAG3,S100A8,RPL35A,SLC39A14
NQO1,BAG3,GRB2,PTPRE
NQO1,BAG3,NEDD8,EMG1,LPAR4
NQO1,HSPA4,YAP1,PIEZO2
NQO1,HSPA4,YAP1,PIEZO2
NQO1,BAG3,RAB5A,GORASP2,SNX15
NQO1,BAG3,HSPA8,DERL1,ADRA1B
NQO1,BAG3,LRRK2,ZC3H15,CALCRL,RAMP1
NQO1,HSPA4,MAP3K3,MYO1A
NQO1,BAG3,HSPA8,DERL1,SCARB2
NQO1,BAG3,ZYX,PDLIM7,FRMPD2
NQO1,BAG3,P4HB,HSPA13
NQO1,BAG3,RAB4A,NISCH
NQO1,HSPA4,LARP7,EPB42
NQO1,BAG3,HSPA5,LOC102723407,ZACN
NQO1,BAG3,HSPA5,LOC102723407,COL23A1
NQO1,BAG3,ZBTB3,FBXL17,PIGR
NQO1,BAG3,ST13,F2
NQO1,BAG3,HSPA8,DERL1,RAB18
NQO1,BAG3,HSPA5,LOC102723407,RILPL1
NQO1,BAG3,CUL1,HIPK2,PAWR
NQO1,HSPA4,ZMYM2,PSG8
NQO1,BAG3,MAPK7,DSC1
NQO1,BAG3,HSPA8,DERL1,AQP6,TSPO2
NQO1,BAG3,PTPN2,PTPN6,GABRA2
NQO1,BAG3,HSPA8,DERL1,SLC6A8
NQO1,BAG3,BAX,SLC25A4
NQO1,BAG3,HSPA5,LOC102723407,GRID1
NQO1,BAG3,SLC7A1,SLC22A18
NQO1,BAG3,VDAC1,ATP1A1
NQO1,HSPA4,FKBP5,PI4KA,TTC7B
NQO1,HSPA4,SRC,CYSTM1
NQO1,HSPA4,LARP7,EPB42
NQO1,BAG3,DYNC1H1,PRC1,ATP8B2
NQO1,BAG3,HSPA8,DERL1,STXBP5
NQO1,BAG3,HSPA5,LOC102723407,VMP1
NQO1,BAG3,SLC7A1,SLC22A18,KCNA10
NQO1,HSPA4,FKBP5,PI4KA
NQO1,BAG3,LRRK2,ZC3H15,GHRHR
NQO1,BAG3,SQSTM1,SESN1,RAPSN
NQO1,BAG3,GRB2,PTPRE
NQO1,HSPA4,WWOX,CATSPERE,TVP23B,YIPF1
NQO1,HSPA4,SRC,CYSTM1
NQO1,BAG3,HSPA8,DERL1,HTR2B
NQO1,BAG3,GPI,BSG
NQO1,BAG3,UBE2L3,UBE3C,RIMBP2
NQO1,BAG3,VDAC1,ATP1A1
NQO1,BAG3,STMN1,ATP6V1H
NQO1,HSPA4,APBB1,SLAMF7
NQO1,BAG3,RANBP2,MAGEA3,DSCAML1
NQO1,BAG3,GRB2,PTPRE
NQO1,BAG3,HSPA8,DERL1,ABI3,BAIAP2L2
NQO1,HSPA4,ABCC2,TCIRG1
NQO1,HSPA4,HDAC2,PROX1,GYPC
NQO1,BAG3,TJP1,KRT1,C11orf24
NQO1,HSPA4,MAP3K11,IFNAR2
NQO1,BAG3,SYNPO,SGF29,SLC16A8
NQO1,BAG3,VDAC1,ATP1A1
NQO1,BAG3,HSPA8,DERL1,PCDHB12
NQO1,BAG3,DVL1,SMAD1,MC1R
NQO1,HSPA4,MAP3K11,IFNAR2
NQO1,HSPA4,MAP1LC3B,CLEC7A
NQO1,BAG3,HSPA8,DERL1,GRIA2
NQO1,BAG3,HSPA8,DERL1,CDH7
NQO1,HSPA4,PRKAR2A,PALM2AKAP2
NQO1,HSPA4,SYVN1,HACD2,SLC30A3
NQO1,HSPA4,CFTR,CLCA1,MICB
NQO1,BAG3,PKM,NTRK2,CD99
NQO1,BAG3,ETFA,NRAS
NQO1,HSPA4,JUP,CDH8
NQO1,BAG3,CAPZA1,WASHC2A
NQO1,BAG3,PKM,NTRK2,SIRPB1
NQO1,BAG3,RAB5A,GORASP2,OR6T1
NQO1,HSPA4,RAF1,SCNN1B
NQO1,HSPA4,CFTR,CLCA1
NQO1,BAG3,HSPA8,DERL1,CD274,PDCD1,PDCD1LG2
NQO1,BAG3,SSH2,IQGAP1
NQO1,BAG3,ZSCAN20,C3
NQO1,HSPA4,LARP7,EPB42
NQO1,HSPA4,RAP1A,RAPGEF3
NQO1,BAG3,GRB2,PTPRE
NQO1,BAG3,HSPA5,LOC102723407,COL25A1
NQO1,BAG3,PKM,NTRK2,FCER1G,CD300C
NQO1,BAG3,PKM,NTRK2
NQO1,BAG3,RAB4A,NISCH
NQO1,BAG3,DNM2,SHANK1
NQO1,HSPA4,LARP7,EPB42
NQO1,BAG3,YWHAB,RAI14,CHRNA5,LYPD1
NQO1,BAG3,HSPA8,DERL1,LRP5
NQO1,BAG3,HSPA8,DERL1,CAV3
NQO1,BAG3,HSPA8,DERL1,TNFRSF10A
NQO1,HSPA4,AMFR,OR4N2
NQO1,HSPA4,APBB1,SLAMF7
NQO1,BAG3,YWHAB,RAI14,TMC5
NQO1,BAG3,HSPA5,LOC102723407,OSBPL2
NQO1,BAG3,DNM2,SHANK1
NQO1,BAG3,TOM1L2,CALM3,UNC13B
NQO1,BAG3,DNM2,SHANK1
NQO1,BAG3,RAB5A,GORASP2,SLC44A5
NQO1,BAG3,DYNC1H1,PRC1
NQO1,BAG3,DYNC1H1,PRC1
NQO1,BAG3,SUGT1,CNOT6,LRRC55
NQO1,BAG3,HSPA8,DERL1,ARRDC4
NQO1,BAG3,DNM2,SHANK1
NQO1,BAG3,CLK1,PDE9A
NQO1,BAG3,DNAJC5,SLC32A1
NQO1,HSPA4,IRS4,MTNR1B
NQO1,BAG3,CLK1,PDE9A
NQO1,BAG3,SNX20
NQO1,HSPA4,ABL1,NAA25,IHH
NQO1,BAG3,HSPA8,DERL1,NRXN1
NQO1,BAG3,HSPA8,DERL1,CR1L
NQO1,HSPA4,FYN,SLC4A8
NQO1,HSPA4,FYN,SLC4A8
NQO1,HSPA4,PSMD14,MICALL2
NQO1,BAG3,ETFA,NRAS
NQO1,BAG3,LRRK2,ZC3H15,SLC22A16
NQO1,HSPA4,SRC,CYSTM1
NQO1,BAG3,TJP1,KRT1,SNTG2
NQO1,HSPA4,SRC,CYSTM1
NQO1,HSPA4,FKBP5,PI4KA
NQO1,BAG3,SLC7A1,SLC22A18
NQO1,HSPA4,PSMD14,MICALL2
NQO1,BAG3,CDK17,TDRD7,EFNA1
NQO1,BAG3,YWHAB,RAI14,GUCY2F
NQO1,BAG3,GRB2,PTPRE
NQO1,BAG3,HSPA5
NQO1,BAG3,MAPK7,DSC1
NQO1,BAG3,GRB2,PTPRE
NQO1,BAG3,HSPA8,DERL1,CPNE7
NQO1,BAG3,SIRT5,ZSCAN18,CLDN12
NQO1,BAG3,GRB2,PTPRE
NQO1,HSPA4,DCAF1,LLGL2
NQO1,BAG3,HSPA8,DERL1,ADAP1
NQO1,HSPA4,GSK3B,ACSBG1
NQO1,BAG3,HSPA8,DERL1,IFNLR1
NQO1,HSPA4,PRKAA1,STIM2
NQO1,HSPA4,SGTA,CTSL
NQO1,BAG3,HSPA8
NQO1,BAG3,HSPA8,DERL1,SLC26A4
NQO1,HSPA4,COL6A1,LYPD6B
NQO1,BAG3,PCP2,GNAI3,GPR139
NQO1,HSPA4,PRKAA1,STIM2
NQO1,HSPA4,FYN,SLC4A8
NQO1,HSPA4,AKT1,CYTH1
NQO1,BAG3,PTPN2,PTPN6,RTKN2
NQO1,BAG3,PKM,NTRK2
NQO1,BAG3,YWHAB,RAI14,CNR1
NQO1,BAG3,UBA1,TTC19,LTA
NQO1,BAG3,BAX,SLC25A4
NQO1,BAG3,NEFL,PECAM1,CACNA2D2
NQO1,HSPA4,LARP7,EPB42
NQO1,HSPA4,FKBP5,PI4KA,TTC7A
NQO1,HSPA4,FYN,SLC4A8
NQO1,BAG3,PKM,NTRK2
NQO1,BAG3,LRRK2,ZC3H15,ADGRE5
NQO1,BAG3,GRB2,PTPRE
NQO1,BAG3,DNM2,SHANK1
NQO1,BAG3,PTPN2,PTPN6,MUC6
NQO1,HSPA4,APP,PPP1R2,ANO8
NQO1,BAG3,RAB4A,NISCH
NQO1,BAG3,HSPA8,DERL1,ICOS
NQO1,HSPA4,BRAF
NQO1,BAG3,SIRT5,ZSCAN18,CATSPERG
NQO1,BAG3,HSPA5,LOC102723407,PCDHGA9
NQO1,BAG3,SSH2,IQGAP1
NQO1,BAG3,VDAC1,ATP1A1
NQO1,BAG3,CAPZA1,WASHC2A
NQO1,BAG3,CDH1
NQO1,HSPA4,SRC,CYSTM1
NQO1,HSPA4,COL6A1,LYPD6B
NQO1,BAG3,MRPS10,ZNF707,COL4A5,SLC10A4
NQO1,HSPA4,PRDX3
NQO1,BAG3,YWHAH
NQO1,HSPA4,SRC,CYSTM1
NQO1,BAG3,YWHAB,RAI14,LIM2
NQO1,BAG3,GRB2,PTPRE
NQO1,BAG3,AIF1L,RHOD,RGS9
NQO1,BAG3,YWHAB,RAI14,ENPP6
NQO1,BAG3,CAPZA1,WASHC2A
NQO1,BAG3,ZSCAN20,C3
NQO1,BAG3,HSPA5,LOC102723407,COL13A1
NQO1,BAG3,GLIS3,SUFU,GRIN3B
NQO1,BAG3,DYNC1H1,PRC1
NQO1,BAG3,SQSTM1,SESN1,ADGRD1
NQO1,HSPA4,MET
NQO1,BAG3,MYC,ELL,IL2RG
NQO1,HSPA4,FYN,SLC4A8
NQO1,HSPA4,GSK3B
NQO1,BAG3,EFTUD2,PRPSAP2,CABP2
NQO1,BAG3,HSPA8,DERL1,GNG5
NQO1,BAG3,NEDD8,EMG1,ATP6AP1
NQO1,BAG3,ZSCAN20,C3
NQO1,HSPA4,GSK3B,ACSBG1
NQO1,HSPA4,JUP
NQO1,HSPA4,UBQLN2
NQO1,BAG3,HSPA8,DERL1,AGTR1
NQO1,HSPA4,CFTR,CLCA1
NQO1,BAG3,CDK17,TDRD7,EFNA4
NQO1,BAG3,HSPA5,LOC102723407,PCDHGC5
NQO1,HSPA4,MACROH2A1,CGAS
NQO1,BAG3,HSPA8,DERL1,NLRP6
NQO1,BAG3,HSPA8,DERL1,GPR50
NQO1,BAG3,HSPA8,DERL1,SLC4A1
NQO1,BAG3,HSPA8,DERL1,FGB
NQO1,BAG3,TJP1
NQO1,BAG3,GRB2,PTPRE
NQO1,HSPA4,FKBP5,PI4KA
NQO1,BAG3,DYNC1H1,PRC1
NQO1,BAG3,MAPK7,DSC1
NQO1,BAG3,ETFA,NRAS
NQO1,HSPA4,PRKAA1,STIM2
NQO1,BAG3,VDAC1,ATP1A1
NQO1,HSPA4,ABL1,NAA25,PAQR6
NQO1,BAG3,GRB2,PTPRE
NQO1,HSPA4,RAP1A,RAPGEF3
NQO1,BAG3,RAB4A,NISCH
NQO1,HSPA4,LARP7,EPB42
NQO1,HSPA4,RAP1A,RAPGEF3
NQO1,BAG3,ACTB,WFDC2,PCDHA11
NQO1,BAG3,MAPK11,ARHGAP12,PTGIR
NQO1,HSPA4,GZMB,PRF1
NQO1,BAG3,HSPA8,DERL1,ADAMTS13,CELSR1
NQO1,BAG3,HSPA8,DERL1,NTNG2
NQO1,BAG3,MAPK7,DSC1,CD8A
NQO1,HSPA4,YAP1,PIEZO2
NQO1,BAG3,CASP3,NMT2
NQO1,BAG3,CSDE1,CNOT1,LRRC3
NQO1,BAG3,HSF2,OBSCN
NQO1,BAG3,CDK1,TSPYL2,ADGRA2
NQO1,HSPA4,NTRK1,IGLL5,ADAM2
NQO1,BAG3,MAPK7,DSC1
NQO1,BAG3,VDAC1,ATP1A1
NQO1,BAG3,PCP2,GNAI3,S1PR5
NQO1,BAG3,SIRT5,ZSCAN18,RTN4R,OMG
NQO1,BAG3,RAB4A,NISCH
NQO1,HSPA4,SRC,CYSTM1
NQO1,BAG3,AIF1L,RHOD,IGSF8
NQO1,BAG3,HSP90AB1
NQO1,BAG3,DNAJC5,SLC32A1,OR2AG1
NQO1,HSPA4,PRKAR2A,PALM2AKAP2
NQO1,BAG3,CSDE1,CNOT1,GABRA3
NQO1,BAG3,AIF1L,RHOD
NQO1,BAG3,TRIB3,MYH10,FGF10
NQO1,BAG3,LITAF,HPCAL4,CACNB1
NQO1,BAG3,PKM,NTRK2
NQO1,HSPA4,FYN,SLC4A8
NQO1,HSPA4,RAP1A,RAPGEF3
NQO1,BAG3,MAPK7,DSC1
NQO1,HSPA4,NOS1,UTRN
NQO1,BAG3,PTPN2,PTPN6,SLAMF6
NQO1,BAG3,YWHAB,RAI14,SLC7A7
NQO1,HSPA4,HUWE1,FURIN
NQO1,BAG3,AIF1L,RHOD
NQO1,BAG3,PKM,NTRK2,GABRB1
NQO1,BAG3,NEDD8,EMG1,ADRA2B
NQO1,HSPA4,GSK3B,ACSBG1
NQO1,BAG3,SLC7A1,SLC22A18
NQO1,HSPA4,AKT1,CYTH1
NQO1,HSPA4,RAF1,SCNN1B
NQO1,BAG3,HSPA8,DERL1,TMEM30B
NQO1,HSPA4,FYN,SLC4A8,TYROBP,TREM1
NQO1,HSPA4,SHMT2,NDUFAF5,GLRA2
NQO1,HSPA4,CFTR,CLCA1
NQO1,BAG3,HSF2,OBSCN
NQO1,HSPA4,CCT2,RDH8
NQO1,HSPA4,SRC,CYSTM1
NQO1,BAG3,GPI,BSG
NQO1,BAG3,HSPA8,DERL1,CDH6
NQO1,HSPA4,TGFBR1,CLEC2B
NQO1,HSPA4,MTOR,RHEBL1
NQO1,HSPA4,APBB1,SLAMF7
NQO1,BAG3,LOXL4,RNF4,UNC80,NALF1
NQO1,BAG3,CAPZA1,WASHC2A
NQO1,BAG3,PCP2,GNAI3,HTR1E
NQO1,HSPA4,GSK3B,ACSBG1
NQO1,BAG3,DNAJC5,SLC32A1
NQO1,BAG3,HSPB1,MAPKAPK5,ANKRD13B
NQO1,BAG3,STMN1,ATP6V1H
NQO1,BAG3,BAX,SLC25A4,CPNE6
NQO1,HSPA4,AKT1,CYTH1
NQO1,BAG3,GRB2,PTPRE
NQO1,BAG3,PKM,NTRK2
NQO1,BAG3,PKM,NTRK2
NQO1,HSPA4,SRC,CYSTM1,SLC9A3R2,OR52B2
NQO1,HSPA4,SNCA
NQO1,BAG3,SUGT1,CNOT6,CTNND2
NQO1,BAG3,DNM2,SHANK1
NQO1,HSPA4,SRC,CYSTM1
NQO1,BAG3,PCP2,GNAI3,GCGR
NQO1,BAG3,DNAJC5,SLC32A1
NQO1,BAG3,HSPA8,DERL1,CERS2,SLC22A1
NQO1,BAG3,GRB2,PTPRE
NQO1,HSPA4,SSH1
NQO1,BAG3,HSPA8,DERL1,NRXN1,SYT13
NQO1,BAG3,HSPA8,DERL1,SLC6A15
NQO1,BAG3,NEDD8,EMG1,NDUFC2
NQO1,HSPA4,SRC,CYSTM1
NQO1,HSPA4,SRC,CYSTM1
NQO1,BAG3,HSPA8,DERL1,PRRT2
NQO1,BAG3,HSP90AB1,SMYD3,CYSLTR2
NQO1,BAG3,CLK1,PDE9A
NQO1,BAG3,HSPA8,DERL1,PHF7
NQO1,BAG3,DNAJC5,SLC32A1
NQO1,BAG3,NEDD8,EMG1,CHRNA4
NQO1,BAG3,HSPA8,DERL1,GRM3
NQO1,BAG3,TJP1,KRT1,CNST
NQO1,BAG3,DYNC1H1,PRC1
NQO1,BAG3,HSPA8,DERL1,CD84
NQO1,BAG3,S100A8,RPL35A,SIRPG
NQO1,BAG3,RAB5A,GORASP2,CD68
NQO1,BAG3,PKM,NTRK2
NQO1,BAG3,CDH1,SIN3A,CHRNA1
NQO1,HSPA4,LARP7,EPB42
NQO1,HSPA4,SRC,CYSTM1
NQO1,BAG3,GRB2,PTPRE
NQO1,BAG3,VDAC1,ATP1A1
NQO1,HSPA4,FKBP5,PI4KA
NQO1,BAG3,SMAD3,LDLRAD4,C1QTNF5
NQO1,HSPA4,RAP1A,RAPGEF3
NQO1,BAG3,DNM2,SHANK1
NQO1,HSPA4,AKT1,CYTH1
NQO1,BAG3,ETFA,NRAS
NQO1,BAG3,PKM,NTRK2
NQO1,BAG3,HSPA8,DERL1,SLC27A6
NQO1,BAG3,SSH2,IQGAP1,PCSK9
NQO1,BAG3,ETFA,NRAS,PLCH2
NQO1,BAG3,RAB4A,NISCH
NQO1,HSPA4,AKT1,CYTH1
NQO1,BAG3,HSP90AB1,SMYD3,CD28
NQO1,BAG3,GRB2,PTPRE,CBLB
NQO1,BAG3,RAB5A,GORASP2,ABCA6
NQO1,HSPA4,APBB1,SLAMF7
NQO1,HSPA4,AR,SLC43A1
NQO1,BAG3,HSPA8,DERL1,ITGB8
NQO1,BAG3,MRPS10,ZNF707,PLPP2
NQO1,BAG3,ZBTB3,FBXL17,DGKD
NQO1,BAG3,HSPA8,DERL1,SDK1
NQO1,BAG3,YWHAB,RAI14,ITGAD
NQO1,BAG3,HSPA8,DERL1,RAB35
NQO1,HSPA4,UBQLN2,CYP20A1,ADAM18
NQO1,BAG3,PTPN2,PTPN6,FCHSD2
NQO1,BAG3,YWHAB,RAI14,SDK2
NQO1,HSPA4,RAP1A,RAPGEF3
NQO1,BAG3,LRRK2,ZC3H15,GALR2
NQO1,BAG3,HSPA5,LOC102723407,ENPP7
NQO1,BAG3,DLG3,ZFP91,GRIK3
NQO1,HSPA4,AKT1,CYTH1
NQO1,BAG3,HSPA8,DERL1,ATP6V0C
NQO1,BAG3,GRB2,PTPRE
NQO1,HSPA4,UNK,RBFOX2,ATP8A1
NQO1,HSPA4,GSK3B,ACSBG1
NQO1,HSPA4,MACROH2A1,CGAS
NQO1,BAG3,VDAC1,ATP1A1,OAS3
NQO1,HSPA4,SRC,CYSTM1
NQO1,HSPA4,TRIM32,AKTIP
NQO1,HSPA4,PGR,C4A
NQO1,BAG3,DYNC1H1,PRC1
NQO1,HSPA4,YAP1,PIEZO2,CYTH4
NQO1,BAG3,RUNX2,SMAD6,RGMA
NQO1,BAG3,ENO1,HINT2,DPEP1
NQO1,HSPA4,SRC,CYSTM1
NQO1,HSPA4,DNMBP,RASGRF2
NQO1,HSPA4,AR,SLC43A1
NQO1,BAG3,HSPA8,DERL1,CHRNB4
NQO1,BAG3,PKM,NTRK2
NQO1,HSPA4,PSMD14,MICALL2
NQO1,BAG3,CUL1,HIPK2,VPS35L
NQO1,BAG3,MYC,ELL,ADH1C
NQO1,BAG3,NECTIN3,NOTCH2NLC,KCNS2
NQO1,HSPA4,BAG4,TNFRSF25
NQO1,BAG3,HSPA8,DERL1,CDH18
NQO1,HSPA4,MAP3K11,IFNAR2
NQO1,BAG3,ST13,F2
NQO1,BAG3,TOM1L2,CALM3,CACNA1E
NQO1,HSPA4,SRC,CYSTM1
NQO1,BAG3,CDK1,TSPYL2,CPEB3
NQO1,BAG3,SLC7A1,SLC22A18
NQO1,BAG3,HSPA5,LOC102723407,TLR8
NQO1,HSPA4,LARP7,EPB42
NQO1,BAG3,DNAJC5,SLC32A1
NQO1,BAG3,HSPB8,TPM1,HAS3
NQO1,BAG3,ETFA,NRAS
NQO1,BAG3,ZSCAN20,C3,LSP1
NQO1,BAG3,RAB4A,NISCH
NQO1,BAG3,PSMD2,PSMB7,CD226,MBLAC2
NQO1,HSPA4,CCP110,KIF24,KCNN3
NQO1,BAG3,MYC,ELL,KIR3DL2
NQO1,BAG3,CLK1,PDE9A
NQO1,HSPA4,TGFBR1
NQO1,HSPA4,TLR4
NQO1,BAG3,MAPK7,DSC1
NQO1,BAG3,HSPA8,DERL1,PCDHAC2
NQO1,BAG3,P4HB,HSPA13
NQO1,BAG3,HSPA5,LOC102723407,CHRNE
NQO1,BAG3,HSPA8,DERL1,CHRDL1
NQO1,BAG3,CASP3,NMT2
NQO1,BAG3,ENO1,HINT2,LYPLA1
NQO1,BAG3,HSPA8,DERL1,KANSL2
NQO1,HSPA4,PRKAA1,STIM2
NQO1,BAG3,GRB2,PTPRE
NQO1,BAG3,EFTUD2,PRPSAP2,SLC9C1
NQO1,BAG3,DNAJC5,SLC32A1
NQO1,BAG3,ETFA,NRAS
NQO1,BAG3,SQSTM1,SESN1,TACR1
NQO1,BAG3,ETFA,NRAS
NQO1,BAG3,PKM,NTRK2
NQO1,BAG3,RPSA,RRS1,HNF4G,HAS2
NQO1,HSPA4,KRT18,PSTPIP2
NQO1,HSPA4,PGR,C4A
NQO1,HSPA4,LARP7,EPB42
NQO1,BAG3,SUGT1,CNOT6,GABRA1
NQO1,HSPA4,SGTA,CTSL
NQO1,HSPA4,TAB1,PCDHGB4
NQO1,BAG3,CAPZA1,WASHC2A
NQO1,HSPA4,APBB1,SLAMF7
NQO1,BAG3,GRB2,PTPRE
NQO1,HSPA4,SGTA,CTSL
NQO1,BAG3,HSPA8,DERL1,PIP4K2B
NQO1,BAG3,CDK17,TDRD7,TSPAN12
NQO1,BAG3,CAPZA1,WASHC2A
NQO1,BAG3,VDAC1,ATP1A1
NQO1,BAG3,STMN1,ATP6V1H
NQO1,BAG3,DNAJC5,SLC32A1
NQO1,BAG3,PKM,NTRK2
NQO1,HSPA4,SYVN1,HACD2,NDRG4
NQO1,BAG3,PDCD6IP,SRI,GNAL
NQO1,HSPA4,PRKAA1,STIM2
NQO1,HSPA4,PRKCD,PDP2,CR1
NQO1,BAG3,DLG3,ZFP91,SLC15A2
NQO1,BAG3,ETFA,NRAS,SLITRK6
NQO1,BAG3,SIRT5,ZSCAN18,ATP8B1
NQO1,BAG3,GRB2,PTPRE
NQO1,HSPA4,RAP1A,RAPGEF3
NQO1,BAG3,HSPA8,DERL1,MESD
NQO1,BAG3,LRRK2,ZC3H15,CALCRL
NQO1,BAG3,UBE2Z,RNF130,CD27,CD70
NQO1,BAG3,PDCD6IP,SRI,MVB12B
NQO1,BAG3,NEFL,PECAM1
NQO1,BAG3,IRAK2,SESTD1,APH1A
NQO1,BAG3,YWHAB,RAI14,ANXA13
NQO1,BAG3,CASP3,NMT2
NQO1,BAG3,ZSCAN20,C3
NQO1,BAG3,SQSTM1,SESN1,RHBDL1
NQO1,BAG3,PKM,NTRK2
NQO1,BAG3,HSPA8,DERL1,SYTL4
NQO1,BAG3,SQSTM1,SESN1,BDKRB1
NQO1,HSPA4,COPS5,NUDT16L1,OR51B2
NQO1,BAG3,HSPB1,MAPKAPK5,FCN1
NQO1,BAG3,NEFL,PECAM1
NQO1,BAG3,MAPK7,DSC1
NQO1,BAG3,CDK17,TDRD7,ARHGEF5
NQO1,HSPA4,SRC,CYSTM1
NQO1,BAG3,DLG3,ZFP91,DGAT1
NQO1,BAG3,NEFL,PECAM1
NQO1,BAG3,YWHAB,RAI14,KCNH1
NQO1,BAG3,YWHAZ,HDAC9,HLA-DPA1
NQO1,BAG3,HSPA8,DERL1,PPFIBP1
NQO1,BAG3,HSP90AB1,SMYD3,OLFM4
NQO1,HSPA4,SRC,CYSTM1
NQO1,HSPA4,SRC,CYSTM1
NQO1,BAG3,GRB2,PTPRE
NQO1,HSPA4,MACROH2A1,CGAS
NQO1,HSPA4,MTOR,RHEBL1
NQO1,BAG3,RAB5A,GORASP2,CACNA2D1
NQO1,HSPA4,DNAJC3,TENM3
NQO1,HSPA4,NTRK1,IGLL5,ULBP1
NQO1,HSPA4,PRKACA,AKAP7,PKD1L3
NQO1,BAG3,HSPA8,DERL1,EFHD2,OR2K2
NQO1,BAG3,HSPA5,LOC102723407,SEMA4G
NQO1,BAG3,HSPA8,DERL1,REPS1
NQO1,BAG3,CDK1,TSPYL2,ATP23
NQO1,BAG3,PKM,NTRK2
NQO1,BAG3,SQSTM1,SESN1,DENND3,RAB12
NQO1,BAG3,PKM,NTRK2
NQO1,BAG3,HSPA8,DERL1,ITGB5
NQO1,BAG3,HSPA8,DERL1,STAB2
NQO1,HSPA4,CCT2,RDH8
NQO1,BAG3,RPSA
NQO1,BAG3,GRB2,PTPRE
NQO1,HSPA4,CARS1,ABTB1
NQO1,BAG3,HSPA8,DERL1,PRCP
NQO1,BAG3,YWHAB,RAI14,NEXN
NQO1,HSPA4,SRC,CYSTM1
NQO1,HSPA4,FYN,SLC4A8
NQO1,BAG3,TOM1L2,CALM3,SCTR
NQO1,BAG3,STMN1,ATP6V1H
NQO1,BAG3,DNAJC5,SLC32A1
NQO1,HSPA4,CFTR,CLCA1
NQO1,BAG3,HSPA8,DERL1,SLITRK4
NQO1,HSPA4,COL6A1,LYPD6B
NQO1,HSPA4,PRKAA1,STIM2
NQO1,BAG3,CASP3,NMT2
NQO1,HSPA4,MAP3K11,IFNAR2
NQO1,BAG3,GRB2,PTPRE
NQO1,BAG3,HSPA8,DERL1,KCNN4
NQO1,BAG3,SQSTM1,SESN1,NMUR1
NQO1,BAG3,HSPA8,DERL1,BTN2A2
NQO1,BAG3,PCP2,GNAI3,ADGRF1
NQO1,BAG3,YWHAB,RAI14,GDE1
NQO1,BAG3,LOXL4,RNF4,P2RX5
NQO1,BAG3,PTPN2,PTPN6,BTC
NQO1,HSPA4,CARS1,ABTB1
NQO1,BAG3,DNAJC5,SLC32A1
NQO1,BAG3,SLC7A1,SLC22A18
NQO1,HSPA4,ABL1,NAA25,CATSPER1,CACNA1I
NQO1,HSPA4,ATR,FAAP24,CD200R1,CD200
NQO1,BAG3,ETFA,NRAS,DGKE
NQO1,BAG3,MAPK7,DSC1
NQO1,HSPA4,FYN,SLC4A8
NQO1,BAG3,GPI,BSG
NQO1,BAG3,ACTB,WFDC2,S100A13
NQO1,BAG3,HSPA8,DERL1,TAOK3
NQO1,BAG3,S100G,calcium(2+),CDH16,SLC39A6
NQO1,BAG3,PCP2,GNAI3,NPY4R2
NQO1,BAG3,CAPZA1,WASHC2A
NQO1,BAG3,HSPA8,DERL1,CAMK1G
NQO1,BAG3,GRB2,PTPRE
NQO1,BAG3,CLK1,PDE9A
NQO1,HSPA4,TGFBR1,CLEC2B
NQO1,BAG3,SLC7A1,SLC22A18
NQO1,BAG3,USF1,TAF7,TSPAN14
NQO1,HSPA4,FYN,SLC4A8
NQO1,HSPA4,CYP51A1,KCNA2
NQO1,BAG3,VDAC1,ATP1A1
NQO1,HSPA4,YAP1,PIEZO2
NQO1,BAG3,HSPA8,DERL1,KCNAB3
NQO1,BAG3,TOM1L2,CALM3,ADORA2A,ADORA2B
NQO1,BAG3,CDK1,TSPYL2,ORAI3
NQO1,HSPA4,SRC,CYSTM1
NQO1,BAG3,SIRT5,ZSCAN18,SLC8A3
NQO1,BAG3,UBE2Z,RNF130,TNFRSF17
NQO1,BAG3,YWHAB,RAI14,ITGA2
NQO1,BAG3,MAPK11,ARHGAP12,CSPG4
NQO1,BAG3,PCP2,GNAI3,RGS7
NQO1,BAG3,ZSCAN20,C3,ITGA9
NQO1,BAG3,P4HB,HSPA13
NQO1,BAG3,DNAJC5,SLC32A1
NQO1,BAG3,P4HB,HSPA13
NQO1,HSPA4,YAP1,PIEZO2
NQO1,BAG3,RAB5A
NQO1,BAG3,S100P,THAP10,SLC12A5
NQO1,BAG3,HSF1,RNF20,SSTR5
NQO1,BAG3,ACTB,WFDC2,PAQR8
NQO1,HSPA4,LARP7,EPB42
NQO1,BAG3,GAB1,PTPN9,PIK3R5
NQO1,BAG3,HSPA5,LOC102723407,TNFSF18
NQO1,BAG3,HSPA8,DERL1,CDH12
NQO1,HSPA4,SGTA,CTSL
NQO1,HSPA4,SGTA,CTSL
NQO1,HSPA4,AQP2,TM9SF2
NQO1,BAG3,ETFA,NRAS,TBC1D24
NQO1,BAG3,PCDHGB2
NQO1,BAG3,NEDD8,EMG1,EDNRB
NQO1,HSPA4,KCND3,KCNIP1
NQO1,BAG3,PKM,NTRK2,ABCA12
NQO1,BAG3,HSPA8,DERL1,ARHGAP45
NQO1,HSPA4,YAP1,PIEZO2
NQO1,HSPA4,MTOR,RHEBL1
NQO1,BAG3,HSPA8,DERL1,PALM3
NQO1,BAG3,HSPA8,DERL1,CD1A
NQO1,BAG3,YWHAB,RAI14,ADCY5
NQO1,HSPA4,COL6A1,LYPD6B
NQO1,BAG3,HSPA8,DERL1,RERG
NQO1,BAG3,PCP2,GNAI3,NPY1R
NQO1,BAG3,VDAC1,ATP1A1
NQO1,BAG3,HSPA8,DERL1,NTM
NQO1,BAG3,HSPA8,DERL1,FCHO1
NQO1,BAG3,DNAJC5,SLC32A1,FRMD7
NQO1,BAG3,HSP90AB1,SMYD3,NPPA,NPR3
NQO1,BAG3,CDK17,TDRD7,PTGER4
NQO1,HSPA4,LARP7,EPB42
NQO1,BAG3,SMAD3,LDLRAD4,ZDHHC22
NQO1,BAG3,PCP2,GNAI3,S1PR3
NQO1,BAG3,YWHAB,RAI14,MADD
NQO1,BAG3,HSPA8,DERL1,USP6
NQO1,BAG3,YWHAB,RAI14,ABCG1
NQO1,BAG3,HSPA8,DERL1,STX3
NQO1,BAG3,HSPA8,DERL1,SLC12A7
NQO1,BAG3,HSPA8,DERL1,GLG1
NQO1,HSPA4,TRIM32,AKTIP
NQO1,HSPA4,AR
NQO1,BAG3,HSPA8,DERL1,JAM3
NQO1,BAG3,AIF1L,RHOD
NQO1,BAG3,DYNC1H1,PRC1
NQO1,BAG3,HSPA5,LOC102723407,OR14J1
NQO1,BAG3,VDAC1,ATP1A1
NQO1,BAG3,YWHAB,RAI14,NRXN2
NQO1,HSPA4,SRC,CYSTM1
NQO1,BAG3,GAB1,PTPN9,SKAP1
NQO1,BAG3,DYNC1H1,PRC1
NQO1,HSPA4,MTOR,RHEBL1
NQO1,BAG3,GRB2,PTPRE
NQO1,BAG3,RAB5A,GORASP2,LRP10
NQO1,HSPA4,ATR,FAAP24,CD200R1
NQO1,BAG3,SIRT5,ZSCAN18,SLC16A6
NQO1,HSPA4,UNK,RBFOX2,ATP8B4
NQO1,BAG3,VDAC1,ATP1A1
NQO1,BAG3,SIRT5,ZSCAN18,RTN4RL1
NQO1,BAG3,YWHAB,RAI14,TGFBR3
NQO1,HSPA4,PSMD14,MICALL2
NQO1,HSPA4,SRC,CYSTM1,LYNX1
NQO1,BAG3,DVL1,SMAD1,KL
NQO1,BAG3,CASP3,NMT2
NQO1,BAG3,PKM,NTRK2
NQO1,HSPA4,TLR9
NQO1,BAG3,DYNC1H1,PRC1
NQO1,BAG3,ETFA,NRAS
NQO1,BAG3,CASP3,NMT2
NQO1,BAG3,TJP1,KRT1,C2CD5
NQO1,HSPA4,AQP2,TM9SF2
NQO1,BAG3,HSPA8,DERL1,SLC4A2
NQO1,BAG3,HSPA8,DERL1,SYPL1
NQO1,HSPA4,TGFBR1,CLEC2B
NQO1,BAG3,HSPA8,DERL1,GPR161
NQO1,BAG3,PTPN2,PTPN6,CD300LF
NQO1,BAG3,CHMP4C,STAMBP
NQO1,HSPA4,RAP1A,RAPGEF3
NQO1,HSPA4,MTOR,RHEBL1
NQO1,HSPA4,PXN,PARVB
NQO1,HSPA4,PRKAR2A,PALM2AKAP2
NQO1,BAG3,DNAJC5,SLC32A1,BTNL8
NQO1,BAG3,RAB4A,NISCH
NQO1,BAG3,CAPZA1,WASHC2A
NQO1,BAG3,RAB5A,GORASP2,SLC30A2
NQO1,HSPA4,PXN,PARVB
NQO1,HSPA4,MACROH2A1,CGAS
NQO1,BAG3,ETFA,NRAS
NQO1,BAG3,YWHAB,RAI14,PSG6
NQO1,BAG3,RAB4A,NISCH
NQO1,BAG3,HSPA8,DERL1,KREMEN2
NQO1,HSPA4,AR,SLC43A1
NQO1,BAG3,EZR,PLCB3,NTN4
NQO1,BAG3,DVL1,SMAD1,GOLGA7B
NQO1,HSPA4,SLC9A1
NQO1,BAG3,RAB4A,NISCH
NQO1,BAG3,MRPS10,ZNF707,GPRC5C
NQO1,HSPA4,ETAA1,ZNF536,TMPRSS12
NQO1,HSPA4,JUP,CDH8
NQO1,BAG3,HSPA8,DERL1,INPP5E
NQO1,HSPA4,PSMD14,MICALL2
NQO1,BAG3,PKM,NTRK2
NQO1,BAG3,CLK1,PDE9A
NQO1,BAG3,HSPA8,DERL1,ADAM9
NQO1,BAG3,HSPA8,DERL1,FREM2
NQO1,BAG3,PKM,NTRK2,FCER1G,CD300C
NQO1,BAG3,BAX,SLC25A4
NQO1,HSPA4,AR,SLC43A1
NQO1,HSPA4,SGTA,CTSL
NQO1,HSPA4,FYN,SLC4A8
NQO1,BAG3,HSPA8,DERL1,CXCR2
NQO1,HSPA4,FYN,SLC4A8
NQO1,BAG3,VDAC1,ATP1A1
NQO1,BAG3,HSPA8,DERL1,SLC12A6
NQO1,HSPA4,PSMD14,MICALL2
NQO1,BAG3,SUGT1,CNOT6,GABRA1,GABRG3
NQO1,HSPA4,ZBTB18,EEPD1
NQO1,BAG3,PKM,NTRK2,CD47
NQO1,BAG3,RUNX2,SMAD6,CXCL12,CCR10
NQO1,HSPA4,NCOR1,PMEPA1,ZNF804A
NQO1,BAG3,HSPA8,DERL1,ITGB1BP1
NQO1,HSPA4,LARP7,EPB42
NQO1,BAG3,HSPA8,DERL1,LIMS2
NQO1,BAG3,HSF2,OBSCN
NQO1,HSPA4,RAP1A,RAPGEF3
NQO1,BAG3,VDAC1,ATP1A1
NQO1,HSPA4,TTC1,GNA15
NQO1,HSPA4,PSMD14,MICALL2
NQO1,BAG3,YWHAB,RAI14,TNFSF13B
NQO1,BAG3,AIF1L,RHOD
NQO1,BAG3,VDAC1,ATP1A1
NQO1,BAG3,NEDD8,EMG1,SLC1A1,SLC1A4
NQO1,BAG3,DNAJC5,SLC32A1
NQO1,HSPA4,LARP7,EPB42
NQO1,HSPA4,TRIM32,AKTIP
NQO1,BAG3,PDCD6IP,SRI,GRIK1
NQO1,BAG3,HSPA8,DERL1,HLA-DRA
NQO1,BAG3,PKM,NTRK2,ACP3
NQO1,HSPA4,AMFR,OR4N2
NQO1,HSPA4,DCAF1,LLGL2
NQO1,BAG3,LRRK2,ZC3H15,FZD10
NQO1,HSPA4,PSMD14,MICALL2
NQO1,BAG3,HSPA8,DERL1,CA12
NQO1,BAG3,SQSTM1,SESN1,GPR152
NQO1,BAG3,GRB2,PTPRE
NQO1,BAG3,VDAC1,ATP1A1
NQO1,BAG3,HSPA8,DERL1,KIR3DL1
NQO1,BAG3,HSPA8,DERL1,ENTHD1
NQO1,BAG3,HSPA8,DERL1,MOG
NQO1,BAG3,HSPA8,DERL1,PRKD3
NQO1,BAG3,TJP1,KRT1,GJC1
NQO1,BAG3,DLG3,ZFP91,NLGN4X
NQO1,HSPA4,NCOR1,PMEPA1
NQO1,BAG3,YWHAB,RAI14,ADRB1
NQO1,HSPA4,MTOR,RHEBL1
NQO1,BAG3,CDK17,TDRD7,CLCN3
NQO1,HSPA4,NOS1,UTRN
NQO1,BAG3,DYNC1H1,PRC1
NQO1,HSPA4,MACROH2A1,CGAS
NQO1,HSPA4,PRNP,PLK3,PRPH2,ROM1
NQO1,BAG3,HSPA8,DERL1,LRRC4B
NQO1,HSPA4,LARP7,EPB42
NQO1,BAG3,DNAJC5,SLC32A1
NQO1,BAG3,P4HB,HSPA13
NQO1,BAG3,RAB4A,NISCH
NQO1,BAG3,NEDD8,EMG1,VPS37B
NQO1,BAG3,HSPA5,LOC102723407,SYT7
NQO1,BAG3,PCP2,GNAI3,DRD4
NQO1,BAG3,PKM,NTRK2
NQO1,HSPA4,HUWE1,FURIN
NQO1,BAG3,YWHAB,RAI14,BCHE
NQO1,BAG3,PKM,NTRK2,PCDH12
NQO1,HSPA4,SGTA,CTSL
NQO1,BAG3,DYNC1H1,PRC1,BTNL9
NQO1,BAG3,HSPA8,DERL1,NID2
NQO1,BAG3,PCP2,GNAI3,CX3CR1
NQO1,HSPA4,APBB1,SLAMF7
NQO1,BAG3,ZSCAN20,C3
NQO1,BAG3,DYNC1H1,PRC1
NQO1,HSPA4,JUP,CDH8
NQO1,HSPA4,FYN,SLC4A8
NQO1,BAG3,IRAK2,SESTD1,TMBIM6
NQO1,HSPA4,MAP3K3,MYO1A
NQO1,BAG3,HSPA8,DERL1,AGTR1,AGTRAP
NQO1,BAG3,DVL1,SMAD1,FZD8
NQO1,HSPA4,AKT1,CYTH1
NQO1,HSPA4,AKT1,CYTH1
NQO1,HSPA4,AKT1,CYTH1
NQO1,BAG3,PKM,NTRK2
NQO1,BAG3,VDAC1,ATP1A1,TMEM179B
NQO1,HSPA4,AKT1,CYTH1
NQO1,BAG3,HSPA5,LOC102723407,SPINT1
NQO1,BAG3,HSPA8,DERL1,CD59
NQO1,HSPA4,TUBG1,XRN1
NQO1,BAG3,PDCD6IP,SRI,GNAT3
NQO1,BAG3,LOXL4,RNF4,UNC80,NALF1
NQO1,BAG3,VDAC1,ATP1A1
NQO1,HSPA4,AKT1,CYTH1
NQO1,BAG3,HSPA8,DERL1,WNT1
NQO1,BAG3,SLC7A1,SLC22A18
NQO1,BAG3,PCP2
NQO1,BAG3,YWHAB,RAI14,HEPHL1
NQO1,BAG3,TJP1,KRT1,TMPRSS11B
NQO1,BAG3,EIF4A2,SLC16A9
NQO1,BAG3,HSPA8,DERL1,NEGR1
NQO1,HSPA4,AKT1,CYTH1
NQO1,BAG3,PCP2,GNAI3
NQO1,HSPA4,FYN,SLC4A8
NQO1,HSPA4,KCNQ1
NQO1,BAG3,HSPA8,DERL1,FOLH1
NQO1,BAG3,YWHAB,RAI14,CALN1
NQO1,BAG3,PKM,NTRK2
NQO1,BAG3,HSPA8,DERL1,FLRT2,UNC5D
NQO1,HSPA4,AKT1,CYTH1
NQO1,HSPA4,YAP1,PIEZO2
NQO1,BAG3,YWHAB,RAI14,TMPRSS11A
NQO1,BAG3,PKM,NTRK2
NQO1,BAG3,DYNC1H1,PRC1
NQO1,BAG3,ETFA,NRAS,PCDH18
NQO1,BAG3,GRB2,PTPRE
NQO1,BAG3,YWHAB,RAI14,CYTH2
NQO1,BAG3,HSPA8,DERL1,TTLL12
NQO1,HSPA4,SGTA,CTSL
NQO1,BAG3,SSH2,IQGAP1
NQO1,HSPA4,HUWE1,FURIN
NQO1,HSPA4,RAP1A,RAPGEF3
NQO1,HSPA4,TARDBP,PTBP3,GGT7
NQO1,BAG3,ZSCAN20,C3,OR6C70
NQO1,BAG3,GRB2,PTPRE
NQO1,BAG3,ZSCAN20,C3
NQO1,BAG3,S100A8,RPL35A,SLC39A12
NQO1,HSPA4,FYN,SLC4A8,TYROBP
NQO1,BAG3,RAB4A,NISCH
NQO1,HSPA4,SRC,CYSTM1
NQO1,BAG3,CDH1,SIN3A,SLC20A1
NQO1,HSPA4,CCT2,RDH8
NQO1,BAG3,NEFL,PECAM1
NQO1,BAG3,GRB2,PTPRE
NQO1,BAG3,HSPA8,DERL1,GBP1
NQO1,BAG3,GRB2,PTPRE
NQO1,BAG3,HSP90AB1,SMYD3,GFRAL
NQO1,BAG3,HSPA8,DERL1,GLO1
NQO1,BAG3,HSPA8,DERL1,SLC36A1
NQO1,BAG3,S100G,calcium(2+),CDH19
NQO1,BAG3,PKM,NTRK2
NQO1,BAG3,SLC7A1,SLC22A18
NQO1,HSPA4,SRC,CYSTM1
NQO1,BAG3,UBE2Z,RNF130,TNFRSF13C
NQO1,HSPA4,JUP,CDH8
NQO1,HSPA4,CYP51A1,KCNA2
NQO1,HSPA4,SGTA,CTSL
NQO1,HSPA4,CFTR,CLCA1
NQO1,BAG3,RASL11B,RAP1GDS1,RAB28
NQO1,BAG3,GRB2,PTPRE
NQO1,BAG3,CUL1,HIPK2,IL22RA1
NQO1,BAG3,CDH1,SIN3A,SCN2B
NQO1,BAG3,HSF1,RNF20,CXCR3
NQO1,HSPA4,ZMYM2,PSG8,CELSR2
NQO1,HSPA4,PSMD14,MICALL2
NQO1,HSPA4,FYN,SLC4A8
NQO1,BAG3,RAB4A,NISCH
NQO1,HSPA4,AKT1,CYTH1
NQO1,BAG3,DNAJC5,SLC32A1
NQO1,HSPA4,DNAJC5B,IFITM1
NQO1,BAG3,GRB2,PTPRE
NQO1,BAG3,HSPA8,DERL1,ITGB6
NQO1,HSPA4,RAP1A,RAPGEF3,CLPTM1
NQO1,BAG3,ST13,F2
NQO1,HSPA4,GSK3B,ACSBG1
NQO1,BAG3,GRB2,PTPRE
NQO1,HSPA4,NOS2,ASPH
NQO1,BAG3,HSPA5,LOC102723407,EFNA3
NQO1,BAG3,PKM,NTRK2
NQO1,BAG3,DNAJC5,SLC32A1
NQO1,BAG3,HSPA8,DERL1,PARVG
NQO1,BAG3,ETFA,NRAS,ACE2,SLC6A19
NQO1,BAG3,HSPA8,DERL1,CD274
NQO1,BAG3,SQSTM1,SESN1,PCDHB5
NQO1,BAG3,S100A8
NQO1,HSPA4,AKT1,CYTH1,RNF34
NQO1,BAG3,DYNC1H1,PRC1
NQO1,HSPA4,SGTA,CTSL
NQO1,BAG3,RAB2B,SLC27A2
NQO1,HSPA4,AQP2,TM9SF2
NQO1,BAG3,HSPA8,DERL1,SCNN1G
NQO1,BAG3,CDK1,TSPYL2,KCNJ6
NQO1,BAG3,HSPA8,DERL1,KCNAB1
NQO1,BAG3,HSPA5,LOC102723407,LRP3
NQO1,BAG3,VDAC1,ATP1A1,ATP1B2
NQO1,BAG3,HSPA5,LOC102723407,TSPAN5
NQO1,BAG3,PTPN2,PTPN6,MAP3K12
NQO1,BAG3,VDAC1,ATP1A1,TLR10
NQO1,BAG3,HSPA8,DERL1,CCN2
NQO1,HSPA4,AR,SLC43A1
NQO1,BAG3,CDK1,TSPYL2,KITLG
NQO1,BAG3,HSPA5,LOC102723407,CHRND
NQO1,HSPA4,ZMYM2,PSG8
NQO1,BAG3,RAB4A,NISCH
NQO1,BAG3,ZSCAN20,C3,SERPINB10
NQO1,BAG3,PKM,NTRK2,PCDHA12
NQO1,BAG3,ACTB,WFDC2,PIP4P1
NQO1,BAG3,TRIB3,MYH10,TFR2
NQO1,HSPA4,LARP7,EPB42
NQO1,BAG3,PCP2,GNAI3,GNG11
NQO1,BAG3,HSPA8,DERL1,SLC22A23
NQO1,BAG3,GRB2,PTPRE
NQO1,HSPA4,TAB1,PCDHGB4
NQO1,BAG3,HSPA8,DERL1,CAPN3
NQO1,HSPA4,JUP,CDH8
NQO1,BAG3,TJP1,KRT1,PCDH19
NQO1,BAG3,HSPA8,DERL1,SEMA6A
NQO1,BAG3,ETFA,NRAS,ACE2,SLC6A19
NQO1,BAG3,YWHAB,RAI14,DGLUCY,GPR45
NQO1,BAG3,LRRK2,ZC3H15,GIPR
NQO1,HSPA4,GABARAP
NQO1,BAG3,PKM,NTRK2
NQO1,HSPA4,FYN,SLC4A8
NQO1,BAG3,GRB2,PTPRE
NQO1,HSPA4,TRAF3IP2,TRAF5,IL17RE
NQO1,BAG3,DNM2,SHANK1
NQO1,BAG3,SLC7A1,SLC22A18
NQO1,BAG3,HSPA8,DERL1,KLRC3
NQO1,HSPA4,GSK3B,ACSBG1
NQO1,BAG3,PCP2,GNAI3
NQO1,HSPA4,ZMYM2,PSG8
NQO1,BAG3,HSPA8,DERL1,GNG2
NQO1,HSPA4,AKT1,CYTH1,IPCEF1
NQO1,HSPA4,PRKAR2A
NQO1,BAG3,SMAD3,LDLRAD4,C4B
NQO1,HSPA4,IRS4,MTNR1B
NQO1,BAG3,PTPN2,PTPN6,IL2RB
NQO1,HSPA4,PXN,PARVB
NQO1,HSPA4,SRC,CYSTM1
NQO1,BAG3,RAB2B,SLC27A2
NQO1,BAG3,PKM,NTRK2
NQO1,BAG3,MAPK11,ARHGAP12,DGKZ
NQO1,BAG3,HSPA5,LOC102723407,TUSC3
NQO1,BAG3,SLC7A1,SLC22A18
NQO1,BAG3,HSPA8,DERL1,CXCR5
NQO1,BAG3,STMN1,ATP6V1H
NQO1,BAG3,HSPA8,DERL1,STX2
NQO1,BAG3,HSPA5,LOC102723407,SV2B
NQO1,BAG3,HSPA8,DERL1,PLIN2
NQO1,BAG3,GRB2,PTPRE
NQO1,BAG3,HSPA8,DERL1,SLC22A12
NQO1,BAG3,PCP2,GNAI3,LTB4R
NQO1,BAG3,SLC7A1,SLC22A18
NQO1,HSPA4,SRC,CYSTM1,SLC9A3R2
NQO1,BAG3,HSP90AB1,SMYD3,AVPR1B
NQO1,BAG3,HSPA8,DERL1,VIPR2
NQO1,BAG3,HSPA5,LOC102723407,OPRPN,SLC5A4
NQO1,BAG3,PTPN2,PTPN6,LPAR2
NQO1,BAG3,VDAC1,ATP1A1
NQO1,BAG3,DYNC1H1,PRC1
NQO1,BAG3,TJP1,KRT1,DLL1
NQO1,BAG3,DLG3
NQO1,HSPA4,COL6A1,LYPD6B
NQO1,BAG3,ETFA,NRAS,ACE2
NQO1,BAG3,TOM1L2,CALM3
NQO1,BAG3,RAB2B,SLC27A2,DUOX2,DUOXA2
NQO1,BAG3,UBE2I,PCGF2,SCARA5
NQO1,BAG3,PKM,NTRK2,SLC2A3
NQO1,HSPA4,TUBG1,XRN1
NQO1,HSPA4,ZMYM2,PSG8
NQO1,BAG3,PCP2,GNAI3,GPSM1
NQO1,BAG3,RAB4A,NISCH
NQO1,BAG3,RAB4A,NISCH
NQO1,HSPA4,FYN,SLC4A8
NQO1,HSPA4,AKT1,CYTH1
NQO1,HSPA4,SRC,CYSTM1
NQO1,BAG3,ETFA,NRAS,PLSCR4
NQO1,BAG3,VDAC1,ATP1A1
NQO1,BAG3,ETFA,NRAS,OR52I1
NQO1,HSPA4,SP1,NFYC,ZDHHC20
NQO1,HSPA4,SRC,CYSTM1
NQO1,BAG3,ETFA,NRAS,RASA4
NQO1,HSPA4,MTOR,RHEBL1,SLC5A6
NQO1,BAG3,YWHAB,RAI14,FCRL5
NQO1,HSPA4,APBB1,SLAMF7
NQO1,BAG3,PCP2,GNAI3,HTR1F
NQO1,HSPA4,LARP7,EPB42
NQO1,HSPA4,LARP7,EPB42
NQO1,HSPA4,PSMD10
NQO1,BAG3,NEDD8,EMG1,CLDN18
NQO1,BAG3,GRB2,PTPRE
NQO1,HSPA4,SRC,CYSTM1
NQO1,HSPA4,PSMD14,MICALL2
NQO1,BAG3,HSPA8,DERL1,GSDMA
NQO1,BAG3,HSPA8,DERL1,TLR7
NQO1,BAG3,DNAJC5,SLC32A1
NQO1,BAG3,HSPA2
NQO1,HSPA4,PSMD14,MICALL2
NQO1,BAG3,HSF1,RNF20,CERCAM
NQO1,BAG3,GRB2,PTPRE
NQO1,BAG3,HSPA8,DERL1,ANO10
NQO1,HSPA4,DNAJC9
NQO1,HSPA4,PRNP,PLK3,SLC35A4,SLC13A4
NQO1,HSPA4,SRC,CYSTM1
NQO1,HSPA4,MAP3K3,MYO1A
NQO1,HSPA4,MACROH2A1,CGAS
NQO1,HSPA4,GSK3B,ACSBG1
NQO1,BAG3,DLG3,ZFP91,KCNA1
NQO1,BAG3,HSPA8,DERL1,VRK2,CHRNB2
NQO1,BAG3,HSPA8,DERL1,RP2
NQO1,BAG3,HSPA8,DERL1,SLC30A4
NQO1,BAG3,YWHAB,RAI14,PXK
NQO1,HSPA4,COL6A1,LYPD6B
NQO1,HSPA4,SRC,CYSTM1
NQO1,BAG3,CAPZA1,WASHC2A
NQO1,BAG3,CHMP4C,STAMBP
NQO1,BAG3,YWHAB,RAI14,ADCY2
NQO1,HSPA4,SGTA,CTSL
NQO1,BAG3,HSPA5,LOC102723407,PCDHGC4
NQO1,BAG3,TOM1L2,CALM3,ADORA2A
NQO1,BAG3,UBE2Z,RNF130,GPBP1
NQO1,BAG3,DYNC1H1,PRC1
NQO1,HSPA4,AKT1,CYTH1
NQO1,BAG3,YWHAB,RAI14,SDC3
NQO1,BAG3,HSPA8,DERL1,SLC7A2
NQO1,BAG3,TJP1,KRT1,DLL4
NQO1,BAG3,MAPK7,DSC1
NQO1,HSPA4,DNAJC3,TENM3
NQO1,BAG3,MAPK11,ARHGAP12,ANKRD20A1
NQO1,BAG3,SQSTM1,SESN1,ADGRG5
NQO1,BAG3,ZSCAN20,C3
NQO1,BAG3,DYNC1H1,PRC1
NQO1,HSPA4,SRC,CYSTM1
NQO1,BAG3,CDK1,TSPYL2,ADGRA3
NQO1,BAG3,LOXL4,RNF4,CEP295
NQO1,BAG3,HSPA8,DERL1,MUC12
NQO1,BAG3,VDAC1,ATP1A1,STOML1
NQO1,BAG3,YWHAB,RAI14,ITGA8
NQO1,HSPA4,SRC,CYSTM1,SLC2A5
NQO1,BAG3,PCP2,GNAI3,GNB3
NQO1,HSPA4,AKT1,CYTH1
NQO1,HSPA4,PRNP
NQO1,BAG3,NEFL,PECAM1
NQO1,HSPA4,PSMD14,MICALL2
NQO1,BAG3,LRRK2,ZC3H15,RXFP3
NQO1,BAG3,HSPA8,DERL1,CD209
NQO1,BAG3,NEFL,PECAM1
NQO1,HSPA4,NCOR1,PMEPA1
NQO1,BAG3,DNAJC5,SLC32A1
NQO1,BAG3,USF1,TAF7,MC5R
NQO1,HSPA4,GSK3B,ACSBG1
NQO1,BAG3,VDAC1,ATP1A1
NQO1,HSPA4,SRC,CYSTM1
NQO1,BAG3,GRB2,PTPRE
NQO1,BAG3,EIF4A2,SLC16A9
NQO1,HSPA4,TUBG1,XRN1
NQO1,BAG3,SSH2,IQGAP1
NQO1,BAG3,DNM2,SHANK1
NQO1,BAG3,PCP2,GNAI3,CCKAR
NQO1,HSPA4,AKT1,CYTH1
NQO1,BAG3,LRRK2,ZC3H15,CAPNS2
NQO1,HSPA4,NCOR1,PMEPA1
NQO1,BAG3,HSPA8,DERL1,ATP11A
NQO1,BAG3,DLG3,ZFP91,DLGAP3
NQO1,BAG3,CDH1,SIN3A,HTR1B
NQO1,BAG3,GRB2,PTPRE
NQO1,HSPA4,MAP1LC3B,CLEC7A
NQO1,BAG3,PCP2,GNAI3,ADORA1
NQO1,HSPA4,GSK3B,ACSBG1
NQO1,BAG3,NAA40,ZNF512B,CHRNB1
NQO1,BAG3,HSPA8,DERL1,FMNL1
NQO1,BAG3,PKM,NTRK2,RSC1A1
NQO1,BAG3,NEDD8,EMG1,WNT6
NQO1,BAG3,HSPA8,DERL1,KISS1R
NQO1,BAG3,HSPA8,DERL1,IL17RD
NQO1,HSPA4,BAG4,TNFRSF25
NQO1,HSPA4,ZMYM2,PSG8
NQO1,HSPA4,TLR9,UNC93B1,CNGA3
NQO1,HSPA4,GSK3B,ACSBG1
NQO1,BAG3,PRPF8,SF3A3,AQP10
NQO1,BAG3,CDH1,SIN3A,RPE65
NQO1,BAG3,MRPS10,ZNF707,RPL36A-HNRNPH2
NQO1,HSPA4,AKT1,CYTH1
NQO1,HSPA4,PXN,PARVB
NQO1,BAG3,DNM2,SHANK1
NQO1,BAG3,GRB2,PTPRE
NQO1,BAG3,HSPA8,DERL1,BFSP2
NQO1,HSPA4,NOS2,ASPH
NQO1,HSPA4,CFTR,CLCA1
NQO1,HSPA4,CLTB
NQO1,BAG3,DLG3,ZFP91,LRRC8C
NQO1,BAG3,RAB5A,GORASP2,IL27RA
NQO1,HSPA4,GSK3B,ACSBG1
NQO1,BAG3,ZSCAN20,C3
NQO1,BAG3,GRB2,PTPRE
NQO1,HSPA4,MACROH2A1,CGAS
NQO1,HSPA4,PPP1CA
NQO1,BAG3,UBE2L3,UBE3C,CACNB4
NQO1,HSPA4,ZMYM2,PSG8
NQO1,BAG3,HSPA8,DERL1,IGDCC4
NQO1,BAG3,DVL2,CPSF7,PCDH15
NQO1,BAG3,VDAC1,ATP1A1
NQO1,HSPA4,AKT1,CYTH1
NQO1,BAG3,PPT2,MUC20
NQO1,BAG3,CDH1,SIN3A,SLC44A1
NQO1,BAG3,HSPA8,DERL1,LRRC4
NQO1,HSPA4,GSK3B,ACSBG1
NQO1,BAG3,HSPA8,DERL1,ANTXR2
NQO1,BAG3,BCL2,GIMAP5,MS4A14
NQO1,HSPA4,GABARAP,GABRG2
NQO1,BAG3,ANXA5,ATP5IF1,GUCY2C
NQO1,HSPA4,AR,SLC43A1
NQO1,HSPA4,AKT1,CYTH1
NQO1,BAG3,PTPN2,PTPN6,PCDHGA3
NQO1,BAG3,HSPB7,FLNB
NQO1,BAG3,CDK1,TSPYL2,ATP7B
NQO1,BAG3,LRRK2,ZC3H15,CYP2C18
NQO1,BAG3,PKM,NTRK2
NQO1,BAG3,RAB4A,NISCH
NQO1,HSPA4,LARP7,EPB42
NQO1,HSPA4,DCAF1,LLGL2
NQO1,BAG3,MAPK7,DSC1
NQO1,BAG3,HSPA8,DERL1,GNG12
NQO1,HSPA4,YAP1,PIEZO2
NQO1,HSPA4,CFTR,CLCA1
NQO1,HSPA4,CARS1,ABTB1
NQO1,BAG3,DNAJB4,NUDC,SLC39A3
NQO1,BAG3,ETFA,NRAS
NQO1,BAG3,SSH2,IQGAP1
NQO1,BAG3,VDAC1,ATP1A1,COA6
NQO1,HSPA4,CCT2,RDH8
NQO1,BAG3,DNAJB1,PTPN18,AGPAT2
NQO1,BAG3,EIF4A2,SLC16A9
NQO1,BAG3,DNAJB4,NUDC,CHL1,CNTN6
NQO1,HSPA4,CUL3
NQO1,HSPA4,LARP7,EPB42
NQO1,BAG3,CASP3,NMT2
NQO1,BAG3,STMN1,ATP6V1H
NQO1,BAG3,RANBP2,MAGEA3,DSCAM
NQO1,BAG3,LOXL4,RNF4,RXFP1
NQO1,BAG3,PRPF8,SF3A3,ABCC9
NQO1,BAG3,VDAC1,ATP1A1,ATP1B4
NQO1,BAG3,YWHAB,RAI14,SLC22A6
NQO1,HSPA4,SRC,CYSTM1
NQO1,BAG3,NEFL,PECAM1
NQO1,HSPA4,ABL1,NAA25,CATSPER1
NQO1,BAG3,HSPA8,DERL1,AQP6,TSPO2
NQO1,BAG3,HSPA8,DERL1,NT5E
NQO1,BAG3,DNAJC5,SLC32A1
NQO1,HSPA4,GSK3B,ACSBG1
NQO1,BAG3,ST13,F2
NQO1,HSPA4,YAP1,PIEZO2
NQO1,BAG3,RAB4A,NISCH
NQO1,BAG3,YWHAB,RAI14,SELP
NQO1,HSPA4,DCAF1,LLGL2
NQO1,BAG3,SLC7A1,SLC22A18
NQO1,HSPA4,SRC,CYSTM1
NQO1,BAG3,ETFA,NRAS
NQO1,HSPA4,AKT1,CYTH1
NQO1,HSPA4,SRC,CYSTM1
NQO1,BAG3,PTPN14,SOCS7
NQO1,HSPA4,SLC9A1,CHP1,SLC9A2
NQO1,BAG3,GRB2,PTPRE
NQO1,BAG3,CCT7,STK24,GPC5
NQO1,HSPA4,LARP7,EPB42
NQO1,BAG3,DNAJB4
NQO1,BAG3,YWHAB,RAI14,GRIN2D
NQO1,BAG3,YWHAB,RAI14,TLN2
NQO1,BAG3,P4HB,HSPA13
NQO1,HSPA4,DNMBP,RASGRF2,PDE6C
NQO1,BAG3,PTPN14,SOCS7
NQO1,HSPA4,SRC,CYSTM1,GLRA3
NQO1,BAG3,HSPA8,DERL1,S1PR2
NQO1,HSPA4,LARP7,EPB42
NQO1,BAG3,SIRT5,ZSCAN18,SLC17A5
NQO1,HSPA4,APBB1,SLAMF7
NQO1,HSPA4,GSK3B,ACSBG1
NQO1,HSPA4,TRIM32,AKTIP
NQO1,BAG3,VDAC1,ATP1A1
NQO1,BAG3,HSPA5,LOC102723407,RTN4RL2
NQO1,BAG3,STMN1,ATP6V1H
NQO1,HSPA4,PRKAA1,STIM2
NQO1,BAG3,HSPA5,LOC102723407,SLC38A6
NQO1,BAG3,NUP93,TPR,KLRK1,RAET1L
NQO1,BAG3,UBE2Z,RNF130,CD27
NQO1,BAG3,HSPA8,DERL1,TAX1BP3
NQO1,BAG3,HSPA8,DERL1,EFNB2
NQO1,BAG3,STMN1,ATP6V1H
NQO1,BAG3,NEFL,PECAM1
NQO1,HSPA4,SRC,CYSTM1
NQO1,HSPA4,CFTR,CLCA1
NQO1,HSPA4,NCOR1,PMEPA1
NQO1,HSPA4,SRC,CYSTM1
NQO1,BAG3,HSPA5,LOC102723407,PCDHGB5
NQO1,BAG3,HSPA8,DERL1,CPNE4
NQO1,BAG3,HSPA8,DERL1,IL1RL2
NQO1,BAG3,LRRK2,ZC3H15,SLC22A2
NQO1,BAG3,YWHAB,RAI14,LRPAP1
NQO1,BAG3,HSP90AB1,SMYD3,GFRA2
NQO1,BAG3,VDAC1,ATP1A1
NQO1,BAG3,SQSTM1,SESN1,SEMA4A
NQO1,BAG3,STK40,MAPK6,ADM,RAMP2
NQO1,HSPA4,MAP3K11,IFNAR2
NQO1,HSPA4,RAP1A,RAPGEF3
NQO1,BAG3,HSPA5,LOC102723407,BORCS5
NQO1,BAG3,TJP1,KRT1,CCKBR
NQO1,BAG3,HSPA8,DERL1,GPRC5A
NQO1,HSPA4,APP,PPP1R2,PIEZO1
NQO1,BAG3,LOXL4,RNF4,CARD14
NQO1,BAG3,HSPA8,DERL1,JAG2,STS
NQO1,HSPA4,AMFR,OR4N2
NQO1,HSPA4,NFKBIA
NQO1,BAG3,GRB2,PTPRE
NQO1,BAG3,HSPA8,DERL1,CD1B
NQO1,BAG3,PKM,NTRK2
NQO1,BAG3,NEDD8,EMG1,PXDNL
NQO1,BAG3,DYNC1H1,PRC1
NQO1,HSPA4,GSK3B,ACSBG1
NQO1,BAG3,CDH1,SIN3A,LRRN1
NQO1,HSPA4,SRC,CYSTM1
NQO1,BAG3,GRB2,PTPRE
NQO1,BAG3,UBE2Z,RNF130,TNFRSF4,TNFSF4
NQO1,BAG3,NEDD8,EMG1,RNASEK
NQO1,HSPA4,PRNP,PLK3,PTGER1
NQO1,BAG3,HSPA8,DERL1,IFNGR2
NQO1,BAG3,PKM,NTRK2
NQO1,BAG3,RAB4A,NISCH
NQO1,BAG3,HSPA2,RRM2B,PCDHAC1
NQO1,BAG3,HSPB8,TPM1,DYSF
NQO1,BAG3,UBE2K,MARCHF3,LDB2
NQO1,BAG3,EFTUD2,PRPSAP2,KCNJ2
NQO1,BAG3,HSPA8,DERL1,VIPR2,ADCYAP1,ADCYAP1R1
NQO1,BAG3,GRB2,PTPRE
NQO1,HSPA4,PRDX4,A1BG
NQO1,BAG3,HSPA5,LOC102723407,TMEM219
NQO1,BAG3,MAPK7,DSC1,CD8A,CD8B
NQO1,HSPA4,SRC,CYSTM1,C5AR2
NQO1,BAG3,RAB5A,GORASP2,BTN3A3
NQO1,HSPA4,YAP1,PIEZO2
NQO1,HSPA4,SRC,CYSTM1
NQO1,BAG3,HSPA8,DERL1,IL31RA
NQO1,BAG3,SMAD3,LDLRAD4,KCNC3
NQO1,BAG3,HSPB1,MAPKAPK5,MPO,APCDD1
NQO1,BAG3,ST13,F2
NQO1,HSPA4,RAP1A,RAPGEF3
NQO1,BAG3,VDAC1,ATP1A1,ASIC3
NQO1,BAG3,HSPA5,LOC102723407,PCDHGA6
NQO1,HSPA4,AMFR,OR4N2
NQO1,BAG3,RAB4A,NISCH
NQO1,BAG3,DNAJB4,NUDC,ANPEP
NQO1,HSPA4,TGFBR1,CLEC2B
NQO1,BAG3,DYNC1H1,PRC1
NQO1,BAG3,ZSCAN20,C3,CRACR2A
NQO1,BAG3,HSPA8,DERL1,SELENOK
NQO1,BAG3,YWHAB,RAI14,ADCY4
NQO1,BAG3,NEFL,PECAM1
NQO1,BAG3,HSPA8,DERL1,PLXNC1
NQO1,BAG3,LOXL4,RNF4,P2RY1
NQO1,BAG3,PKM,NTRK2,PLPPR1
NQO1,BAG3,HSPA8,DERL1,ABCC5
NQO1,HSPA4,SP1,NFYC,KCNK1
NQO1,HSPA4,ZBTB18,EEPD1
NQO1,HSPA4,LARP7,EPB42
NQO1,BAG3,HSPA8,DERL1,TRPV1,SYT9
NQO1,HSPA4,FYN,SLC4A8
NQO1,BAG3,UBE2M,KCTD2,ECE1
NQO1,HSPA4,LARP7,EPB42
NQO1,BAG3,HSPA8,DERL1,ZDHHC4
NQO1,BAG3,SUGT1,CNOT6,LDLR
NQO1,BAG3,RAB4A,NISCH
NQO1,BAG3,HSPA8,DERL1,RALBP1
NQO1,BAG3,GRB2,PTPRE
NQO1,BAG3,ENO1,HINT2,SLC34A2
NQO1,BAG3,NUP93,TPR,SCHIP1
NQO1,HSPA4,ABL1,NAA25,CATSPER1,CACNA1I,CATSPER2
NQO1,BAG3,DNM2,SHANK1
NQO1,HSPA4,NCOR1,PMEPA1
NQO1,BAG3,NUP93,TPR,CLCA2
NQO1,BAG3,HSPA5,LOC102723407,ULBP3
NQO1,HSPA4,AKT1,CYTH1
NQO1,BAG3,DYNC1H1,PRC1
NQO1,BAG3,ENO1,HINT2,RASSF3
NQO1,HSPA4,AKT1,CYTH1
NQO1,BAG3,HSPA8,DERL1,PHLDB2
NQO1,BAG3,RAB4A,NISCH
NQO1,BAG3,GRB2,PTPRE
NQO1,BAG3,TOM1L2,CALM3
NQO1,BAG3,IRAK2,SESTD1,CNTNAP1
NQO1,BAG3,DNAJC5,SLC32A1,OR3A1
NQO1,HSPA4,PXN,PARVB
NQO1,BAG3,RAB4A,NISCH
NQO1,HSPA4,FYN,SLC4A8
NQO1,BAG3,SQSTM1,SESN1,ABHD17B
NQO1,BAG3,HSPA8,DERL1,AP1M2,ATRN
NQO1,HSPA4,AKT1,CYTH1
NQO1,BAG3,HSPA5,LOC102723407,PCDHGA10
NQO1,BAG3,DVL1,SMAD1,ARRDC2
NQO1,BAG3,PCP2,GNAI3,NTSR1
NQO1,BAG3,DVL1,SMAD1,HCRTR1
NQO1,HSPA4,ZBTB18,EEPD1
NQO1,HSPA4,SGTA,CTSL
NQO1,HSPA4,ZMYM2,PSG8
NQO1,BAG3,TAGLN,IFIT3,KCNK7
NQO1,BAG3,RANBP2,MAGEA3,CPNE1
NQO1,HSPA4,TLR9,UNC93B1,SLC17A2
NQO1,HSPA4,TAB1,PCDHGB4
NQO1,HSPA4,ABCC2,TCIRG1
NQO1,BAG3,HSPA8,DERL1,FRMPD1
NQO1,HSPA4,AR,SLC43A1
NQO1,BAG3,DYNC1H1,PRC1
NQO1,HSPA4,AKT1,CYTH1
NQO1,HSPA4,SGTA,CTSL
NQO1,BAG3,GRB2,PTPRE
NQO1,BAG3,DYNC1H1,PRC1
NQO1,HSPA4,HDAC3
NQO1,BAG3,DNAJC5,SLC32A1
NQO1,BAG3,CDK1,TSPYL2,ADGRA1
NQO1,BAG3,HSPA8,DERL1,IFNAR1
NQO1,BAG3,CNTN4,APLP1,CNTN5
NQO1,BAG3,HSPA8,DERL1,GMIP
NQO1,BAG3,GRB2,PTPRE
NQO1,BAG3,DNAJC5,SLC32A1
NQO1,BAG3,DNM2,SHANK1
NQO1,BAG3,SUGT1,CNOT6,TSHR
NQO1,BAG3,ETFA,NRAS,SLC26A11
NQO1,BAG3,PRRG2
NQO1,HSPA4,FKBP5,PI4KA
NQO1,BAG3,HSPA5,LOC102723407,PON2
NQO1,HSPA4,SRC,CYSTM1
NQO1,BAG3,DYNC1H1,PRC1
NQO1,BAG3,DNM2,SHANK1
NQO1,HSPA4,SLC9A1,CHP1,SLC9A4
NQO1,BAG3,HSPB2,MYH7,PLA2R1
NQO1,HSPA4,APBB1
NQO1,BAG3,HSPA8,DERL1,GNAT2
NQO1,HSPA4,SRC,CYSTM1
NQO1,HSPA4,SGTA,CTSL
NQO1,BAG3,PSMD2,PSMB7,PCDHB16,SLC39A11
NQO1,BAG3,HSPA8,DERL1,DNAL4
NQO1,BAG3,SQSTM1,SESN1,NPC1
NQO1,BAG3,HSPA8,DERL1,BOC
NQO1,HSPA4,PRKAA1,STIM2
NQO1,BAG3,RAB4A,NISCH
NQO1,HSPA4,NR2C2,PYCR3,SYNGR1
NQO1,BAG3,SLC7A1
NQO1,HSPA4,ABCC2,TCIRG1
NQO1,HSPA4,SRC,CYSTM1
NQO1,HSPA4,PSMD14,MICALL2
NQO1,BAG3,HSPA8,DERL1,ATP6V0A1
NQO1,HSPA4,FYN,SLC4A8
NQO1,BAG3,SENP1,ZNF420,ADGRG1
NQO1,HSPA4,RAP1A,RAPGEF3
NQO1,BAG3,ETFA,NRAS,ACE2,SLC6A19
NQO1,BAG3,NECTIN3,NOTCH2NLC,SLC43A2
NQO1,BAG3,CRIP2,FMNL2,SLC39A1
NQO1,HSPA4,TTC1,GNA15
NQO1,BAG3,TJP1,KRT1,SULF1
NQO1,HSPA4,APBB1,SLAMF7
NQO1,BAG3,PCP2,GNAI3,RIC8B
NQO1,BAG3,PTPN2,PTPN6,IL7R
NQO1,HSPA4,YAP1,PIEZO2
NQO1,BAG3,YWHAB,RAI14,ATP8B3
NQO1,BAG3,HSPA8,DERL1,TNFRSF11A
NQO1,HSPA4,LARP7,EPB42
NQO1,BAG3,SLC7A1,SLC22A18
NQO1,HSPA4,RAP1A,RAPGEF3
NQO1,BAG3,HSPA8,DERL1,DLK1,SLC16A2
NQO1,BAG3,HSPA5,LOC102723407,SCUBE3
NQO1,BAG3,DNAJC5,SLC32A1
NQO1,BAG3,VDAC1,ATP1A1
NQO1,BAG3,RAB4A,NISCH
NQO1,BAG3,YWHAB,RAI14,MARCO
NQO1,BAG3,HSPA8,DERL1,PLCD3
NQO1,BAG3,PCP2,GNAI3,HCRTR2
NQO1,HSPA4,AMFR,OR4N2
NQO1,BAG3,UBE2Z,RNF130,MDGA1
NQO1,BAG3,S100G,calcium(2+),CDH24
NQO1,BAG3,CRIP2,FMNL2,ADAM32
NQO1,BAG3,TRIB3,MYH10,WARS2
NQO1,BAG3,LOXL4,RNF4,LRRC53
NQO1,HSPA4,FYN,SLC4A8
NQO1,BAG3,ST13,F2
NQO1,BAG3,IRAK2,SESTD1,TNFSF9
NQO1,BAG3,BAX,SLC25A4
NQO1,BAG3,NEFL,PECAM1
NQO1,BAG3,NEFL,PECAM1
NQO1,BAG3,ETFA,NRAS
NQO1,BAG3,RAB4A,NISCH
NQO1,HSPA4,NR3C1,CLPTM1L,CNGB1
NQO1,BAG3,PDCD6IP,SRI,ADRB3
NQO1,BAG3,S100G,calcium(2+),CDH4
NQO1,BAG3,HSPA8,DERL1,RASL10A
NQO1,BAG3,HSPA8,DERL1,AQP6,TSPO2
NQO1,BAG3,TNK2,SEZ6
NQO1,BAG3,GRB2,PTPRE
NQO1,BAG3,VDAC1,ATP1A1,TRPC7
NQO1,BAG3,DYNC1H1,PRC1
NQO1,HSPA4,YAP1,PIEZO2
NQO1,BAG3,NEDD8,EMG1,ANXA3
NQO1,BAG3,DYNC1H1,PRC1
NQO1,BAG3,MAPK7,DSC1
NQO1,BAG3,CRYAB,ACOT7,CD1D
NQO1,HSPA4,GSK3B,ACSBG1
NQO1,BAG3,YWHAB,RAI14,GRIA3
NQO1,BAG3,STMN1,ATP6V1H
NQO1,BAG3,CASP3,NMT2
NQO1,BAG3,HSPA8,DERL1,PLPP4
NQO1,HSPA4,BCL3
NQO1,HSPA4,APBB1,SLAMF7
NQO1,BAG3,ST13,F2,VLDLR
NQO1,HSPA4,SRC,CYSTM1
NQO1,HSPA4,RAF1,SCNN1B
NQO1,BAG3,GRB2,PTPRE
NQO1,HSPA4,GSK3B,ACSBG1
NQO1,BAG3,ENO1,HINT2,GABRQ
NQO1,BAG3,HSPA8,DERL1,ERLIN2
NQO1,BAG3,NEFL,PECAM1
NQO1,HSPA4,AKT1,CYTH1
NQO1,HSPA4,TRIM32,AKTIP
NQO1,BAG3,GRB2,PTPRE
NQO1,HSPA4,SGK1,ASPG,PTCH2
NQO1,HSPA4,TAB1,PCDHGB4
NQO1,BAG3,GRB2,PTPRE
NQO1,BAG3,NEFL,PECAM1
NQO1,BAG3,SIRT5,ZSCAN18,NRG2
NQO1,BAG3,HSPA8,DERL1,USH1C
NQO1,HSPA4,PRKAA1,STIM2
NQO1,BAG3,IRAK2,SESTD1,PSENEN
NQO1,HSPA4,HSPE1,MSRA
NQO1,BAG3,SUGT1,CNOT6,PDZD2
NQO1,HSPA4,FYN,SLC4A8
NQO1,BAG3,HSPA8,DERL1,SLC30A1
NQO1,BAG3,HSPA8,DERL1,FCGR1A
NQO1,BAG3,HSPA8,DERL1,NOX1
NQO1,HSPA4,SNCA,MT2A,GPM6B
NQO1,HSPA4,AKT1,CYTH1
NQO1,BAG3,HSPA5,LOC102723407,SLC27A1
NQO1,BAG3,ETFA,NRAS
NQO1,HSPA4,GSK3B,ACSBG1
NQO1,BAG3,CHMP4C
NQO1,BAG3,HSPB1,MAPKAPK5,CHRNB3
NQO1,BAG3,STMN1,ATP6V1H
NQO1,BAG3,DNM2,SHANK1,ARHGAP18
NQO1,BAG3,HSPA8,DERL1,MSR1
NQO1,HSPA4,EPM2A
NQO1,BAG3,NECTIN3,NOTCH2NLC,CHRNG
NQO1,HSPA4,GSK3B,ACSBG1
NQO1,BAG3,YWHAB,RAI14,GRID2
NQO1,BAG3,EFTUD2,PRPSAP2,MUC17
NQO1,HSPA4,ABCC2
NQO1,BAG3,CYP2W1
NQO1,BAG3,PTPN2,PTPN6,GABRB2
NQO1,BAG3,YWHAB,RAI14,PCDHGB1
NQO1,HSPA4,SRC,CYSTM1
NQO1,BAG3,PKM,NTRK2
NQO1,BAG3,MAPK11,ARHGAP12,KCNQ2
NQO1,BAG3,HSPA5,LOC102723407,PCSK6
NQO1,BAG3,HSPA8,DERL1,CYP2E1,ABCA5
NQO1,BAG3,HSPA8,DERL1,FRS3
NQO1,BAG3,HSPA8,DERL1,FFAR2
NQO1,BAG3,PTPN2,PTPN6,BTN2A1
NQO1,BAG3,HSPA8,DERL1,SOX11
NQO1,BAG3,PTPN2,PTPN6,IL7R,TSLP,CRLF2
NQO1,BAG3,RAB4A,NISCH
NQO1,BAG3,HSPA8,DERL1,KCNK16
NQO1,BAG3,NEFL,PECAM1
NQO1,HSPA4,TGFBR1,CLEC2B
NQO1,BAG3,P4HB,HSPA13
NQO1,BAG3,PKM,NTRK2
NQO1,HSPA4,NCOR1,PMEPA1
NQO1,HSPA4,AKT1,CYTH1
NQO1,BAG3,HSPA8,DERL1,NUBP1
NQO1,BAG3,RAB4A,NISCH
NQO1,BAG3,TJP1,KRT1,EPB41L5
NQO1,BAG3,YWHAB,RAI14,SCN4A,CSPG5
NQO1,HSPA4,WWOX,CATSPERE,TVP23B,YIPF1
NQO1,BAG3,RAB4A,NISCH
NQO1,BAG3,VDAC1,ATP1A1,ATP1B3
NQO1,BAG3,HSPB7,FLNB
NQO1,BAG3,RAB4A,NISCH
NQO1,BAG3,MAPK7,DSC1
NQO1,BAG3,HSPA8,DERL1,JAM3,JAM2
NQO1,BAG3,NAP1L1,IFT20,FCGR2B
NQO1,BAG3,YWHAB,RAI14,SPRED1
NQO1,HSPA4,FYN,SLC4A8
NQO1,HSPA4,SRC,CYSTM1
NQO1,BAG3,UBE2Z,RNF130,TNFRSF14
NQO1,HSPA4,TAB1,PCDHGB4
NQO1,BAG3,SLC7A1,SLC22A18
NQO1,BAG3,GRB2,PTPRE
NQO1,BAG3,ZSCAN20,C3
NQO1,BAG3,HSPA8,DERL1,PLEKHG4B
NQO1,BAG3,ETFA,NRAS,ACE2,SLC6A19
NQO1,BAG3,PKM,NTRK2,LY9
NQO1,HSPA4,SRC
NQO1,BAG3,DYNC1H1,PRC1,PRTG
NQO1,BAG3,NR1H3,PIAS1,PLEK
NQO1,BAG3,DYNC1H1,PRC1
NQO1,HSPA4,NCOR1,PMEPA1
NQO1,BAG3,ETFA,NRAS
NQO1,BAG3,GRB2,PTPRE
NQO1,BAG3,GSKIP,HAVCR2,TSPAN7,LHFPL5
NQO1,HSPA4,SRC,CYSTM1
NQO1,BAG3,SIRT5,ZSCAN18,HLA-DQB1
NQO1,BAG3,LRRK2,ZC3H15,TMC3
NQO1,HSPA4,GSK3B,ACSBG1
NQO1,BAG3,DLG3,ZFP91,LDLRAP1
NQO1,HSPA4,AP1M1
NQO1,BAG3,PCP2,GNAI3,HTR5A
NQO1,HSPA4,GABARAPL1,TP53INP1,BTN1A1
NQO1,BAG3,TJP1,KRT1,P2RX4
NQO1,BAG3,HSPA8,DERL1,WNT3A
NQO1,BAG3,STK40,MAPK6,ADGRB1
NQO1,BAG3,PTPN2,PTPN6,MLEC
NQO1,HSPA4,CARS1,ABTB1
NQO1,BAG3,RAB4A,NISCH
NQO1,BAG3,CASP3,NMT2
NQO1,BAG3,PCP2,GNAI3
NQO1,BAG3,NEFL,PECAM1
NQO1,BAG3,S100G,calcium(2+),CDH17
NQO1,HSPA4,GZMB,PRF1
NQO1,BAG3,NEDD8,EMG1,PSG7
NQO1,BAG3,HSPA8,DERL1,FBP2
NQO1,HSPA4,HDAC2,PROX1,HLA-DOA
NQO1,BAG3,PKM,NTRK2
NQO1,BAG3,BAX,SLC25A4
NQO1,HSPA4,FYN,SLC4A8
NQO1,HSPA4,FYN,SLC4A8
NQO1,BAG3,SSH2,IQGAP1
NQO1,BAG3,PSMD2,PSMB7,SLC10A6
NQO1,HSPA4,SRC,CYSTM1
NQO1,BAG3,PSMD2,PSMB7,CLEC5A
NQO1,BAG3,YWHAB,RAI14,SLC46A1
NQO1,BAG3,PCP2,GNAI3,GHSR
NQO1,BAG3,HSPA8,DERL1,COG3
NQO1,BAG3,DVL1,SMAD1,WNT3
NQO1,HSPA4,FYN,SLC4A8
NQO1,HSPA4,RELA,COMMD10,ADRA1A
NQO1,BAG3,NUP93,TPR,KLRK1,RAET1L
NQO1,BAG3,ZYX
NQO1,BAG3,HSPA8,DERL1,PLEKHG4
NQO1,BAG3,PKM,NTRK2,GABRD
NQO1,BAG3,HSPB1,MAPKAPK5,SLC38A5
NQO1,BAG3,DYNC1H1,PRC1
NQO1,BAG3,HSPA8,DERL1,NCKAP1L
NQO1,HSPA4,AKT1,CYTH1
NQO1,BAG3,HSPA8,DERL1,LSR
NQO1,HSPA4,GSK3B,ACSBG1
NQO1,BAG3,HSPA8,DERL1,ARHGEF25
NQO1,BAG3,LRRK2,ZC3H15,CNNM1
NQO1,HSPA4,COL6A1,LYPD6B
NQO1,HSPA4,TGFBR1,CLEC2B
NQO1,BAG3,USF1,TAF7,MC3R
NQO1,BAG3,YWHAB,RAI14,EPS8L1
NQO1,BAG3,NEDD8,EMG1,ADK
NQO1,BAG3,CHMP4C,STAMBP
NQO1,HSPA4,AKT1,CYTH1
NQO1,HSPA4,CSK
NQO1,HSPA4,SRC,CYSTM1
NQO1,BAG3,ETFA,NRAS,ACE2,SLC6A19
NQO1,HSPA4,RAF1,SCNN1B
NQO1,BAG3,HSPA8,DERL1,DTNB
NQO1,HSPA4,BCOR,OTX2,JPH2
NQO1,BAG3,RAB2B,SLC27A2
NQO1,BAG3,HSPA8,DERL1,ACHE
NQO1,BAG3,IRAK2,SESTD1,DNER
NQO1,BAG3,PCP2,GNAI3,RGS5
NQO1,BAG3,HSPA8,DERL1,GRK6
NQO1,BAG3,HSPA8,DERL1,PTPRN
NQO1,BAG3,WDR1
NQO1,BAG3,CASP3,NMT2
NQO1,HSPA4,SRC,CYSTM1
NQO1,BAG3,YWHAB,RAI14,ARHGEF40
NQO1,BAG3,CASP3,NMT2
NQO1,BAG3,DNM2,SHANK1
NQO1,BAG3,PKM,NTRK2
NQO1,BAG3,YWHAB,RAI14,SMPDL3B
NQO1,HSPA4,GSK3B,ACSBG1
NQO1,BAG3,GRB2,PTPRE
NQO1,HSPA4,ZBTB18,EEPD1
NQO1,BAG3,PKM,NTRK2
NQO1,BAG3,YWHAB,RAI14,CHRNA5
NQO1,BAG3,DYNC1H1,PRC1
NQO1,HSPA4,PSMD14,MICALL2
NQO1,HSPA4,MAPT
NQO1,HSPA4,FYN,SLC4A8
NQO1,HSPA4,ZAP70,CD3G
NQO1,HSPA4,FYN
NQO1,BAG3,P4HB,HSPA13
NQO1,BAG3,YWHAB,RAI14,OXTR
NQO1,BAG3,TJP1,KRT1,CACNG7
NQO1,BAG3,HSPA8,DERL1,TREML2
NQO1,BAG3,PKM,NTRK2
NQO1,BAG3,HSPA8,DERL1,SLC11A2
NQO1,BAG3,GSKIP,HAVCR2,TSPAN7
NQO1,HSPA4,SRC,CYSTM1
NQO1,BAG3,HSPA5,LOC102723407,SLC4A4
NQO1,BAG3,VDAC1,ATP1A1,AOC1
NQO1,BAG3,GRB2,PTPRE
NQO1,BAG3,LRRK2,ZC3H15,RAB19
NQO1,HSPA4,JUP,CDH8
NQO1,BAG3,RAB2B,SLC27A2
NQO1,HSPA4,PRNP,PLK3,GRK3
NQO1,BAG3,HSPA5,LOC102723407,PCDHGA4
NQO1,BAG3,HSPA5,LOC102723407,EFNA2
NQO1,BAG3,RAB2B,SLC27A2
NQO1,BAG3,PCP2,GNAI3,GNG7
NQO1,BAG3,NEFL,PECAM1
NQO1,BAG3,HSPA5,LOC102723407,TMPRSS4
NQO1,BAG3,PCP2,GNAI3,PTGER3
NQO1,BAG3,LRRK2,ZC3H15,TRHR
NQO1,BAG3,HSPA8,DERL1,CDH9
NQO1,BAG3,VDAC1,ATP1A1
NQO1,BAG3,SIRT5,ZSCAN18,ABCB4
NQO1,BAG3,PDCD6IP,SRI,FZD3
NQO1,BAG3,VDAC1,ATP1A1
NQO1,BAG3,NEFL,PECAM1
NQO1,BAG3,HSPA8,DERL1,ATP1A4
NQO1,BAG3,YWHAB,RAI14,ATP6V1D
NQO1,BAG3,PTPN2,PTPN6,ANOS1
NQO1,BAG3,CDH1,SIN3A,AGTR2
NQO1,BAG3,STMN1,ATP6V1H
NQO1,BAG3,SUGT1,CNOT6,EFR3B
NQO1,BAG3,RAB5A,GORASP2,SLC2A9
NQO1,HSPA4,WWOX,CATSPERE,CYP2C8
NQO1,BAG3,HSPA8,DERL1,EGFL7,ADAM21
NQO1,BAG3,PKM,NTRK2
NQO1,BAG3,DNM2,SHANK1
NQO1,HSPA4,BTF3
NQO1,HSPA4,GSK3B,ACSBG1
NQO1,BAG3,YWHAB,RAI14,RGL3
NQO1,BAG3,PTPN2,PTPN6,LILRB3
NQO1,BAG3,VDAC1,ATP1A1,FXYD6
NQO1,BAG3,RAB4A,NISCH
NQO1,BAG3,PRPF8,SF3A3,NEU1
NQO1,HSPA4,GSK3B,ACSBG1
NQO1,HSPA4,AKT1,CYTH1
NQO1,BAG3,PKM,NTRK2
NQO1,BAG3,BAX,SLC25A4
NQO1,BAG3,CLK1,PDE9A,C1orf210
NQO1,BAG3,PKM,NTRK2
NQO1,BAG3,HSPA8,DERL1,SDC2
NQO1,BAG3,DNM2,SHANK1
NQO1,HSPA4,CCT2,RDH8
NQO1,BAG3,ZSCAN20,C3,C4BPA
NQO1,HSPA4,NR3C1,CLPTM1L,UGT8
NQO1,BAG3,CAPZA1,WASHC2A
NQO1,BAG3,RAB5A,GORASP2,ABCA6,ABCA8
NQO1,HSPA4,NOS1
NQO1,HSPA4,CDK2,MUS81,MUC2
NQO1,HSPA4,SRC,CYSTM1
NQO1,BAG3,ENO1,HINT2,CD82
NQO1,BAG3,DNAJC5,SLC32A1
NQO1,BAG3,VDAC1,ATP1A1
NQO1,BAG3,HSPA8,DERL1,PLSCR5
NQO1,HSPA4,YAP1,PIEZO2
NQO1,HSPA4,YAP1,PIEZO2
NQO1,HSPA4,LARP7,EPB42
NQO1,BAG3,PSMD2,PSMB7,PCDHB16
NQO1,BAG3,HSPA5,LOC102723407,HTR3C
NQO1,HSPA4,PSMD14,MICALL2
NQO1,BAG3,RAB4A,NISCH
NQO1,BAG3,TJP1,KRT1,DRP2
NQO1,BAG3,YWHAB,RAI14,CHMP6
NQO1,BAG3,GPI,BSG
NQO1,BAG3,HSPA8,DERL1,CRIM1
NQO1,BAG3,HSPA8,DERL1,ABCA2
NQO1,BAG3,GRB2,PTPRE
NQO1,BAG3,HSPA8,DERL1,STX1B
NQO1,BAG3,NEDD8,EMG1,HTR2C
NQO1,BAG3,RAB4A,NISCH,ARL4A
NQO1,BAG3,GRB2,PTPRE
NQO1,HSPA4,APBB1,SLAMF7
NQO1,HSPA4,CFTR,CLCA1
NQO1,BAG3,HSPA8,DERL1,APOA1
NQO1,BAG3,HSPA8,DERL1,FGG
NQO1,HSPA4,ZMYM2,PSG8
NQO1,HSPA4,APBB1,SLAMF7
NQO1,HSPA4,SLC9A1,CHP1
NQO1,HSPA4,YAP1,PIEZO2
NQO1,BAG3,YWHAB,RAI14,CHRNA3
NQO1,HSPA4,FKBP5,PI4KA
NQO1,BAG3,HSPA8,DERL1,SELENOS
NQO1,BAG3,ACTB,WFDC2,GCA
NQO1,BAG3,DYNC1H1,PRC1
NQO1,BAG3,GRB2,PTPRE
NQO1,BAG3,RAB4A,NISCH
NQO1,HSPA4,JUP,CDH8
NQO1,BAG3,GRB2,PTPRE
NQO1,BAG3,HSPA8,DERL1,RAB40C
NQO1,BAG3,UBE2I,PCGF2,CDAN1
NQO1,BAG3,CASP3,NMT2
NQO1,BAG3,CNTN4
NQO1,BAG3,HSPA8,DERL1,SIGLECL1
NQO1,BAG3,HSPA8,DERL1,P2RY8
NQO1,BAG3,DVL1,SMAD1,GPR3
NQO1,BAG3,HSPA5,LOC102723407,PCDHB1
NQO1,HSPA4,AMFR,OR4N2
NQO1,HSPA4,CYP51A1,KCNA2
NQO1,HSPA4,CFTR,CLCA1
NQO1,BAG3,ETFA,NRAS,ATP11C
NQO1,BAG3,CHMP4C,STAMBP
NQO1,BAG3,CRYAB,ACOT7,CD1E
NQO1,BAG3,DNM2,SHANK1
NQO1,BAG3,RAB2B,SLC27A2
NQO1,BAG3,HSPA8,DERL1,JAG2,STS
NQO1,BAG3,HSPA8,DERL1,KIAA0319L
NQO1,BAG3,PSMD2,PSMB7,NLGN4Y
NQO1,HSPA4,MTOR,RHEBL1
NQO1,HSPA4,SRC,CYSTM1
NQO1,BAG3,UBE2Z,RNF130,TNFRSF19
NQO1,HSPA4,TGFBR1,CLEC2B
NQO1,BAG3,HSPA8,DERL1,CEACAM8
NQO1,BAG3,PTPN2,PTPN6,LRIG3
NQO1,HSPA4,AKT1,CYTH1
NQO1,HSPA4,GABARAP,GABRG2,CRHR2
NQO1,BAG3,VDAC1,ATP1A1
NQO1,BAG3,ETFA,NRAS
NQO1,BAG3,HSPA8,DERL1,STK17A
NQO1,BAG3,CHMP4C,STAMBP
NQO1,BAG3,SQSTM1,SESN1,MC2R
NQO1,HSPA4,PGR
NQO1,BAG3,HSPA8,DERL1,AQP6,TSPO2
NQO1,BAG3,DNAJC5,SLC32A1
NQO1,HSPA4,SRC,CYSTM1
NQO1,BAG3,RAB4A,NISCH
NQO1,HSPA4,HSPD1,LARS2,AMACR
NQO1,BAG3,DNM2,SHANK1
NQO1,BAG3,LOXL4,RNF4,MPP2
NQO1,HSPA4,ZMYM2,PSG8
NQO1,BAG3,HSPA8,DERL1,MUC5B
NQO1,HSPA4,MTOR,RHEBL1
NQO1,BAG3,DNM2,SHANK1
NQO1,BAG3,HSPA8,DERL1,LIFR
NQO1,BAG3,HSPA5,LOC102723407,PLA2G4C
NQO1,BAG3,DNAJB4,NUDC,SLC8A1
NQO1,BAG3,CDK1,TSPYL2,EPS8L3
NQO1,BAG3,HSPA5,LOC102723407,SLC3A1
NQO1,BAG3,LOXL4,RNF4,RXFP1,LRP12,NMRK2
NQO1,BAG3,HSPA8,DERL1,ZNF691,FPGT,NLN
NQO1,BAG3,PKM,NTRK2
NQO1,BAG3,RAB4A,NISCH
NQO1,BAG3,PRPF8,SF3A3,NAA38,NAA35
NQO1,BAG3,YWHAB,RAI14,BTN3A1
NQO1,BAG3,DNM2,SHANK1
NQO1,HSPA4,PXN
NQO1,BAG3,CLK1,PDE9A
NQO1,BAG3,PKM,NTRK2,MS4A2
NQO1,HSPA4,CCT2,RDH8
NQO1,BAG3,HSPA8,DERL1,PCDHB14
NQO1,BAG3,PTPN2,PTPN6,BTNL2
NQO1,BAG3,VDAC1,ATP1A1,ENTPD2
NQO1,BAG3,NEDD8,EMG1,SLC1A1
NQO1,BAG3,RAB2B,SLC27A2,DUOX2
NQO1,BAG3,TOM1L2,CALM3,SLC26A3
NQO1,HSPA4,NOS1,UTRN
NQO1,BAG3,HSPA5,LOC102723407,SLC39A8
NQO1,BAG3,ZBTB3,FBXL17,FCMR
NQO1,HSPA4,CDK2,MUS81,HTR3E
NQO1,BAG3,VDAC1,ATP1A1
NQO1,HSPA4,MTOR,RHEBL1
NQO1,BAG3,HSPA8,DERL1,RAB33A
NQO1,BAG3,NEDD8,EMG1,RNF146
NQO1,HSPA4,MTOR,RHEBL1,NCR1
NQO1,BAG3,MAPK11,ARHGAP12,GRM7
NQO1,BAG3,EIF4A2,SLC16A9
NQO1,BAG3,HSPA8,DERL1,MIGA1
NQO1,HSPA4,PRKAA1,STIM2
NQO1,BAG3,HSPA8,DERL1,PLPP3
NQO1,HSPA4,CCDC8
NQO1,HSPA4,FYN,SLC4A8,TYROBP,TREM1
NQO1,BAG3,CCT7,STK24,CD40LG
NQO1,BAG3,PRPF8,SF3A3,ZGPAT
NQO1,HSPA4,MTOR,RHEBL1
NQO1,BAG3,EFTUD2,PRPSAP2,KNSTRN
NQO1,BAG3,LRRK2,ZC3H15,GPR52
NQO1,BAG3,HSPA8,DERL1,FMNL3
NQO1,BAG3,TRIB3,MYH10,GRM2
NQO1,BAG3,GRB2,PTPRE
NQO1,BAG3,DVL1,SMAD1,CAPRIN2
NQO1,BAG3,HSPA8,DERL1,CDHR5
NQO1,BAG3,HSPA8,DERL1,RELT
NQO1,BAG3,SQSTM1,SESN1,CCR6
NQO1,HSPA4,SGTA,CTSL
NQO1,BAG3,LITAF,HPCAL4,TNFRSF11B
NQO1,BAG3,DNAJC5,SLC32A1,KIRREL3
NQO1,BAG3,PKM,NTRK2
NQO1,HSPA4,AKT1,CYTH1
NQO1,HSPA4,SRC,CYSTM1
NQO1,HSPA4,FYN,SLC4A8
NQO1,HSPA4,FYN,SLC4A8
NQO1,BAG3,CRYAB,ACOT7,HFE
NQO1,HSPA4,KCND3,KCNIP1
NQO1,BAG3,DYNC1H1,PRC1,MARCKSL1
NQO1,BAG3,GRB2,PTPRE
NQO1,BAG3,HSPA8,DERL1,INPP5K
NQO1,HSPA4,LARP7,EPB42
NQO1,BAG3,ANXA1,ABHD11,IL6R
NQO1,HSPA4,FYN,SLC4A8
NQO1,BAG3,HSPA8,DERL1,SERINC5
NQO1,BAG3,DNAJC5,SLC32A1
NQO1,BAG3,HSPA8,DERL1,DLK1,SLC16A2
NQO1,BAG3,IRAK1,CPVL,NTF3,NTRK3
NQO1,HSPA4,GSK3B,ACSBG1
NQO1,BAG3,RAB5A,GORASP2,SPINT2
NQO1,BAG3,HSPA8,DERL1,JAG2
NQO1,BAG3,ENO1
NQO1,BAG3,CAPZA1,WASHC2A
NQO1,BAG3,RAB4A,NISCH
NQO1,BAG3,HSPB1,MAPKAPK5,PLGRKT
NQO1,BAG3,HSP90AB1,SMYD3,GFRA3
NQO1,BAG3,HSPA8,DERL1,ALOX15B
NQO1,BAG3,GRB2,PTPRE
NQO1,HSPA4,PSMD14,MICALL2
NQO1,HSPA4,GSK3B,ACSBG1
NQO1,BAG3,UBE2K,MARCHF3,MMP16
NQO1,BAG3,HSPA8,DERL1,TMEM147
NQO1,BAG3,HSPA8,DERL1,PIK3CD
NQO1,BAG3,GAB1,PTPN9,TUB
NQO1,HSPA4,FYN,SLC4A8
NQO1,BAG3,PKM,NTRK2,SLC14A2
NQO1,BAG3,HSPA5,LOC102723407,GPC3
NQO1,BAG3,YWHAB,RAI14,SLC22A11
NQO1,BAG3,MAPK7,DSC1,CDSN
NQO1,BAG3,HSPA8,DERL1,ARAP1
NQO1,BAG3,HSPA8,DERL1,SERPINB6
NQO1,HSPA4,LARP7,EPB42
NQO1,HSPA4,PSMD14,MICALL2
NQO1,HSPA4,RPS3
NQO1,HSPA4,MAP3K11,IFNAR2
NQO1,HSPA4,LARP7,EPB42
NQO1,HSPA4,CFTR,CLCA1
NQO1,BAG3,ENO1,HINT2,SLC31A2
NQO1,HSPA4,AKT1,CYTH1
NQO1,BAG3,SIRT5,ZSCAN18,P2RY11
NQO1,BAG3,DNM2,SHANK1
NQO1,BAG3,HSPA5,LOC102723407,BTBD17
NQO1,HSPA4,DNAJC7,BBS10,PLAUR
NQO1,HSPA4,AKT1,CYTH1
NQO1,BAG3,DVL1,SMAD1,PTGER2
NQO1,HSPA4,HUWE1,FURIN
NQO1,HSPA4,FYN,SLC4A8
NQO1,BAG3,HSPA8,DERL1,RAB29
NQO1,HSPA4,AKT1,CYTH1
NQO1,BAG3,CDK17,TDRD7,CLCN3,CNGA4
NQO1,BAG3,PKM,NTRK2
NQO1,BAG3,DNM2,SHANK1
NQO1,BAG3,GRB2,PTPRE
NQO1,BAG3,HSPA8,DERL1,PNPLA2
NQO1,BAG3,HSPA8,DERL1,SLC26A2
NQO1,HSPA4,GSK3B,ACSBG1
NQO1,HSPA4,SRC,CYSTM1
NQO1,BAG3,CCT7,STK24,LRFN3
NQO1,BAG3,HSPA8,DERL1,OPCML
NQO1,BAG3,ETFA,NRAS,ACE2,SLC6A19
NQO1,BAG3,DYNC1H1,PRC1
NQO1,BAG3,SIRT5,ZSCAN18,KCNB2
NQO1,HSPA4,NTRK1
NQO1,BAG3,PTPN2,PTPN6,CD33
NQO1,HSPA4,APP,PPP1R2,LY86,CD180
NQO1,BAG3,CDK1,TSPYL2,INPP5J
NQO1,BAG3,ZSCAN20,C3
NQO1,HSPA4,RAP1A,RAPGEF3
NQO1,HSPA4,YAP1,PIEZO2
NQO1,BAG3,VDAC1,ATP1A1,ASIC2
NQO1,BAG3,HSPA8,DERL1,SLC6A1
NQO1,HSPA4,PRKAA1,STIM2
NQO1,BAG3,DNAJC5,SLC32A1
NQO1,BAG3,DYNC1H1,PRC1
NQO1,HSPA4,GSK3B,ACSBG1,HAUS7
NQO1,BAG3,HSPA8,DERL1,SLC7A11
NQO1,HSPA4,CCT2,RDH8
NQO1,HSPA4,SRC,CYSTM1
NQO1,BAG3,RAB5A,GORASP2,KCNF1
NQO1,BAG3,PCP2,GNAI3,GCG
NQO1,HSPA4,COL6A1,LYPD6B
NQO1,BAG3,HSPA8,DERL1,ICAM5
NQO1,HSPA4,NCOR1,PMEPA1
NQO1,BAG3,CSDE1,CNOT1,RAB3D
NQO1,BAG3,PTPN2,PTPN6,BTLA
NQO1,BAG3,HSPA8,DERL1,OSBPL3
NQO1,BAG3,PCP2,GNAI3,ACKR3
NQO1,HSPA4,GSK3B,ACSBG1
NQO1,BAG3,HSPA8,DERL1,PCDHB15
NQO1,HSPA4,PRKACA,AKAP7,DUOXA1
NQO1,BAG3,NEDD8,EMG1,RAB3B
NQO1,BAG3,HSPA8,DERL1,ANKRD13A
NQO1,BAG3,HSF1,RNF20,SSTR1
NQO1,BAG3,HSPA5,LOC102723407,XKRX
NQO1,HSPA4,FYN,SLC4A8
NQO1,HSPA4,AKT1,CYTH1
NQO1,BAG3,NEDD8,EMG1,UPK2
NQO1,HSPA4,LARP7,EPB42
NQO1,HSPA4,SGTA,CTSL
NQO1,BAG3,BAX,SLC25A4
NQO1,HSPA4,LARP7,EPB42
NQO1,BAG3,ZBTB3,FBXL17,RASGRP2
NQO1,BAG3,HSPA8,DERL1,ACVR2A
NQO1,BAG3,MRPS10,ZNF707,TRARG1
NQO1,HSPA4,PRKAA1,STIM2
NQO1,BAG3,DNAJC5,SLC32A1
NQO1,BAG3,PTPN2,PTPN6,SMPD2
NQO1,BAG3,TSC1,CCDC160,CDHR3
NQO1,HSPA4,AQP2
NQO1,BAG3,DNM2,SHANK1
NQO1,BAG3,HSPA5,LOC102723407,ERVMER34-1
NQO1,BAG3,P4HB,HSPA13
NQO1,BAG3,YWHAB,RAI14,ABCG4
NQO1,BAG3,CDH1,SIN3A,SCN1B
NQO1,HSPA4,FYN,SLC4A8
NQO1,HSPA4,ZAP70
NQO1,BAG3,EFTUD2,PRPSAP2,HYAL3
NQO1,BAG3,S100A8,RPL35A,CTSF
NQO1,BAG3,GRB2,PTPRE
NQO1,HSPA4,PRKAA1,STIM2
NQO1,BAG3,MAPK11,ARHGAP12,UNC5A
NQO1,BAG3,NFKBIB,BTBD6,RASGEF1A
NQO1,BAG3,YWHAB,RAI14,CELSR3
NQO1,BAG3,EIF4A2,SLC16A9
NQO1,BAG3,SUGT1,CNOT6,GAS2L2
NQO1,BAG3,DYNC1H1,PRC1
NQO1,BAG3,S100P,THAP10,SLC12A4
NQO1,HSPA4,GSK3B,ACSBG1
NQO1,BAG3,EFTUD2,PRPSAP2,LPP
NQO1,HSPA4,AIRE,CCDC87,CBLIF,CUBN
NQO1,BAG3,RAB4A,NISCH
NQO1,HSPA4,MACROH2A1,CGAS
NQO1,HSPA4,NCOR1,PMEPA1
NQO1,BAG3,MAPK11,ARHGAP12,TRPV5
NQO1,BAG3,HSPA8,DERL1,TMEM106A
NQO1,BAG3,DLG3,ZFP91,PLB1
NQO1,HSPA4,RAP1A,RAPGEF3
NQO1,HSPA4,COL6A1,LYPD6B
NQO1,BAG3,HSPA8,DERL1,ATP10D
NQO1,HSPA4,NOS1,UTRN
NQO1,BAG3,CAPZA1,WASHC2A
NQO1,BAG3,HSPA8,DERL1,JADE1
NQO1,HSPA4,MTOR,RHEBL1
NQO1,BAG3,SYNPO
NQO1,BAG3,HSPA8,DERL1,TMEM87A
NQO1,HSPA4,AKT1,CYTH1
NQO1,HSPA4,FKBP5,PI4KA
NQO1,HSPA4,FKBP5,PI4KA
NQO1,BAG3,HSPA8,DERL1,PRG3
NQO1,BAG3,DNAJC5,SLC32A1
NQO1,BAG3,DNAJC5,SLC32A1
NQO1,BAG3,YWHAB,RAI14,APOLD1
NQO1,BAG3,TRIB3,MYH10,SLC16A5
NQO1,BAG3,HSPA8,DERL1,CMYA5
NQO1,BAG3,CHMP4C,STAMBP
NQO1,BAG3,PKM,NTRK2
NQO1,BAG3,NEDD8,EMG1,ATP6V0A4
NQO1,HSPA4,TGFBR1,CLEC2B
NQO1,BAG3,HSPB1,MAPKAPK5,PTP4A3
NQO1,HSPA4,RAP1A,RAPGEF3
NQO1,HSPA4,LARP7,EPB42
NQO1,BAG3,SSH2,IQGAP1,TRPM7
NQO1,BAG3,HSPB1,MAPKAPK5,GAS8
NQO1,BAG3,EIF4A2,SLC16A9
NQO1,HSPA4,SRC,CYSTM1
NQO1,BAG3,BAX,SLC25A4
NQO1,BAG3,PCP2,GNAI3,NPY2R
NQO1,HSPA4,IRS4,MTNR1B
NQO1,BAG3,HSPA8,DERL1,TRAK2
NQO1,BAG3,HSPA8,DERL1,ADA
NQO1,BAG3,ZBTB3,FBXL17,CYP2C19
NQO1,BAG3,DNAJC5,SLC32A1
NQO1,HSPA4,HUWE1,FURIN
NQO1,BAG3,YWHAB,RAI14,PODXL2
NQO1,BAG3,CAPZA1,WASHC2A
NQO1,BAG3,CSDE1,CNOT1,SYT17
NQO1,HSPA4,JUP,CDH8
NQO1,BAG3,PDCD6IP,SRI,GPNMB
NQO1,HSPA4,TGFBR1,CLEC2B
NQO1,BAG3,PCP2,GNAI3,MRGPRD
NQO1,BAG3,UBE2M,KCTD2,SMPD3
NQO1,BAG3,DYNC1H1,PRC1
NQO1,HSPA4,PXN,PARVB
NQO1,BAG3,VDAC1,ATP1A1
NQO1,HSPA4,TGFBR1,CLEC2B
NQO1,BAG3,GRB2,PTPRE
NQO1,BAG3,NEFL,PECAM1
NQO1,HSPA4,DNMBP,RASGRF2
NQO1,BAG3,HSPA8,DERL1,SLC6A9
NQO1,BAG3,LOXL4,RNF4,UNC80
NQO1,BAG3,ZSCAN20,C3
NQO1,BAG3,CASP3,NMT2
NQO1,BAG3,HSPA8,DERL1,GOLM1
NQO1,BAG3,PKM,NTRK2
NQO1,BAG3,GRB2,PTPRE
NQO1,BAG3,STMN1,ATP6V1H
NQO1,HSPA4,AKT1,CYTH1
NQO1,BAG3,MYC,ELL,KIR2DL4
NQO1,HSPA4,LARP7,EPB42
NQO1,BAG3,ANXA5,ATP5IF1,MGLL
NQO1,BAG3,ST13,F2
NQO1,BAG3,AIF1L,RHOD,DDR1
NQO1,BAG3,HSPA8,DERL1,MICAL3
NQO1,BAG3,STMN1,ATP6V1H
NQO1,BAG3,MAPK7,DSC1,TBC1D30
NQO1,BAG3,HSPA8,DERL1,ARHGAP19
NQO1,BAG3,LRRK2,ZC3H15,SYTL3
NQO1,BAG3,EIF4A2,SLC16A9
NQO1,BAG3,NEFL,PECAM1
NQO1,BAG3,NEDD8,EMG1,PRSS41
NQO1,BAG3,LAMTOR1
NQO1,BAG3,DNM2,SHANK1
NQO1,HSPA4,LARP7,EPB42
NQO1,BAG3,HSPA8,DERL1,RAB17
NQO1,HSPA4,HSPD1,LARS2,ADGRG6
NQO1,BAG3,GRB2,PTPRE
NQO1,BAG3,SIRT5,ZSCAN18,VSTM4
NQO1,BAG3,NUP93,TPR,KLRK1,RAET1L
NQO1,BAG3,VDAC1,ATP1A1
NQO1,HSPA4,PRKAA1,STIM2
NQO1,BAG3,HSPA8,DERL1,ARHGAP21
NQO1,BAG3,HSPA8,DERL1,GPA33
NQO1,BAG3,GRB2,PTPRE
NQO1,BAG3,ANXA2
NQO1,HSPA4,RAF1,SCNN1B
NQO1,BAG3,P4HB,HSPA13
NQO1,BAG3,RAB5A,GORASP2,JAML
NQO1,BAG3,VDAC1,ATP1A1
NQO1,BAG3,HSPA8,DERL1,PIGU
NQO1,BAG3,YWHAB,RAI14,SEMA4F
NQO1,BAG3,CSDE1,CNOT1,SLC7A9
NQO1,HSPA4,PLEKHA4
NQO1,HSPA4,CSK,LILRB1
NQO1,BAG3,RAB2B,SLC27A2
NQO1,HSPA4,TLR9,UNC93B1,CNGA3,CNGB3
NQO1,BAG3,HSPA8,DERL1,GDF5
NQO1,HSPA4,AKT1,CYTH1
NQO1,BAG3,CRYAB,ACOT7,KIR2DL3
NQO1,BAG3,HSPA8,DERL1,CDH11
NQO1,BAG3,BAX,SLC25A4,GSDMD
NQO1,BAG3,HSPA8,DERL1,HTR2A
NQO1,BAG3,HSPA8,DERL1,MILR1
NQO1,BAG3,VDAC1,ATP1A1,TMEM179B,SLC47A1
NQO1,HSPA4,APBB1,SLAMF7
NQO1,BAG3,HSPA8,DERL1,FTO
NQO1,HSPA4,NOS1,UTRN
NQO1,BAG3,SNX20,DIRAS1
NQO1,BAG3,AIF1L,RHOD
NQO1,BAG3,GRB2,PTPRE
NQO1,BAG3,RAB4A,NISCH
NQO1,BAG3,DPP10
NQO1,BAG3,EIF4A2,SLC16A9
NQO1,HSPA4,CFTR,CLCA1
NQO1,HSPA4,AR,SLC43A1
NQO1,BAG3,HSP90AB1,SMYD3,GFRA1
NQO1,BAG3,ZSCAN20,C3
NQO1,BAG3,TRIB3
NQO1,HSPA4,NCOR1,PMEPA1
NQO1,HSPA4,FYN,SLC4A8
NQO1,HSPA4,NCOR1,PMEPA1
NQO1,BAG3,HSF1,RNF20,SSTR3
NQO1,BAG3,YWHAB,RAI14,CA4
NQO1,BAG3,HSPA8,DERL1,NTM,QRFPR
NQO1,BAG3,SQSTM1,SESN1,NMUR2
NQO1,BAG3,CAPZA1,WASHC2A
NQO1,BAG3,HSPA8,DERL1,GNG4
NQO1,BAG3,CLK1,PDE9A
NQO1,BAG3,RAB4A,NISCH
NQO1,BAG3,ANXA1,ABHD11,LPL
NQO1,HSPA4,FYN,SLC4A8
NQO1,HSPA4,SRC,CYSTM1
NQO1,HSPA4,SRC,CYSTM1
NQO1,BAG3,HSPA8,DERL1,CDHR4
NQO1,BAG3,TJP1,KRT1,PTH2R
NQO1,BAG3,HSPA8,DERL1,SLC4A3
NQO1,BAG3,HSPA8,DERL1,SLC16A14
NQO1,HSPA4,MAP3K3,MYO1A
NQO1,HSPA4,FYN,SLC4A8
NQO1,BAG3,ZSCAN20,C3,C3AR1
NQO1,HSPA4,CCT2,RDH8
NQO1,BAG3,VDAC1,ATP1A1
NQO1,BAG3,HSPA5,LOC102723407,VNN2
NQO1,BAG3,PKM,NTRK2
NQO1,BAG3,NAP1L1,IFT20,CLEC4M
NQO1,BAG3,LRRK2,ZC3H15,S1PR4
NQO1,BAG3,CAPZA1,WASHC2A
NQO1,BAG3,NEFL,PECAM1,CD38
NQO1,HSPA4,SRC,CYSTM1
NQO1,BAG3,HSPA8,DERL1,KNG1
NQO1,HSPA4,KRT18,PSTPIP2
NQO1,BAG3,HSPA8,DERL1,RHPN2
NQO1,BAG3,RAB4A,NISCH
NQO1,HSPA4,PRKCD
NQO1,BAG3,VDAC1,ATP1A1
NQO1,BAG3,EFTUD2,PRPSAP2,RASL12
NQO1,HSPA4,FYN,SLC4A8
NQO1,HSPA4,UNK,RBFOX2,SLC10A1
NQO1,BAG3,PCP2,GNAI3,SSTR4
NQO1,BAG3,HSPA5,LOC102723407,PCDHGA11
NQO1,HSPA4,YAP1,PIEZO2
NQO1,BAG3,PCP2,GNAI3,GPR88
NQO1,BAG3,HSPB7,FLNB
NQO1,BAG3,HSPA8,DERL1,SLC2A13
NQO1,BAG3,NEDD8,EMG1,SLC26A1
NQO1,BAG3,GRB2,PTPRE
NQO1,HSPA4,SRC,CYSTM1,TPRA1
NQO1,BAG3,RAB5A,GORASP2,WNT7B
NQO1,HSPA4,SRC,CYSTM1
NQO1,HSPA4,RAP1A
NQO1,HSPA4,AKT1,CYTH1
NQO1,BAG3,SQSTM1,SESN1,PCDHA3
NQO1,HSPA4,PXN,PARVB
NQO1,BAG3,DNAJC5,SLC32A1
NQO1,HSPA4,AKT1,CYTH1,CYBRD1
NQO1,HSPA4,PRNP,PLK3,SV2C
NQO1,BAG3,HSPA8,DERL1,RASSF2
NQO1,BAG3,HSPA8,DERL1,OR1M1
NQO1,BAG3,NEFL,PECAM1
NQO1,BAG3,MAPK7,DSC1
NQO1,HSPA4,APBB1,SLAMF7
NQO1,BAG3,PCP2,GNAI3,RGS12
NQO1,BAG3,ETFA,NRAS,GBA2
NQO1,BAG3,GPI,BSG
NQO1,BAG3,DNM2,SHANK1
NQO1,HSPA4,SRC,CYSTM1
NQO1,HSPA4,PIM1
NQO1,BAG3,HSPA5,LOC102723407,ANGPT1
NQO1,BAG3,DNM2,SHANK1
NQO1,BAG3,RAB5A,GORASP2,MMP15
NQO1,BAG3,ST13,F2
NQO1,BAG3,HSPA5,LOC102723407,ATP11B
NQO1,HSPA4,LARP7,EPB42
NQO1,HSPA4,RAF1,SCNN1B
NQO1,BAG3,HSPA8,DERL1,SLC7A6
NQO1,BAG3,ACTB
NQO1,HSPA4,LARP7,EPB42
NQO1,BAG3,DNM2,SHANK1,LAG3
NQO1,HSPA4,PRKACA,AKAP7,PDE6G
NQO1,HSPA4,ABL1,NAA25,PRLHR
NQO1,BAG3,PCP2,GNAI3,CCR5
NQO1,BAG3,HSPA8,DERL1,RGMB
NQO1,BAG3,PCP2,GNAI3,HTR4
NQO1,BAG3,HSPA5,LOC102723407,MIGA2
NQO1,BAG3,CDH1,SIN3A,CDHR2
NQO1,BAG3,CUL4B,DCAF8,IQCJ-SCHIP1
NQO1,BAG3,HSPA8,DERL1,HCN1
NQO1,HSPA4,FYN,SLC4A8
NQO1,BAG3,HSPA8,DERL1,DRD5
NQO1,HSPA4,PA2G4,MYBPC2,TP53I13
NQO1,BAG3,PKM,NTRK2
NQO1,BAG3,HSPA8,DERL1,ATAD3B
NQO1,BAG3,HSPA8,DERL1,FFAR3
NQO1,BAG3,YWHAB,RAI14,NRXN3
NQO1,BAG3,DNM2,SHANK1
NQO1,BAG3,YWHAB,RAI14,TPSG1
NQO1,BAG3,HSPA8,DERL1,CD55
NQO1,BAG3,DNM2,SHANK1
NQO1,BAG3,MAPK7,DSC1
NQO1,HSPA4,AKT1,CYTH1
NQO1,HSPA4,AMFR,OR4N2,CCR8
NQO1,BAG3,HSPA5,LOC102723407,ABCC4
NQO1,BAG3,HSPA8,DERL1,CCR2
NQO1,HSPA4,AKT1,CYTH1
NQO1,BAG3,SNX20,DIRAS1
NQO1,HSPA4,LARP7,EPB42
NQO1,BAG3,RAB5A,GORASP2,ADIPOR2
NQO1,HSPA4,RAP1A,RAPGEF3
NQO1,BAG3,RAB4A,NISCH
NQO1,BAG3,HSPA8,DERL1,ENPP5
NQO1,BAG3,HSP90AB1,SMYD3,GPR142
NQO1,BAG3,YWHAG,RIPOR2,LRRN4
NQO1,BAG3,PSMD2,PSMB7,GPBAR1
NQO1,HSPA4,LARP7,EPB42
NQO1,BAG3,HSPA5,LOC102723407,NRCAM
NQO1,HSPA4,PRKACA,AKAP7,SLC24A3
NQO1,BAG3,HSPA8,DERL1,JPH4
NQO1,BAG3,HSPA8,DERL1,FLRT2
NQO1,BAG3,RANBP2,MAGEA3,CA14
NQO1,BAG3,HSPA8,DERL1,ADCY6
NQO1,HSPA4,USP19,ECEL1
NQO1,BAG3,CUL4B,DCAF8,AVPR1A
NQO1,BAG3,HSPA5,LOC102723407,TSPAN15,ADGRE2
NQO1,BAG3,BAX,SLC25A4
NQO1,HSPA4,COL6A1,LYPD6B
NQO1,BAG3,UBE2I,PCGF2,SLC34A1
NQO1,BAG3,RAB4A,NISCH
NQO1,BAG3,HSPA8,DERL1,DOCK8
NQO1,BAG3,CASP3,NMT2
NQO1,BAG3,HSPA8,DERL1,CD274,PDCD1
NQO1,HSPA4,KRT18,PSTPIP2
NQO1,BAG3,HSPA8,DERL1,PSKH1
NQO1,HSPA4,PSMD14,MICALL2
NQO1,BAG3,GRB2,PTPRE
NQO1,BAG3,PNISR
NQO1,BAG3,HSPA8,DERL1,SEMA6D
NQO1,HSPA4,MTOR,RHEBL1
NQO1,BAG3,HSPA5,LOC102723407,F8
NQO1,BAG3,GRB2,PTPRE
NQO1,BAG3,PKM,NTRK2
NQO1,BAG3,HSPA8,DERL1,CCDC70
NQO1,HSPA4,ATR,FAAP24,RAET1E
NQO1,BAG3,CSDE1,CNOT1,NFASC
NQO1,BAG3,VDAC1,ATP1A1
NQO1,BAG3,CAPZA1,WASHC2A
NQO1,HSPA4,MTOR,RHEBL1
NQO1,BAG3,HSPA8,DERL1,SLC35G1
NQO1,BAG3,VDAC1,ATP1A1
NQO1,HSPA4,NOX5
NQO1,BAG3,SIRT5,ZSCAN18,CRB1
NQO1,BAG3,GRB2,PTPRE
NQO1,BAG3,S100P,THAP10,PLA2G4E
NQO1,BAG3,YWHAB,RAI14,KCNJ10
NQO1,BAG3,HSPA8,DERL1,CNTN1
NQO1,HSPA4,AIRE,CCDC87,ATP4B
NQO1,BAG3,MAPK7,DSC1
NQO1,HSPA4,IRS4,MTNR1B
NQO1,HSPA4,PRKACA
NQO1,BAG3,HSPA8,DERL1,ZMAT3
NQO1,HSPA4,HSPE1,MSRA
NQO1,BAG3,CCT7,STK24,GP2
NQO1,BAG3,HSPA8,DERL1,PCDHB6
NQO1,HSPA4,LARP7,EPB42
NQO1,BAG3,RAB4A,NISCH
NQO1,HSPA4,CSK,LILRB1
NQO1,HSPA4,SRC,CYSTM1
NQO1,BAG3,PKM,NTRK2
NQO1,BAG3,PKM,NTRK2
NQO1,BAG3,NECTIN3
NQO1,HSPA4,CYP51A1,KCNA2
NQO1,BAG3,GRB2,PTPRE
NQO1,BAG3,PSMD2,PSMB7,SLC34A3
NQO1,HSPA4,FYN,SLC4A8
NQO1,BAG3,DLG3,ZFP91,SLC23A1
NQO1,HSPA4,FYN,SLC4A8
NQO1,BAG3,ENO1,HINT2,REEP2
NQO1,BAG3,HSPA8,DERL1,GAS7
NQO1,BAG3,VDAC1,ATP1A1
NQO1,BAG3,DNAJC5,SLC32A1
NQO1,BAG3,IRAK2,SESTD1,APH1B
NQO1,BAG3,GPI,BSG
NQO1,BAG3,VDAC1,ATP1A1
NQO1,BAG3,EIF4A2,SLC16A9
NQO1,HSPA4,YAP1,PIEZO2
NQO1,HSPA4,KRT18,PSTPIP2
NQO1,BAG3,RAB4A,NISCH
NQO1,HSPA4,GABARAP,GABRG2
NQO1,BAG3,ZSCAN20,C3,CLCN7,MCOLN3
NQO1,BAG3,PSMD2,PSMB7,SLC14A1
NQO1,HSPA4,LARP7,EPB42
NQO1,BAG3,HSPA8,DERL1,SYT2
NQO1,BAG3,YWHAB,RAI14,DOCK2
NQO1,BAG3,HSPA8,DERL1,GNG3
NQO1,BAG3,MAPK7,DSC1
NQO1,BAG3,BAX,SLC25A4
NQO1,BAG3,YWHAB,RAI14,CHMP3
NQO1,BAG3,GRB2,PTPRE
NQO1,HSPA4,LARP7,EPB42
NQO1,HSPA4,KCND3
NQO1,BAG3,RAB2B,SLC27A2
NQO1,HSPA4,PSMD14,MICALL2
NQO1,HSPA4,FYN,SLC4A8
NQO1,HSPA4,FYN,SLC4A8
NQO1,HSPA4,SLC9A1,CHP1
NQO1,BAG3,RAB2B,SLC27A2,SPAM1
NQO1,BAG3,NEFL,PECAM1
NQO1,HSPA4,SGTA,CTSL
NQO1,HSPA4,JUP,CDH8
NQO1,BAG3,HSPA8,DERL1,CHRNA9
NQO1,BAG3,PRKDC,E2F3,TECTA
NQO1,HSPA4,SRC,CYSTM1
NQO1,BAG3,MAPK11,ARHGAP12,TRPC3
NQO1,BAG3,CUL1
NQO1,BAG3,PTPN2,PTPN6,PLXND1
NQO1,BAG3,RAB5A,GORASP2,SLC16A7
NQO1,HSPA4,SRC,CYSTM1
NQO1,BAG3,ETFA,NRAS
NQO1,BAG3,AIF1L,RHOD
NQO1,HSPA4,GSK3B,ACSBG1
NQO1,BAG3,HSPA8,DERL1,RAB22A
NQO1,BAG3,HSPA8,DERL1,MTMR1
NQO1,BAG3,HSP90AA1
NQO1,BAG3,RAB4A,NISCH
NQO1,BAG3,CASP3,NMT2
NQO1,BAG3,P4HB,HSPA13
