PMS2,NSF,AKT1,CYTH1
PMS2,CTR9,MYC,CECR2,KIR2DL4
PMS2,CTR9,LARP7,EPB42
PMS2,EXO1,CDK2,KLF10,MGLL
PMS2,NSF,STX8
PMS2,CTR9,KRAS,STXBP3
PMS2,CTR9,KRAS,STXBP3
PMS2,EXO1,YWHAG,RAC2
PMS2,MSH6,CHD8,CASR
PMS2,NSF,SNAP23,DIRAS3
PMS2,NSF,TGOLN2,GOLPH3
PMS2,CTR9,KRAS,STXBP3
PMS2,CTR9,CHD3,KRT84,SYTL3
PMS2,PCNA,ZBTB1,MUCL1
PMS2,PCNA,POLD3,MELTF
PMS2,EXO1,YWHAG,RAC2,PRSS41
PMS2,EXO1,YWHAQ,UACA,NSMF
PMS2,CTR9,MYH14,SLITRK2
PMS2,EXO1,YWHAE,PFDN4,DLGAP2
PMS2,EXO1,YWHAG,RAC2
PMS2,CTR9,LARP7,EPB42
PMS2,EXO1,SFN,CYP26C1,RAB17
PMS2,XRCC3,HSPD1,PACSIN2,ADGRG6
PMS2,UBC,BSG,SLC16A13
PMS2,EXO1,YWHAQ,UACA,KLRK1,RAET1L
PMS2,CTR9,KRAS,STXBP3
PMS2,UBC,FASN,SLC34A3
PMS2,CTR9,KRAS,STXBP3
PMS2,NSF,GPA33
PMS2,UBC,GRB2,TBC1D3G
PMS2,UBC,COPB1
PMS2,PPP2CA,SYK,SIRPB1
PMS2,XRCC3,HSPD1,PACSIN2
PMS2,UBC,RNF5
PMS2,NSF,CANX,CNR2
PMS2,CTR9,KRAS,STXBP3,JAML
PMS2,CTR9,KRAS,STXBP3
PMS2,CTR9,LARP7,EPB42
PMS2,EXO1,UBE2I,PCGF2,ABCA4
PMS2,EXO1,YWHAZ,HDAC9,SEMA4F
PMS2,UBC,AGO2,SLC7A9
PMS2,CTR9,PLEKHA4
PMS2,CTR9,KRAS,STXBP3
PMS2,CTR9,KRAS,STXBP3
PMS2,XRCC3,TMPO,NCK1
PMS2,CTR9,KRAS,STXBP3,CNGA3,CNGB3
PMS2,UBC,FASN,SLC34A3
PMS2,NSF,AKT1,CYTH1
PMS2,CTR9,KRAS,STXBP3
PMS2,EXO1,H2AX,ZNF574,KIR2DL3
PMS2,UBC,GSK3B,ACSBG1
PMS2,UBC,AMOT,LIN7A
PMS2,PCNA,USP4
PMS2,UBC,ARRB2,APLNR
PMS2,UBC,CASP8,PLIN4
PMS2,CTR9,PLEKHA4,MTERF4,TMEM179B,SLC47A1
PMS2,UBC,ACTL6A
PMS2,RFC2,CHD1L,NT5E
PMS2,EXO1,YWHAZ,HDAC9,SELPLG
PMS2,NSF,NRAS,PCDH18
PMS2,UBC,ABL1,WNK2
PMS2,CTR9,KRAS,STXBP3
PMS2,MSH2,EPHA2,ARHGEF5
PMS2,EXO1,YWHAQ,UACA,DPP10
PMS2,NSF,HRAS,PDE4D
PMS2,PPP2CB,SNCA,DMTN
PMS2,PCNA,PPP1CB,RYR2
PMS2,CTR9,TACC2,KXD1,GFRA1
PMS2,EXO1,UBE2I,PCGF2,ARHGEF39
PMS2,EXO1,H4C6,ARID5B,ADGRB2
PMS2,UBC,FASN,SLC34A3
PMS2,CTR9,KRAS,STXBP3
PMS2,UBC,HTT,SLC25A12,QRFPR
PMS2,UBC,FGFR1,FLRT1
PMS2,UBC,COPE,SLC35A1
PMS2,UBC,FGFR1,FLRT1
PMS2,UBC,MARCHF7
PMS2,UBC,ABL1,WNK2
PMS2,CTR9,PLEKHA4,MTERF4,NMUR2
PMS2,NSF,RHOG,CCR1
PMS2,UBC,GNB2,RGS6
PMS2,XRCC3,HSPD1,PACSIN2
PMS2,XRCC3,HSP90B1,KCNQ4
PMS2,UBC,WWP1,LDLRAD3
PMS2,NSF,VAMP4
PMS2,PPP2CB,IKBKB,NLRX1
PMS2,CTR9,KRAS,STXBP3
PMS2,PPP2CB,SRC,EFNA5
PMS2,CTR9,POLR1E,RRP12
PMS2,XRCC3,TMPO,NCK1
PMS2,CTR9,KRAS,STXBP3
PMS2,UBC,ABL1,WNK2
PMS2,EXO1,KLC3,HTRA2,ADGRB3
PMS2,EXO1,UBE2I,PCGF2,LPL
PMS2,CTR9,PLEKHA4,MTERF4,CDHR4
PMS2,PPP2CB,SRC,EFNA5
PMS2,PPP2CB,SRC,EFNA5
PMS2,PPP2CB,SRC,EFNA5
PMS2,EXO1,YWHAZ,HDAC9,PTH2R
PMS2,EXO1,YWHAQ,UACA,SLC4A3
PMS2,EXO1,CDK1,TSPYL2,SLC16A14
PMS2,UBC,CBLC
PMS2,PPP2CB,EGFR,GABRA2
PMS2,PPP2CA,MAP3K3,MYO1A
PMS2,XRCC3,HSP90B1,KCNQ4
PMS2,NSF,STX12,ATP6V0A2
PMS2,CTR9,PLEKHA4,MTERF4,C3AR1
PMS2,XRCC3,HSPD1,PACSIN2
PMS2,XRCC3,HSPD1,PACSIN2
PMS2,UBC,AP2B1
PMS2,XRCC3,FKBP5,PI4KA
PMS2,CTR9,KRAS,STXBP3
PMS2,EXO1,H4C6,ARID5B,VNN2
PMS2,CTR9,DISC1,CRYAB,CLEC4M
PMS2,CTR9,KRAS,STXBP3,S1PR4
PMS2,CTR9,KRAS,STXBP3
PMS2,EXO1,YWHAE,PFDN4,WASHC2A
PMS2,CTR9,FZR1,RGS11,CD38
PMS2,UBC,SMURF2
PMS2,PPP2CB,SRC,EFNA5
PMS2,PPP2CA,KNG1
PMS2,NSF,HRAS,PDE4D
PMS2,CTR9,KRAS,STXBP3
PMS2,PCNA,RPS27A,ABCG2
PMS2,CTR9,KRAS,STXBP3
PMS2,PPP2CB,PRKCD
PMS2,NSF,PTPRO
PMS2,CTR9,KRAS,STXBP3
PMS2,EXO1,DDB1,DET1,RASL12
PMS2,EXO1,YWHAG,RAC2
PMS2,UBC,RAC1,CDC42EP4
PMS2,CTR9,KRAS,STXBP3
PMS2,CTR9,KRAS,STXBP3
PMS2,PPP2CA,CTNNB1
PMS2,NSF,TGOLN2,GOLPH3,SLC10A1
PMS2,NSF,ASPSCR1
PMS2,CTR9,PLEKHA4,MTERF4,SSTR4
PMS2,NSF,ATP6V0D1,ATP6AP2
PMS2,PCNA,DHX15,AGGF1,PCDHGA11
PMS2,CTR9,KRAS,STXBP3
PMS2,UBC,PSEN1,TMBIM6
PMS2,CTR9,PLEKHA4,MTERF4,GPR88
PMS2,NSF,VAMP8,SYPL1,SLC26A1
PMS2,UBC,GRB2,TBC1D3G
PMS2,NSF,CANX,CNR2
PMS2,NSF,RAP2A,ITFG2,TPRA1
PMS2,CTR9,PLEKHA4,MTERF4,WLS,WNT7B
PMS2,PPP2CB,SRC,EFNA5
PMS2,PPP2CA,SYK,SIRPB1
PMS2,PPP2CB,AKT2
PMS2,UBC,BIN1,RBM12,PCDHA3
PMS2,CTR9,KRAS,STXBP3
PMS2,PPP2CA,PXN,PARVB
PMS2,EXO1,YWHAG,RAC2
PMS2,NSF,AKT1,CYTH1,CYBRD1
PMS2,UBC,CALCOCO2,SPTBN2
PMS2,CTR9,KRAS,STXBP3
PMS2,UBC,TRIP12,CELSR3
PMS2,NSF,SNAP25,SYT3,SV2C
PMS2,CTR9,KRAS,STXBP3
PMS2,CTR9,DISC1,CRYAB,OR1M1
PMS2,CTR9,FZR1,RGS11
PMS2,NSF,HRAS,PDE4D
PMS2,CTR9,FZR1,RGS11
PMS2,EXO1,H4C6,ARID5B,SNX33
PMS2,UBC,ABL1,WNK2
PMS2,PPP2CA,PIM1
PMS2,EXO1,ATM,TELO2,ANGPT1
PMS2,EXO1,YWHAG,RAC2,ATP11B
PMS2,CTR9,KRAS,STXBP3,MMP15
PMS2,PPP2CB,TGFBR2,MYADM
PMS2,PPP2CB,RALA,RALGPS1
PMS2,CTR9,KRAS,STXBP3
PMS2,CTR9,FZR1,RGS11
PMS2,NSF,TGOLN2,GOLPH3
PMS2,CTR9,H3C1,CDIN1,LAG3
PMS2,NSF,GRIA2,CACNG2
PMS2,EXO1,CDK2,KLF10,PDE6G
PMS2,CTR9,KRAS,STXBP3,PRLHR
PMS2,NSF,AKT1,CYTH1
PMS2,XRCC3,TMPO,NCK1
PMS2,CTR9,PLEKHA4,MTERF4,CCR5
PMS2,CTR9,PLEKHA4,MTERF4,HTR4
PMS2,NSF,PTPRG
PMS2,CTR9,KRAS,STXBP3,MIGA2
PMS2,CTR9,LARP7,EPB42
PMS2,NSF,MAPT,APOE
PMS2,CTR9,KRAS,STXBP3,CDHR2
PMS2,EXO1,KPNA4,NOLC1,IQCJ-SCHIP1
PMS2,CTR9,KRAS,STXBP3
PMS2,NSF,PTPRK,PTPRU
PMS2,CTR9,KRAS,STXBP3,DRD5
PMS2,NSF,CANX,CNR2,TP53I13
PMS2,CTR9,KRAS,STXBP3
PMS2,EXO1,YWHAQ,UACA,NRXN3
PMS2,NSF,MAPT,APOE
PMS2,EXO1,YWHAZ,HDAC9,TPSG1
PMS2,NSF,TGOLN2,GOLPH3
PMS2,CTR9,KRAS,STXBP3
PMS2,UBC,CALCOCO2,SPTBN2
PMS2,CTR9,KRAS,STXBP3
PMS2,CTR9,KRAS,STXBP3
PMS2,NSF,HRAS,PDE4D
PMS2,MSH6,TOPBP1
PMS2,UBC,AMFR,OR4N2,CCR8
PMS2,UBC,MAP1LC3B,CLEC7A
PMS2,CTR9,LARP7,EPB42
PMS2,CTR9,LARP7,EPB42
PMS2,CTR9,H3C14,JAK2,CCR2
PMS2,EXO1,UBE2I,PCGF2,ABCC4
PMS2,UBC,RABEP2,DIRAS1
PMS2,NSF,ROR2,GAA
PMS2,NSF,HRAS,PDE4D
PMS2,CTR9,KRAS,STXBP3,ADIPOR2
PMS2,CTR9,MYH14,SLITRK2
PMS2,CTR9,KRAS,STXBP3
PMS2,NSF,TGOLN2,GOLPH3
PMS2,NSF,VAMP2,PRKD3
PMS2,UBC,FLOT1,SVIL
PMS2,CTR9,KRAS,STXBP3
PMS2,CTR9,KRAS,STXBP3
PMS2,UBC,NUMA1
PMS2,EXO1,YWHAZ,HDAC9,TRPC5
PMS2,CTR9,KRAS,STXBP3
PMS2,EXO1,YWHAG,RAC2,LRRN4
PMS2,CTR9,PLEKHA4,MTERF4,GPBAR1
PMS2,PCNA,RPS27A,ABCG2
PMS2,NSF,PTPRB,CNTN1
PMS2,UBC,HMGCR,SLC24A3
PMS2,CTR9,KRAS,STXBP3
PMS2,CTR9,CHD1,PTK6
PMS2,CTR9,LARP7,EPB42
PMS2,XRCC3,FKBP5,PI4KA
PMS2,CTR9,KRAS,STXBP3
PMS2,UBC,USP19,ECEL1
PMS2,EXO1,DDB1,DET1,AVPR1A
PMS2,CTR9,CSNK1G2,ACVR1B
PMS2,CTR9,KRAS,STXBP3
PMS2,EXO1,H4C6,ARID5B,TSPAN15,ADGRE2
PMS2,EXO1,UBE2I,PCGF2,SLC34A1
PMS2,CTR9,KRAS,STXBP3
PMS2,NSF,RHOG,CCR1
PMS2,UBC,HIF1A,VHLL,PDCD1
PMS2,PPP2CB,EGFR,GABRA2
PMS2,CTR9,LARP7,EPB42
PMS2,EXO1,YWHAQ,UACA,PSKH1
PMS2,XRCC3,TMPO,NCK1
PMS2,NSF,NRAS,PCDH18
PMS2,CTR9,KRAS,STXBP3
PMS2,CTR9,KRAS,STXBP3
PMS2,XRCC3,FKBP5,PI4KA
PMS2,MSH6,ATR,FAAP24,RAET1E
PMS2,CTR9,LARP7,EPB42
PMS2,XRCC3,TMPO,NCK1,NFASC
PMS2,PPP2CB,EGFR,GABRA2
PMS2,CTR9,LARP7,EPB42
PMS2,MSH6,MRE11,CD6
PMS2,EXO1,YWHAQ,UACA,MYO1G
PMS2,NSF,CANX,CNR2
PMS2,XRCC3,HSPD1,PACSIN2
PMS2,CTR9,DNMT3B,PCDHGB4
PMS2,MSH6,PRKCZ,PTPRZ1
PMS2,UBC,PRAME
PMS2,NSF,NRAS,PCDH18
PMS2,CTR9,FZR1,RGS11
PMS2,CTR9,LARP7,EPB42
PMS2,CTR9,KRAS,STXBP3
PMS2,XRCC3,HSPD1,PACSIN2
PMS2,EXO1,UBE2I,PCGF2,PLA2G4E
PMS2,EXO1,YWHAG,RAC2,KCNJ10
PMS2,NSF,PTPRB,CNTN1
PMS2,NSF,VAMP8,SYPL1,ATP4B
PMS2,PPP2CB,VCP,LRRC15
PMS2,NSF,RHOG,CCR1
PMS2,UBC,RNF5,ERLIN2
PMS2,NSF,CANX,CNR2
PMS2,PCNA,RPS27A
PMS2,UBC,EEF1A2,SLC13A5
PMS2,NSF,CANX,CNR2
PMS2,NSF,CANX,CNR2
PMS2,EXO1,YWHAZ,HDAC9,MSRA
PMS2,XRCC3,TCP1,CAPN12,GP2
PMS2,EXO1,YWHAG,RAC2
PMS2,CTR9,MYH14,SLITRK2
PMS2,CTR9,FZR1,RGS11
PMS2,EXO1,YWHAZ,HDAC9,LILRB1
PMS2,PPP2CB,SRC,EFNA5
PMS2,UBC,ATP5F1A,ABCA2
PMS2,CTR9,KRAS,STXBP3
PMS2,CTR9,KRAS,STXBP3
PMS2,UBC,UBASH3B,MYO1D
PMS2,NSF,HRAS,PDE4D
PMS2,UBC,FASN,SLC34A3
PMS2,PPP2CA,APP,APBA1
PMS2,CTR9,H2AC15,NOTCH2NLA,SLC23A1
PMS2,CTR9,ACTBL2,GSN
PMS2,CTR9,PLEKHA4,MTERF4,REEP2
PMS2,EXO1,H4C6,ARID5B,GAS7
PMS2,UBC,PSEN1,TMBIM6
PMS2,UBC,PSEN1,TMBIM6
PMS2,EXO1,CCNF,TRAFD1,SLC16A9
PMS2,XRCC3,SPATA5L1,SPHK1
PMS2,UBC,MACF1
PMS2,UBC,UBR4
PMS2,UBC,TOM1
PMS2,CTR9,TACC2
PMS2,NSF,TGOLN2,GOLPH3
PMS2,UBC,BAP1
PMS2,CTR9,KRAS,STXBP3
PMS2,NSF,TGOLN2,GOLPH3,MCOLN3
PMS2,EXO1,YWHAQ,UACA,GABRG2
PMS2,CTR9,KRAS,STXBP3
PMS2,MSH6,PRKCZ
PMS2,CTR9,LARP7,EPB42
PMS2,PPP2CB,EGFR,GABRA2
PMS2,CTR9,KRAS,STXBP3
PMS2,NSF,VAMP4,SYT2
PMS2,UBC,GNB2,RGS6
PMS2,PPP2CB,PPP2R5A
PMS2,EXO1,YWHAG,RAC2
PMS2,RFC2,DAXX,CHMP3
PMS2,CTR9,ZFP91,APC
PMS2,CTR9,MYLIP,DAPP1
PMS2,PCNA,ZBTB1,MUCL1
PMS2,CTR9,LARP7,EPB42
PMS2,NSF,HRAS,PDE4D
PMS2,EXO1,YWHAZ,HDAC9,KCND3
PMS2,CTR9,KRAS,STXBP3
PMS2,PPP2CB,VCP,LRRC15
PMS2,MSH2,EPHA2
PMS2,NSF,VAMP3,SYT6
PMS2,CTR9,ACTBL2,GSN
PMS2,PPP2CA,SYK,SIRPB1
PMS2,UBC,ATP5F1A,ABCA2
PMS2,PPP2CA,ERK1/2,ADAM17
PMS2,UBC,CHP1
PMS2,EXO1,H4C6,ARID5B,SPAM1
PMS2,EXO1,YWHAZ,HDAC9,DUOX1
PMS2,XRCC3,TMPO,NCK1
PMS2,UBC,SGTA,CDH15
PMS2,EXO1,YWHAH,MTM1
PMS2,NSF,SNAP25,SYT3
PMS2,EXO1,YWHAQ,UACA,CHRNA9
PMS2,NSF,NANOG,SOX21,TECTA
PMS2,PPP2CB,SRC,EFNA5
PMS2,NSF,PTPRB,CNTN1
PMS2,EXO1,UBE2I,PCGF2,TRPC3
PMS2,UBC,CUL1
PMS2,UBC,KDR,ANOS1
PMS2,PCNA,RNASEH2A,ICAM5
PMS2,UBC,GNB2,RGS6
PMS2,EXO1,H4C6,ARID5B,SLC16A7
PMS2,PPP2CB,SRC,EFNA5
PMS2,NSF,ROR2,GAA
PMS2,XRCC3,HSPD1,PACSIN2
PMS2,UBC,UBE2T,TGM1
PMS2,CTR9,FZR1,RGS11
PMS2,PPP2CB,VCP,LRRC15
PMS2,NSF,RHOB,ARFIP1,GABRA4
PMS2,UBC,GNB2
PMS2,UBC,GSK3B,ACSBG1
PMS2,CTR9,ACTBL2,GSN
PMS2,CTR9,KRAS,STXBP3
PMS2,CTR9,KRAS,STXBP3
PMS2,NSF,STX7
PMS2,PPP2CA,PER1,DRC3
PMS2,CTR9,KRAS,STXBP3
PMS2,UBC,NEDD4,LAPTM4B
PMS2,CTR9,ACTBL2,GSN
PMS2,NSF,NRAS,PCDH18
PMS2,CTR9,KRAS,STXBP3
PMS2,PCNA,RPS27A,ABCG2
PMS2,NSF,HRAS,PDE4D
PMS2,CTR9,KRAS,STXBP3
PMS2,EXO1,YWHAQ,UACA,SERPINC1
PMS2,PPP2CA,SYK,SIRPB1
PMS2,MSH2,HLA-DPB1,HLA-DPA1
PMS2,NSF,AKT1,CYTH1
PMS2,NSF,TGOLN2,GOLPH3
PMS2,UBC,EEF1A2,SLC13A5
PMS2,NSF,PTPRB
PMS2,XRCC3,HSPD1,PACSIN2
PMS2,CTR9,KRAS,STXBP3
PMS2,XRCC3,FKBP5,PI4KA
PMS2,NSF,FER,FYB1,TSPAN2
PMS2,CTR9,KRAS,STXBP3
PMS2,CTR9,PLEKHA4,MTERF4,JPT2
PMS2,PPP2CB,VCP,LRRC15
PMS2,UBC,NEDD4,LAPTM4B
PMS2,PPP2CA,SMAD3
PMS2,CTR9,KRAS,STXBP3
PMS2,EXO1,RPA2,DMRTB1,SERPINA12
PMS2,CTR9,ACTBL2,GSN
PMS2,CTR9,ACTBL2,GSN
PMS2,CTR9,KRAS,STXBP3
PMS2,CTR9,KRAS,STXBP3
PMS2,UBC,TAB3
PMS2,XRCC3,ATP2A2
PMS2,PPP2CB,TRAF2,LRRN2,TNFSF14
PMS2,PPP2CB,BUB1,TBC1D2
PMS2,CTR9,KRAS,STXBP3,GPR35
PMS2,CTR9,FZR1,RGS11
PMS2,EXO1,YWHAQ,UACA,RGS17
PMS2,NSF,CANX,CNR2,GPR18
PMS2,PPP2CB,EGFR,GABRA2
PMS2,UBC,NEDD4,LAPTM4B
PMS2,XRCC3,FKBP5,PI4KA
PMS2,MSH6,PRKCZ,PTPRZ1
PMS2,CTR9,ACTBL2,GSN
PMS2,EXO1,UBE2I,PCGF2,KCNJ11
PMS2,PPP2CB,EGFR,GABRA2
PMS2,EXO1,YWHAH,MTM1
PMS2,CTR9,FZR1,RGS11
PMS2,XRCC3,CCT3,WARS1,PLPPR4
PMS2,NSF,PTPRK,PTPRU
PMS2,CTR9,MYH14,SLITRK2
PMS2,NSF,RAB14
PMS2,PPP2CA,SYK,SIRPB1
PMS2,EXO1,YWHAZ,HDAC9,ABHD6
PMS2,PPP2CB,SRC,EFNA5
PMS2,EXO1,YWHAG,RAC2,TM9SF2
PMS2,XRCC3,FKBP5,PI4KA,ITPRIP
PMS2,CTR9,KRAS,STXBP3
PMS2,EXO1,YWHAQ,UACA,KCNMA1,KCNMB1
PMS2,PPP2CB,SRC,EFNA5
PMS2,PPP2CB,VCP,LRRC15
PMS2,CTR9,KRAS,STXBP3
PMS2,EXO1,H4C6,ARID5B,TRHDE
PMS2,PCNA,ZBTB1,MUCL1
PMS2,CTR9,RABL6,PDILT,SLC9A7
PMS2,CTR9,PXK,TMC6
PMS2,PPP2CA,PER1,DRC3
PMS2,CTR9,POLR1E,RRP12
PMS2,PPP2CA,GRB10
PMS2,UBC,FASN,SLC34A3
PMS2,CTR9,LARP7,EPB42
PMS2,UBC,GSK3B,ACSBG1
PMS2,PCNA,YBX1,PABPC4L,NPDC1
PMS2,PPP2CB,PPP2R2D,GPC5
PMS2,NSF,RHOH
PMS2,UBC,GSK3B,ACSBG1
PMS2,UBC,USP21
PMS2,UBC,ITCH,SNX18
PMS2,CTR9,PLEKHA4,MTERF4,TRPM3
PMS2,EXO1,ATM,TELO2,RASGRP1
PMS2,UBC,AMOT,LIN7A
PMS2,PPP2CB,DECR2,TMPRSS5
PMS2,CTR9,KRAS,STXBP3,PALM
PMS2,NSF,PRKAB1,SLC9A5
PMS2,PPP2CA,RACK1,KCNAB1
PMS2,RFC2,DAXX,CHMP3
PMS2,CTR9,LARP7,EPB42
PMS2,CTR9,PLEKHA4,MTERF4,MPP3
PMS2,CTR9,SUMO2,RNF213,CD320
PMS2,XRCC3,DNAJA1,AATK,GPR17
PMS2,PPP2CB,TGFBR2,MYADM
PMS2,CTR9,SREBF2,SCAP,ASIC4
PMS2,UBC,GLUL
PMS2,UBC,ZAP70,CD3G
PMS2,CTR9,MYC,CECR2,ABCA3
PMS2,CTR9,FZR1,RGS11
PMS2,CTR9,KRAS,STXBP3
PMS2,NSF,SNAP25,SYT3
PMS2,CTR9,H3C14,JAK2,CSF2RA
PMS2,NSF,ATP6V0D1,ATP6AP2
PMS2,NSF,SNAP29
PMS2,NSF,SNAP25,SYT3
PMS2,MSH6,CHD8,CASR
PMS2,CTR9,DNMT3A,PCDHA4
PMS2,CTR9,KRAS,STXBP3
PMS2,PPP2CA,SYK,SIRPB1
PMS2,NSF,RHOA
PMS2,PPP2CB,SRC,EFNA5
PMS2,XRCC3,FKBP5,PI4KA,EFR3A
PMS2,NSF,VAMP2
PMS2,PPP2CB,ELF1,IL2RA
PMS2,NSF,STX2,SYTL4
PMS2,CTR9,KRAS,STXBP3
PMS2,PPP2CA,AMOTL2,FCRL5
PMS2,NSF,PTPRK,PTPRU
PMS2,UBC,TRAF3IP2,IL17RC
PMS2,CTR9,KRAS,STXBP3
PMS2,CTR9,DNMT3B,PCDHGB4
PMS2,PPP2CA,NUBP2,GGT7
PMS2,CTR9,KRAS,STXBP3
PMS2,CTR9,KRAS,STXBP3
PMS2,EXO1,H4C6,ARID5B,GPRC5D
PMS2,EXO1,KPNA4,NOLC1,SNUPN
PMS2,PPP2CB,BUB1,TBC1D2
PMS2,PPP2CB,SNCA,DMTN
PMS2,NSF,RHOG,CCR1
PMS2,CTR9,ZFP91,APC,NLGN2
PMS2,CTR9,KRAS,STXBP3
PMS2,NSF,MAPT,APOE
PMS2,MSH2,HLA-DPB1,HLA-DPA1
PMS2,UBC,PKM,FAHD2A,JTB
PMS2,CTR9,KRAS,STXBP3
PMS2,UBC,BSG,SLC16A13
PMS2,CTR9,KRAS,STXBP3
PMS2,CTR9,KRAS,STXBP3
PMS2,XRCC3,HSPD1,PACSIN2
PMS2,EXO1,YWHAQ,UACA,RAB27B
PMS2,CTR9,KRAS,STXBP3
PMS2,NSF,AKT1,CYTH1
PMS2,XRCC3,RAD51C,IL12RB1,IL12RB2
PMS2,CTR9,LARP7,EPB42
PMS2,EXO1,YWHAZ,HDAC9,GLP1R
PMS2,UBC,RAC1,CDC42EP4
PMS2,EXO1,YWHAZ,HDAC9,MYO16
PMS2,XRCC3,FKBP5,PI4KA
PMS2,XRCC3,HSP90B1,KCNQ4,CKAP4
PMS2,PPP2CB,EGFR,GABRA2
PMS2,NSF,ROR2,GAA
PMS2,UBC,AMFR,OR4N2
PMS2,CTR9,KRAS,STXBP3
PMS2,CTR9,KRAS,STXBP3
PMS2,EXO1,YWHAH,MTM1
PMS2,RFC2,CHD1L,NT5E
PMS2,UBC,WWP2,ARRDC4
PMS2,PPP2CB,SRC,EFNA5
PMS2,NSF,RAB4B
PMS2,CTR9,LARP7,EPB42
PMS2,UBC,GRB2,TBC1D3G
PMS2,NSF,STMN1,ATP6V1H
PMS2,CTR9,KRAS,STXBP3
PMS2,CTR9,KRAS,STXBP3
PMS2,EXO1,YWHAQ,UACA,KCNMA1
PMS2,MSH3,MTPN,SCLY,OR2K2
PMS2,EXO1,YWHAZ,HDAC9,TRPV6
PMS2,EXO1,YWHAH,MTM1
PMS2,PPP2CA,COP1,PNPLA2
PMS2,PPP2CB,PRKCD,PDP2,CNTFR
PMS2,PPP2CA,TRPM8
PMS2,EXO1,KPNA4,NOLC1,RANGRF
PMS2,PPP2CA,APP
PMS2,EXO1,H4C6,ARID5B,COPRS
PMS2,XRCC3,HSPD1,PACSIN2
PMS2,CTR9,KRAS,STXBP3
PMS2,PPP2CB,IKBKB,NLRX1
PMS2,EXO1,YWHAQ,UACA,SH3BGRL
PMS2,UBC,SGTA,CDH15
PMS2,UBC,ITCH,SNX18
PMS2,CTR9,KRAS,STXBP3
PMS2,XRCC3,HSP90B1,KCNQ4,AQP10,LYVE1
PMS2,EXO1,DDB1,DET1,ELAPOR1
PMS2,NSF,NRAS,PCDH18
PMS2,NSF,TGOLN2,GOLPH3
PMS2,MLH1,HSPA8,TSPYL6,PCDHA5
PMS2,NSF,RHOA,LUM,MPP4
PMS2,CTR9,KRAS,STXBP3
PMS2,UBC,GSK3B,ACSBG1
PMS2,CTR9,KRAS,STXBP3
PMS2,UBC,ATXN3
PMS2,CTR9,KRAS,STXBP3
PMS2,CTR9,KRAS,STXBP3
PMS2,CTR9,FZR1,RGS11
PMS2,EXO1,YWHAQ,UACA,KATNB1
PMS2,CTR9,KRAS,STXBP3
PMS2,PPP2CB,AURKA,IFNLR1
PMS2,UBC,KDR,ANOS1
PMS2,NSF,SNAP25,SYT3
PMS2,NSF,RHOG,CCR1
PMS2,UBC,HACD2,SLC2A12
PMS2,MSH6,POLE,NUBP1
PMS2,CTR9,KRAS,STXBP3
PMS2,CTR9,KRAS,STXBP3
PMS2,NSF,TGOLN2,GOLPH3
PMS2,EXO1,H2AX,ZNF574,SLAMF7
PMS2,CTR9,INF2,PFN2,CXCR1
PMS2,XRCC3,SPATA5L1,SPHK1
PMS2,EXO1,CDK1,TSPYL2,CD300A
PMS2,UBC,FGFR1,FLRT1
PMS2,NSF,PTPRK,PTPRU,GRIN3A
PMS2,CTR9,CSNK2A1
PMS2,CTR9,KRAS,STXBP3,ADGRL3,TENM2
PMS2,XRCC3,TMPO,NCK1
PMS2,PPP2CA,PXN,PARVB
PMS2,EXO1,YWHAE,PFDN4,CSF2RB
PMS2,RFC2,DAXX,CHMP3
PMS2,PPP2CB,FHL1
PMS2,UBC,UCHL1,ADRA2B
PMS2,EXO1,CDK2,KLF10,ZDHHC24,STOML3
PMS2,CTR9,KRAS,STXBP3
PMS2,PPP2CB,CDK16
PMS2,XRCC3,HSPD1,PACSIN2
PMS2,PPP2CA,APP,APBA1
PMS2,MSH6,PRKCZ,PTPRZ1
PMS2,MSH6,PRKCZ,PTPRZ1
PMS2,CTR9,PLEKHA4,MTERF4,HTR1D
PMS2,CTR9,MYC,CECR2,SLC12A9
PMS2,EXO1,UBE2I,PCGF2,ATP10B
PMS2,PPP2CB,EGFR,GABRA2
PMS2,UBC,AGO2,SLC7A9
PMS2,EXO1,CDK1,TSPYL2,AKAP5
PMS2,EXO1,CDK1,TSPYL2,LAIR1
PMS2,EXO1,YWHAG,RAC2,RAB3C
PMS2,CTR9,KRAS
PMS2,UBC,PODXL,SELL
PMS2,NSF,HRAS,PDE4D
PMS2,XRCC3,HSPD1,PACSIN2
PMS2,NSF,SNAP25,SYT3,SYT10
PMS2,PPP2CB,SRC,EFNA5
PMS2,MSH6,MATR3,MYOF
PMS2,PPP2CB,EGFR,GABRA2
PMS2,PPP2CB,VCP,LRRC15
PMS2,MSH6,MATR3,MYOF
PMS2,CTR9,PLEKHA4,MTERF4,ACKR2
PMS2,CTR9,KRAS,STXBP3
PMS2,PCNA,RPS27A,ABCG2
PMS2,EXO1,CDK1,TSPYL2,DCST1
PMS2,NSF,ADRB2
PMS2,CTR9,PLEKHA4,MTERF4,GALR1
PMS2,NSF,CANX,CNR2
PMS2,NSF,VAMP2,PRKD3
PMS2,EXO1,H4C6,ARID5B,SLC10A7
PMS2,CTR9,KRAS,STXBP3
PMS2,UBC,TNK2
PMS2,UBC,PHPT1
PMS2,EXO1,DDB1,DET1,GPR22
PMS2,CTR9,KRAS,STXBP3
PMS2,UBC,PJA1,DGKD
PMS2,CTR9,LARP7,EPB42
PMS2,PPP2CB,AURKA,IFNLR1
PMS2,XRCC3,HSPD1,PACSIN2
PMS2,NSF,MAPT,APOE
PMS2,EXO1,YWHAZ,HDAC9,SDC1
PMS2,CTR9,KRAS,STXBP3
PMS2,XRCC3,HSPD1,PACSIN2
PMS2,NSF,PTPRC,CD44
PMS2,NSF,STX12,ATP6V0A2
PMS2,EXO1,YWHAB,VPS33B,P2RX1
PMS2,EXO1,YWHAG,RAC2
PMS2,CTR9,KRAS,STXBP3,SPPL3
PMS2,UBC,ARRB2,APLNR
PMS2,EXO1,YWHAG,RAC2
PMS2,CTR9,KRAS,STXBP3
PMS2,CTR9,KRAS,STXBP3
PMS2,CTR9,ACTBL2,GSN
PMS2,NSF,LRRK2,TGM3,CNNM4
PMS2,MSH2,EPHA2,ARHGEF5
PMS2,CTR9,KRAS,STXBP3,OR1D2
PMS2,CTR9,RBX1,FBXO9,TNFRSF1B
PMS2,CTR9,KRAS,STXBP3
PMS2,CTR9,KRAS,STXBP3
PMS2,XRCC3,HSP90B1,KCNQ4
PMS2,EXO1,YWHAQ,UACA,CP
PMS2,XRCC3,FKBP5,PI4KA
PMS2,EXO1,YWHAG,RAC2
PMS2,CTR9,FZR1,RGS11
PMS2,NSF,ROR2,GAA
PMS2,EXO1,YWHAZ,HDAC9,GLP2R
PMS2,CTR9,PLEKHA4,MTERF4,CLDN8
PMS2,UBC,KDR,ANOS1
PMS2,XRCC3,TMPO,NCK1
PMS2,XRCC3,HSPD1,PACSIN2
PMS2,EXO1,YWHAQ,UACA,SIDT2
PMS2,PPP2CA,SGK1
PMS2,PPP2CB,AURKA,IFNLR1
PMS2,CTR9,KRAS,STXBP3
PMS2,NSF,HRAS,PDE4D
PMS2,CTR9,ZFP91,APC
PMS2,PPP2CB,VCP,LRRC15
PMS2,EXO1,ATM,TELO2,GDPD5
PMS2,CTR9,KRAS,STXBP3
PMS2,UBC,PSMB5,CLP1,GLDC
PMS2,NSF,PRKAB1,SLC9A5
PMS2,PPP2CB,VCP,LRRC15
PMS2,EXO1,SFN,CYP26C1,SLC30A2,SLC30A10
PMS2,NSF,TGOLN2,GOLPH3
PMS2,CTR9,ACTBL2,GSN
PMS2,CTR9,KRAS,STXBP3
PMS2,EXO1,YWHAQ,UACA,PSG3
PMS2,CTR9,KRAS,STXBP3,HJV
PMS2,EXO1,H4C6,ARID5B,BCAM
PMS2,MSH2,EPHA2,ARHGEF5
PMS2,UBC,SGTA,CDH15
PMS2,PPP2CB,PKN3,PTGER3
PMS2,EXO1,YWHAZ,HDAC9,CRHR1
PMS2,XRCC3,HSP90B1,KCNQ4
PMS2,CTR9,SUMO2,RNF213,CATIP
PMS2,CTR9,KRAS,STXBP3
PMS2,NSF,HRAS,PDE4D
PMS2,UBC,MAP1LC3B,CLEC7A
PMS2,UBC,FGFR1,FLRT1
PMS2,UBC,AMOT,LIN7A
PMS2,UBC,MAVS,TLR1
PMS2,EXO1,UBE2I,PCGF2,PLA2G6
PMS2,PPP2CB,NOTCH1
PMS2,UBC,UBE2C
PMS2,NSF,PTPRK,PTPRU,PROM2
PMS2,EXO1,YWHAZ,HDAC9,SPTBN5
PMS2,EXO1,H4C6,ARID5B,CEACAM7
PMS2,NSF,MAPT,APOE
PMS2,UBC,FGFR1
PMS2,UBC,AREL1,PCDHGC4
PMS2,CTR9,PLEKHA4,MTERF4,ADGRG3
PMS2,CTR9,KRAS,STXBP3
PMS2,CTR9,LARP7,EPB42
PMS2,EXO1,YWHAG,RAC2
PMS2,CTR9,FZR1,RGS11
PMS2,UBC,COX5B,NDUFC1,GPR42
PMS2,CTR9,PLEKHA4,MTERF4,SLC20A2
PMS2,NSF,ROR2,GAA
PMS2,NSF,ROR2,GAA
PMS2,CTR9,KRAS,STXBP3
PMS2,CTR9,FZR1,RGS11
PMS2,UBC,SMC1A,GRM3
PMS2,EXO1,H2AX,ZNF574,KLRC2
PMS2,CTR9,FZR1,RGS11
PMS2,MSH6,ZBTB38,ALX1,OR52L1
PMS2,CTR9,KRAS,STXBP3
PMS2,EXO1,YWHAZ,HDAC9,SLC9A6
PMS2,UBC,CDKN1B,LRCH4
PMS2,CTR9,KRAS,STXBP3
PMS2,CTR9,KRAS,STXBP3
PMS2,CTR9,MYH14,SLITRK2
PMS2,NSF,PTPRK,PTPRU
PMS2,CTR9,KRAS,STXBP3
PMS2,CTR9,KRAS,STXBP3
PMS2,EXO1,YWHAQ,UACA,FGA
PMS2,PPP2CB,AURKA,IFNLR1
PMS2,PPP2CB,SRC,EFNA5
PMS2,EXO1,YWHAZ,HDAC9,CLEC2B
PMS2,MSH2,HLA-DPB1,HLA-DPA1
PMS2,UBC,AGO2,SLC7A9
PMS2,CTR9,KRAS,STXBP3
PMS2,CTR9,FZR1,RGS11
PMS2,EXO1,UBE2I,PCGF2,DSG3
PMS2,CTR9,LARP7,EPB42
PMS2,CTR9,KRAS,STXBP3
PMS2,CTR9,KRAS,STXBP3
PMS2,NSF,ROR2,GAA
PMS2,XRCC3,HSP90B1,KCNQ4
PMS2,EXO1,YWHAQ,UACA,TLR5
PMS2,NSF,TGOLN2,GOLPH3
PMS2,CTR9,CSNK2B,AMPD2,SYT5
PMS2,CTR9,CSNK2A1,MFAP1,FGFBP1
PMS2,PPP2CB,AKT2,FAT3
PMS2,XRCC3,TMPO,NCK1
PMS2,PPP2CA,SYK,SIRPB1
PMS2,CTR9,KRAS,STXBP3,ABCC8
PMS2,UBC,MAP1LC3B,CLEC7A
PMS2,CTR9,FZR1,RGS11
PMS2,CTR9,KRAS,STXBP3
PMS2,UBC,ABL1,WNK2
PMS2,CTR9,PLEKHA4,MTERF4,GRPR
PMS2,NSF,HRAS,PDE4D
PMS2,PPP2CA,IRAK1
PMS2,XRCC3,HSPD1
PMS2,NSF,AKT1,CYTH1,PSG4
PMS2,PCNA,RPS27A,ABCG2
PMS2,NSF,PTPRC,CD44
PMS2,CTR9,KRAS,STXBP3,CPNE5
PMS2,EXO1,UBE2I,PCGF2,SLC17A1
PMS2,XRCC3,HOOK2,ZNF107,WDPCP
PMS2,CTR9,KRAS,STXBP3
PMS2,CTR9,CSNK2A1,MFAP1,PDE2A
PMS2,PCNA,PPP1CB,RYR2
PMS2,CTR9,KRAS,STXBP3
PMS2,CTR9,KRAS,STXBP3
PMS2,NSF,GOLT1B,TCIRG1
PMS2,XRCC3,HSPD1,PACSIN2
PMS2,MSH6,KANK2,EFHC2,OR52W1
PMS2,CTR9,KRAS,STXBP3
PMS2,NSF,MAPT,APOE
PMS2,EXO1,CCNF,TRAFD1,ALG10B
PMS2,NSF,GRIA2,CACNG2
PMS2,CTR9,KRAS,STXBP3
PMS2,PPP2CB,CDK16,CCNYL1
PMS2,NSF,RHOB,ARFIP1,GPC2
PMS2,UBC,USP14
PMS2,CTR9,KRAS,STXBP3
PMS2,CTR9,KRAS,STXBP3
PMS2,NSF,ROR2,GAA,LARGE1
PMS2,UBC,ARRB2,APLNR,LRP12
PMS2,PPP2CB,SRC,EFNA5
PMS2,NSF,CANX,CNR2
PMS2,EXO1,UBE2I,PCGF2,ABCA4,CNGB1,CNGA1
PMS2,XRCC3,HSPD1,PACSIN2
PMS2,EXO1,YWHAH,MTM1
PMS2,NSF,TGOLN2,GOLPH3
PMS2,CTR9,KRAS,STXBP3
PMS2,NSF,TGOLN2,GOLPH3
PMS2,MSH2,DVL1,FZD7
PMS2,EXO1,YWHAZ,HDAC9,CACNA1D
PMS2,UBC,ATP5F1A,ABCA2
PMS2,NSF,STX6,ABCA6,ADAM30
PMS2,MSH6,HDAC11
PMS2,CTR9,KRAS,STXBP3
PMS2,XRCC3,HSPD1,PACSIN2
PMS2,CTR9,KRAS,STXBP3
PMS2,PPP2CA,ERK1/2,ADAM17
PMS2,EXO1,UBE2I,PCGF2,MYOT
PMS2,NSF,VAMP8,SYPL1,SLC26A9
PMS2,PPP2CB,PRKCD,PDP2,EBI3
PMS2,PPP2CB,SRC,EFNA5
PMS2,EXO1,YWHAZ,HDAC9,ADAM11
PMS2,CTR9,PLEKHA4,MTERF4,ARF1
PMS2,CTR9,SUMO2,RNF213,ICAM2
PMS2,PCNA,RPS27A,ABCG2
PMS2,NSF,AKT1,CYTH1
PMS2,NSF,HRAS,PDE4D
PMS2,UBC,GSK3B,ACSBG1
PMS2,CTR9,KRAS,STXBP3
PMS2,MSH6,MRE11,CD6
PMS2,PPP2CB,TGFBR2,MYADM
PMS2,CTR9,LARP7,EPB42
PMS2,MSH6,CHD8,CASR
PMS2,UBC,GRB2,TBC1D3G
PMS2,EXO1,H2AX,ZNF574,MR1
PMS2,UBC,PIP5K1C
PMS2,UBC,TRIM21,TRPM2
PMS2,UBC,COPE,SLC35A1
PMS2,XRCC3,TMPO,NCK1
PMS2,XRCC3,TMPO,NCK1
PMS2,UBC,AREL1,PCDHGC4
PMS2,NSF,SNAP23,DIRAS3
PMS2,CTR9,FZR1,RGS11
PMS2,PPP2CB,VCP,LRRC15
PMS2,EXO1,ATM,TELO2,CD226
PMS2,UBC,VDAC1
PMS2,CTR9,KRAS,STXBP3
PMS2,EXO1,YWHAQ,UACA,FPR1
PMS2,NSF,AKT1
PMS2,PPP2CA,APP,APBA1
PMS2,MSH6,POLE,NUBP1
PMS2,EXO1,H2AX,ZNF574,KIR2DL1
PMS2,UBC,HDAC4,WASHC2C
PMS2,EXO1,YWHAQ,UACA,TRPV1
PMS2,EXO1,CDK1,TSPYL2,AKAP10
PMS2,CTR9,CCNK,STX11,SCNN1D
PMS2,PPP2CB,AKT2,FAT3
PMS2,CTR9,KRAS,STXBP3
PMS2,CTR9,KRAS,STXBP3
PMS2,RFC2,DAXX,CHMP3
PMS2,CTR9,PLEKHA4,MTERF4,ADAP2
PMS2,CTR9,KRAS,STXBP3
PMS2,PPP2CB,SRC,EFNA5
PMS2,CTR9,KRAS,STXBP3
PMS2,CTR9,KRAS,STXBP3
PMS2,NSF,CANX,CNR2
PMS2,NSF,HRAS,PDE4D
PMS2,CTR9,MYH14,SLITRK2
PMS2,XRCC3,TMPO,NCK1
PMS2,NSF,MAPT,APOE
PMS2,EXO1,YWHAQ,UACA,KLRK1
PMS2,CTR9,KRAS,STXBP3
PMS2,UBC,ARRB2,APLNR
PMS2,CTR9,LARP7,EPB42
PMS2,PPP2CB,EGFR,GABRA2
PMS2,NSF,LRRK2,TGM3,SGCD
PMS2,CTR9,NR2C2,PYCR3,KCTD3
PMS2,PPP2CB,SRC,EFNA5
PMS2,PPP2CA,APP,APBA1
PMS2,NSF,SNAP25,SYT3
PMS2,PPP2CB,SNCA,DMTN
PMS2,UBC,ITSN2
PMS2,PPP2CB,MYH10,EPB41
PMS2,XRCC3,TMPO,NCK1
PMS2,CTR9,LARP7,EPB42
PMS2,CTR9,KRAS,STXBP3
PMS2,PPP2CA
PMS2,NSF,CANX,CNR2
PMS2,UBC,TRIM21,TRPM2
PMS2,MSH6,PRKCZ,PTPRZ1
PMS2,NSF,TGOLN2,GOLPH3
PMS2,PPP2CB,RAF1
PMS2,CTR9,DNMT3A,PCDHA4
PMS2,PCNA,PPP1CB,RYR2
PMS2,CTR9,DISC1,CRYAB,TFPI
PMS2,NSF,ATP6V0D1,ATP6AP2
PMS2,MSH6,MATR3,MYOF
PMS2,EXO1,YWHAQ,UACA,GABBR1
PMS2,PPP2CB,SRC,EFNA5
PMS2,CTR9,KRAS,STXBP3
PMS2,EXO1,UBE2I,PCGF2,SYTL5
PMS2,CTR9,FZR1,RGS11
PMS2,PPP2CA,PER1,DRC3
PMS2,NSF,HRAS,PDE4D
PMS2,UBC,FASN,SLC34A3
PMS2,UBC,CALCOCO2,SPTBN2,SLC22A13
PMS2,UBC,AP2M1,CTLA4
PMS2,EXO1,CCNB1,TUT7,HTR7
PMS2,CTR9,KRAS,STXBP3
PMS2,PPP2CA,KNG1,F11
PMS2,UBC,SMC1A,GRM3
PMS2,EXO1,CDK1,TSPYL2,SIGLEC11
PMS2,UBC,PODXL
PMS2,UBC,GSK3B,ACSBG1
PMS2,PPP2CB,SRC,EFNA5
PMS2,NSF,AKT1,CYTH1
PMS2,EXO1,H4C6,ARID5B,CSF1
PMS2,EXO1,SFN,CYP26C1,OR1C1
PMS2,CTR9,KRAS,STXBP3
PMS2,CTR9,KRAS,STXBP3,CACNG8
PMS2,CTR9,FZR1,RGS11
PMS2,NSF,CANX,CNR2
PMS2,NSF,RHOB,ARFIP1,GABRA6
PMS2,NSF,VAMP2,PRKD3
PMS2,CTR9,UBE2B
PMS2,UBC,NEDD4,LAPTM4B
PMS2,NSF,MAPT,APOE
PMS2,CTR9,KRAS,STXBP3,RGS4
PMS2,UBC,ITCH
PMS2,CTR9,LARP7,EPB42
PMS2,CTR9,KRAS,STXBP3
PMS2,NSF,LRRK2,TGM3,HTR3B
PMS2,CTR9,KRAS,STXBP3
PMS2,CTR9,FZR1,RGS11
PMS2,UBC,PSMD14,MICALL2
PMS2,CTR9,FZR1,RGS11
PMS2,CTR9,KRAS,STXBP3
PMS2,EXO1,KPNA4,NOLC1,ACSL6
PMS2,CTR9,POLR1E,RRP12
PMS2,UBC,TRIM23
PMS2,CTR9,ACTBL2,GSN
PMS2,EXO1,YWHAG,RAC2
PMS2,XRCC3,HSPD1,PACSIN2
PMS2,EXO1,CDK1,TSPYL2,CYTH3
PMS2,UBC,UBE2D1,UPP1,ABCA7
PMS2,UBC,PTEN
PMS2,CTR9,MYLIP,DAPP1
PMS2,CTR9,MYC,CECR2,KREMEN1
PMS2,CTR9,PXK,TMC6,OR1D5
PMS2,UBC,WWP1,LDLRAD3
PMS2,NSF,HRAS,PDE4D
PMS2,NSF,TGOLN2,GOLPH3
PMS2,CTR9,PLEKHA4,MTERF4,CALCRL,RAMP1
PMS2,NSF,COPB2,ZDHHC3,OR10H2
PMS2,EXO1,YWHAZ,HDAC9,UNC13A
PMS2,EXO1,CDK2,KLF10,TGFBI
PMS2,CTR9,DNMT3B,PCDHGB4
PMS2,UBC,GNB2,RGS6
PMS2,EXO1,H4C6,ARID5B,SULF2
PMS2,XRCC3,TMPO,NCK1
PMS2,PPP2CB,SLMAP
PMS2,UBC,STUB1,JOSD2,DGKH
PMS2,UBC,ZAP70,CD3G
PMS2,XRCC3,HSPD1,PACSIN2
PMS2,CTR9,KRAS,STXBP3
PMS2,NSF,AKT1,CYTH1
PMS2,CTR9,KRAS,STXBP3
PMS2,EXO1,H2BC21,ZNF280C,CTSZ
PMS2,CTR9,KRAS,STXBP3
PMS2,EXO1,YWHAG,RAC2
PMS2,MSH6,UNK,PLK2,TMEM50B
PMS2,CTR9,ZFP91,APC
PMS2,CTR9,KRAS,STXBP3
PMS2,EXO1,H4C6,ARID5B,SLC44A2
PMS2,NSF,RAB14,SCAMP4,MS4A10
PMS2,NSF,AKT1,CYTH1
PMS2,PCNA,PPP1CB,RYR2
PMS2,CTR9,KRAS,STXBP3
PMS2,EXO1,H4C6,ARID5B,TSPAN15
PMS2,CTR9,KRAS,STXBP3
PMS2,NSF,LRRK2
PMS2,NSF,STX12,ATP6V0A2
PMS2,CTR9,KRAS,STXBP3
PMS2,EXO1,KPNA4,NOLC1,PIGN
PMS2,PPP2CB,ANKLE2,IL17RB
PMS2,EXO1,YWHAQ,UACA,NECTIN4
PMS2,CTR9,KRAS,STXBP3
PMS2,CTR9,PLEKHA4,MTERF4,KCNE3
PMS2,NSF,PTPRK,PTPRU
PMS2,MSH6,ATR,FAAP24,MICA
PMS2,CTR9,FZR1,RGS11
PMS2,MSH6,CHD8,CASR
PMS2,UBC,FASN,SLC34A3
PMS2,PCNA,PPP1CB,RYR2
PMS2,UBC,MACF1,TESC
PMS2,UBC,FGFR1,FLRT1
PMS2,PPP2CA,APP,APBA1
PMS2,UBC,MAP1LC3B,CLEC7A
PMS2,UBC,ARRB2,APLNR
PMS2,CTR9,SUMO2,RNF213,LAMP3
PMS2,CTR9,KRAS,STXBP3,ADGRL3
PMS2,UBC,GNB2,RGS6
PMS2,UBC,RAC1,CDC42EP4
PMS2,CTR9,EMC2,EMC3,MMD
PMS2,PCNA,RPS27A,ABCG2
PMS2,NSF,STMN1,ATP6V1H
PMS2,PPP2CB,TGFBR2,MYADM
PMS2,NSF,AKT1,CYTH1
PMS2,CTR9,LARP7,EPB42
PMS2,EXO1,YWHAZ,HDAC9,AQP5
PMS2,XRCC3,HSP90B1,KCNQ4
PMS2,CTR9,KRAS,STXBP3
PMS2,EXO1,YWHAZ,HDAC9,NALCN
PMS2,NSF,CUL3,KBTBD7,KIRREL2
PMS2,PPP2CB,TGFBR2,MYADM
PMS2,NSF,CANX,CNR2
PMS2,EXO1,YWHAQ,UACA,HPN
PMS2,CTR9,LARP7,EPB42
PMS2,PPP2CB,IKBKB,NLRX1
PMS2,UBC,MAP1LC3B,CLEC7A
PMS2,CTR9,KRAS,STXBP3
PMS2,CTR9,LARP7,EPB42
PMS2,XRCC3,FKBP5,PI4KA
PMS2,NSF,HRAS,PDE4D
PMS2,UBC,NEDD4,LAPTM4B
PMS2,PCNA,RPS27A,ABCG2
PMS2,CTR9,KRAS,STXBP3
PMS2,RFC2,DAXX,CHMP3
PMS2,PPP2CB,SRC,EFNA5,SGCE
PMS2,EXO1,H4C6,ARID5B,C8A,C8B
PMS2,CTR9,KRAS,STXBP3
PMS2,MSH2,EPHA2,ARHGEF5,TSPAN4
PMS2,MSH2,DVL1,FZD7
PMS2,PCNA,RPS27A,ABCG2
PMS2,NSF,TGOLN2,GOLPH3
PMS2,NSF,CANX,CNR2
PMS2,CTR9,FZR1,RGS11
PMS2,UBC,RAC1,CDC42EP4
PMS2,EXO1,SFN,CYP26C1,SLC16A3
PMS2,NSF,STMN1,ATP6V1H
PMS2,UBC,ANTXR1
PMS2,EXO1,H4C6,ARID5B,PLCD4
PMS2,EXO1,DDB1,DET1,NAA38,NAA35
PMS2,PPP2CB,ANKLE2,IL17RB
PMS2,XRCC3,FKBP5,PI4KA
PMS2,CTR9,KRAS,STXBP3
PMS2,XRCC3,TMPO,NCK1,OR2M7
PMS2,EXO1,YWHAZ,HDAC9,OR4E2
PMS2,CTR9,DHX8,RBMX2,CRLF3
PMS2,XRCC3,HSPD1,PACSIN2
PMS2,PPP2CB,SRC,EFNA5
PMS2,UBC,MIB1
PMS2,EXO1,YWHAG,RAC2
PMS2,UBC,CBL
PMS2,NSF,RHOG,CCR1
PMS2,NSF,CANX,CNR2
PMS2,EXO1,YWHAG,RAC2
PMS2,UBC,FASN,SLC34A3
PMS2,XRCC3,HSPD1,PACSIN2
PMS2,CTR9,KRAS,STXBP3
PMS2,XRCC3,HSP90B1,KCNQ4
PMS2,MSH2,TRIP13,CFP,PLEKHM3
PMS2,EXO1,CCNF,TRAFD1,SERPINB2
PMS2,CTR9,KRAS,STXBP3
PMS2,CTR9,KRAS,STXBP3
PMS2,EXO1,YWHAZ,HDAC9,KCNQ3
PMS2,CTR9,KRAS,STXBP3
PMS2,CTR9,LARP7,EPB42
PMS2,CTR9,KRAS,STXBP3
PMS2,PPP2CB,IGBP1,MUC16
PMS2,CTR9,KRAS,STXBP3
PMS2,EXO1,YWHAZ,HDAC9,ALPG
PMS2,UBC,CHP1,SLC9A3
PMS2,XRCC3,TMPO,NCK1
PMS2,UBC,ADRM1
PMS2,EXO1,H4C6,ARID5B,COL26A1
PMS2,NSF,VAMP4,SYT2
PMS2,EXO1,CDK2,KLF10,MEP1A
PMS2,NSF,NRAS,PCDH18
PMS2,UBC,FGFR1,FLRT1
PMS2,EXO1,CDK1,TSPYL2,EFNB3
PMS2,NSF,MAPT,APOE
PMS2,EXO1,YWHAE,PFDN4,RAB15
PMS2,UBC,UBASH3B,MYO1D
PMS2,XRCC3,TMPO,NCK1
PMS2,CTR9,ACTBL2,GSN
PMS2,PPP2CB,VCP,LRRC15
PMS2,CTR9,KRAS,STXBP3
PMS2,UBC,DRG1
PMS2,CTR9,ACTBL2,GSN
PMS2,PPP2CB,SRC,EFNA5
PMS2,XRCC3,TMPO,NCK1
PMS2,EXO1,CDK1,TSPYL2,SLC4A8
PMS2,CTR9,DNMT3B,PCDHGB4
PMS2,CTR9,KRAS,STXBP3
PMS2,CTR9,CIAO1,CTU2,LRRC52
PMS2,UBC,FLT3
PMS2,XRCC3,CPS1
PMS2,MSH6,PRKCZ,PTPRZ1
PMS2,EXO1,CDK1,TSPYL2,SIGLEC9
PMS2,EXO1,YWHAQ,UACA,FPR2
PMS2,NSF,PTPRJ
PMS2,CTR9,LARP7,EPB42
PMS2,NSF,SNAP25,SYT3
PMS2,NSF,PRKAB1,SLC9A5
PMS2,NSF,BTN3A2
PMS2,UBC,H2BC8,CCDC25
PMS2,UBC,ANKRD13D
PMS2,CTR9,KRAS,STXBP3
PMS2,XRCC3,TMPO,NCK1
PMS2,CTR9,SUMO2,RNF213,CDV3
PMS2,CTR9,KRAS,STXBP3
PMS2,EXO1,CDK1,TSPYL2,KCNC1
PMS2,EXO1,YWHAQ,UACA,RIC8A
PMS2,XRCC3,TMPO,NCK1
PMS2,MSH6,PRKCZ,PTPRZ1
PMS2,CTR9,INF2,PFN2,KLRF1
PMS2,PPP2CB,AURKA,IFNLR1
PMS2,CTR9,LARP7,EPB42
PMS2,CTR9,KRAS,STXBP3
PMS2,PCNA,DHX15,AGGF1,PCDHGB3
PMS2,XRCC3,HSP90B1,KCNQ4
PMS2,NSF,RHOG,CCR1
PMS2,UBC,ZAP70,CD3G
PMS2,UBC,BCR
PMS2,PPP2CB,SRC,EFNA5
PMS2,CTR9,KRAS,STXBP3
PMS2,UBC,NEDD4L,PRRG2
PMS2,EXO1,CDK1,TSPYL2,SLC24A1
PMS2,EXO1,YWHAH,MTM1
PMS2,EXO1,YWHAZ,HDAC9,NALCN,NALF1
PMS2,PPP2CB,RALA,RALGPS1
PMS2,EXO1,SFN,CYP26C1,DCXR
PMS2,UBC,FGFR1,FLRT1
PMS2,CTR9,KRAS,STXBP3
PMS2,NSF,STX5,TMED9,TMED1
PMS2,CTR9,KRAS,STXBP3
PMS2,PPP2CA,SYK,SIRPB1,CD300C
PMS2,UBC,GRB2,TBC1D3G
PMS2,CTR9,CSNK2A1,MFAP1,FCER2
PMS2,CTR9,KRAS,STXBP3
PMS2,EXO1,YWHAZ,HDAC9,ITGA1
PMS2,NSF,ROR2,GAA
PMS2,CTR9,KRAS,STXBP3
PMS2,EXO1,YWHAQ,UACA,STK16
PMS2,NSF,TGOLN2,GOLPH3
PMS2,NSF,STX6
PMS2,CTR9,KRAS,STXBP3
PMS2,CTR9,KRAS,STXBP3
PMS2,EXO1,CDK1,TSPYL2,PALM2AKAP2
PMS2,UBC,ZAP70,CD3G
PMS2,MSH6,MATR3,MYOF
PMS2,PPP2CB,EGFR,GABRA2
PMS2,EXO1,YWHAZ,HDAC9,TESMIN,OR4X2
PMS2,NSF,LRRK2,TGM3,CNNM2
PMS2,CTR9,FZR1,RGS11
PMS2,XRCC3,HSPD1,PACSIN2
PMS2,CTR9,PLEKHA4,MTERF4,CNNM3
PMS2,NSF,SNAP25,SYT3
PMS2,CTR9,CCNK,STX11
PMS2,EXO1,YWHAQ,UACA,AQP7
PMS2,CTR9,KRAS,STXBP3
PMS2,UBC,TRAF3IP2,IL17RC
PMS2,UBC,DNAJA4,PSCA
PMS2,CTR9,CSNK2B,AMPD2,ADGRL1
PMS2,UBC,BSG,SLC16A13
PMS2,EXO1,YWHAQ,UACA,SYTL2
PMS2,NSF,AKT3,AFAP1,OR51E2
PMS2,CTR9,KRAS,STXBP3
PMS2,CTR9,LARP7,EPB42
PMS2,CTR9,LARP7,EPB42
PMS2,CTR9,KRAS,STXBP3
PMS2,PPP2CA,DAPK1
PMS2,PPP2CB,SRC,EFNA5
PMS2,EXO1,YWHAZ,HDAC9,VIPR1
PMS2,CTR9,KRAS,STXBP3
PMS2,NSF,ROR2,GAA
PMS2,NSF,VAMP3,SYT6
PMS2,PPP2CB,STRN3
PMS2,PPP2CB,PPP2R2D,GPC5
PMS2,XRCC3,HSP90B1,KCNQ4
PMS2,UBC,ARRB2,APLNR,NPHS2
PMS2,CTR9,KRAS,STXBP3,OSBPL1A
PMS2,CTR9,KRAS,STXBP3
PMS2,NSF,ROR2,GAA
PMS2,UBC,EPS15L1
PMS2,CTR9,CSNK2A1,MFAP1,GRAMD2A
PMS2,CTR9,KRAS,STXBP3
PMS2,EXO1,YWHAZ,HDAC9,UNC13B,DOC2B
PMS2,EXO1,H4C6,ARID5B,HTR3A
PMS2,XRCC3,HSPD1,PACSIN2
PMS2,NSF,AKT1,CYTH1
PMS2,NSF,STMN1,ATP6V1H
PMS2,PPP2CA,IRAK1,IL1RL1
PMS2,XRCC3,TMPO,NCK1
PMS2,UBC,ARRB2,APLNR
PMS2,UBC,SGTA,CDH15,SLC23A2
PMS2,PCNA,PHB1
PMS2,UBC,SMURF2,LAPTM5
PMS2,XRCC3,TMPO,NCK1
PMS2,EXO1,YWHAQ,UACA,RGS8
PMS2,CTR9,KRAS,STXBP3
PMS2,XRCC3,TMPO,NCK1
PMS2,UBC,EEF1A2,SLC13A5
PMS2,UBC,GNB2,RGS6
PMS2,NSF,HRAS,PDE4D
PMS2,XRCC3,SPATA5L1,SPHK1
PMS2,MSH2,HLA-DPB1
PMS2,CTR9,KRAS,STXBP3
PMS2,NSF,HRAS,PDE4D
PMS2,XRCC3,TMPO,NCK1
PMS2,EXO1,H2AX,ZNF574,CD1C
PMS2,CTR9,KRAS,STXBP3
PMS2,CTR9,KRAS,STXBP3
PMS2,EXO1,YWHAE,PFDN4,KCNJ4
PMS2,CTR9,KRAS,STXBP3
PMS2,UBC,UBASH3B,MYO1D
PMS2,UBC,BSG,SLC16A13
PMS2,NSF,CANX,CNR2
PMS2,EXO1,YWHAQ,UACA,KLRK1,RAET1L
PMS2,UBC,CBL,CD33
PMS2,MSH2,EPHA2,ARHGEF5
PMS2,UBC,EEF1A2,SLC13A5
PMS2,CTR9,LARP7,EPB42
PMS2,MSH6,PRKCZ,PTPRZ1
PMS2,CTR9,KRAS,STXBP3
PMS2,CTR9,FAM161A,ZNF792,SLC39A2
PMS2,MSH6,KDM6A,MAFB,BEST3
PMS2,XRCC3,ATP2A2,S100A1,ZAN
PMS2,EXO1,ATM,TELO2,RASGEF1B
PMS2,EXO1,DDB1,DET1,GNG13
PMS2,EXO1,YWHAE,PFDN4,SEPHS1
PMS2,XRCC3,HSP90B1,KCNQ4
PMS2,PPP2CB,SRC,EFNA5
PMS2,CTR9,DNMT3A,PCDHA4
PMS2,EXO1,YWHAQ,UACA,ADI1
PMS2,UBC,GRB2,TBC1D3G
PMS2,EXO1,H4C6,ARID5B,TCN2
PMS2,MSH2,HLA-DPB1,HLA-DPA1
PMS2,UBC,ARRB2,APLNR
PMS2,PPP2CB,ESR1
PMS2,UBC,GNB2,RGS6
PMS2,PCNA,PPP1CB,RYR2
PMS2,CTR9,KRAS,STXBP3
PMS2,XRCC3,HSP90B1,KCNQ4,CLCA4
PMS2,XRCC3,HSPD1,PACSIN2
PMS2,CTR9,KRAS,STXBP3
PMS2,CTR9,KRAS,STXBP3
PMS2,CTR9,KRAS,STXBP3
PMS2,CTR9,KRAS,STXBP3
PMS2,PPP2CA,ANKRD39,LANCL2
PMS2,CTR9,KRAS,STXBP3,BLVRB
PMS2,NSF,PTPRK,PTPRU
PMS2,MSH2,EPHA2,ARHGEF5
PMS2,CTR9,LARP7,EPB42
PMS2,CTR9,KRAS,STXBP3,ROBO4
PMS2,UBC,GSK3B,ACSBG1
PMS2,UBC,AGO2,SLC7A9
PMS2,CTR9,KRAS,STXBP3
PMS2,EXO1,YWHAZ,HDAC9,CSMD3
PMS2,UBC,CASP8,PLIN4
PMS2,UBC,GRB2
PMS2,XRCC3,TMPO,NCK1,C9
PMS2,CTR9,KRAS,STXBP3
PMS2,CTR9,EFTUD2,MRRF,SLC39A14
PMS2,NSF,CANX,CNR2
PMS2,UBC,AP2M1,CTLA4
PMS2,PPP2CB,SRC,EFNA5
PMS2,CTR9,KRAS,STXBP3,SNX15
PMS2,PCNA,RPS27A,ABCG2
PMS2,XRCC3,HSP90B1,KCNQ4
PMS2,CTR9,PLEKHA4,MTERF4,CALCRL,RAMP1
PMS2,EXO1,CDK2,KLF10,FRMPD2
PMS2,CTR9,ACTBL2,GSN
PMS2,PPP2CB,EGFR,GABRA2
PMS2,EXO1,H4C6,ARID5B,ZACN
PMS2,UBC,SYNE2,COL23A1
PMS2,NSF,TGOLN2,GOLPH3
PMS2,EXO1,YWHAG,RAC2,RILPL1
PMS2,UBC,HACD2,SLC2A12
PMS2,CTR9,ZFP91,APC
PMS2,CTR9,SOX4,SCNN1G
PMS2,EXO1,H4C6,ARID5B,PAWR
PMS2,UBC,AMOT
PMS2,XRCC3,TAP1,CYC1,SCAMP5
PMS2,CTR9,KRAS,STXBP3
PMS2,PPP2CB,EGFR,GABRA2
PMS2,UBC,HECW1,CACNA1A
PMS2,XRCC3,HSP90B1,KCNQ4,GRID1
PMS2,CTR9,UBE2E1,RNF220,SLC22A18
PMS2,CTR9,KRAS,STXBP3
PMS2,CTR9,KRAS,STXBP3
PMS2,XRCC3,FKBP5,PI4KA,TTC7B
PMS2,PPP2CB,SRC,EFNA5
PMS2,CTR9,KRAS,STXBP3
PMS2,CTR9,KRAS,STXBP3
PMS2,EXO1,CDK1,TSPYL2,ATP8B2
PMS2,NSF,SNAP25,SYT3
PMS2,CTR9,KRAS,STXBP3,VMP1
PMS2,EXO1,H4C6,ARID5B,KCNA10
PMS2,CTR9,PLEKHA4,MTERF4,GHRHR
PMS2,CTR9,RBX1,FBXO9,RAPSN
PMS2,XRCC3,FKBP5,PI4KA
PMS2,NSF,WWOX,CATSPERE,TVP23B,YIPF1
PMS2,XRCC3,HSP90B1,KCNQ4
PMS2,CTR9,KRAS,STXBP3
PMS2,NSF,TGOLN2,GOLPH3
PMS2,CTR9,KRAS,STXBP3
PMS2,NSF,RHOG,CCR1
PMS2,PPP2CB,SRC,EFNA5
PMS2,MSH6,MATR3,MYOF
PMS2,EXO1,YWHAG,RAC2
PMS2,UBC,EEF1A2,SLC13A5
PMS2,CTR9,PLEKHA4,MTERF4,PARP14
PMS2,NSF,VAMP8,SYPL1
PMS2,PCNA,GOLGA1,ATP7B
PMS2,UBC,HECW1,CACNA1A,RIMBP2
PMS2,NSF,AKT1,CYTH1
PMS2,MSH6,KANK2,EFHC2,BAIAP2L2
PMS2,EXO1,H4C6,ARID5B,DSCAML1
PMS2,CTR9,PLEKHA4,MTERF4,GYPC
PMS2,EXO1,YWHAQ,UACA,NHERF4
PMS2,MLH1,ACTG1
PMS2,CTR9,UBE2E1,RNF220,C11orf24
PMS2,PPP2CA,DAPK1,CORO2A,SLC16A8
PMS2,XRCC3,RAD51C,IL12RB1
PMS2,CTR9,KRAS,STXBP3
PMS2,PPP2CB,PAK1
PMS2,UBC,ARRB2,APLNR
PMS2,EXO1,YWHAZ,HDAC9,P2RX6
PMS2,MLH1,HSPA8,TSPYL6,PCDHB12
PMS2,UBC,MAP1LC3B,CLEC7A
PMS2,NSF,CANX,CNR2
PMS2,PCNA,PPP1CB,RYR2
PMS2,CTR9,KRAS,STXBP3
PMS2,NSF,GRIA2
PMS2,EXO1,CCNF,TRAFD1,PRSS12
PMS2,NSF,MAPT,APOE
PMS2,XRCC3,TAP1,CYC1,SLC30A3
PMS2,CTR9,KRAS,STXBP3
PMS2,EXO1,CCNF,TRAFD1,KCNIP4
PMS2,PCNA,ATRX,SKA3,MICB
PMS2,PPP2CB,SRC,EFNA5
PMS2,UBC,RNF114
PMS2,PPP2CA,SYK,SIRPB1
PMS2,CTR9,DISC1,CRYAB,OR6T1
PMS2,XRCC3,HSPD1,PACSIN2
PMS2,NSF,STMN1,ATP6V1H
PMS2,CTR9,KRAS,STXBP3
PMS2,UBC,HIF1A,VHLL,PDCD1,PDCD1LG2
PMS2,XRCC3,HSPD1,PACSIN2
PMS2,CTR9,KRAS,STXBP3,COL25A1
PMS2,PPP2CA,SYK,SIRPB1,CD300LD
PMS2,UBC,GRB2,TBC1D3G
PMS2,CTR9,KRAS,STXBP3
PMS2,CTR9,LARP7,EPB42
PMS2,CTR9,KRAS,STXBP3
PMS2,CTR9,KRAS,STXBP3
PMS2,UBC,ABL1,WNK2
PMS2,EXO1,YWHAZ,HDAC9,KCNJ3
PMS2,CTR9,KRAS,STXBP3
PMS2,XRCC3,HSPD1,PACSIN2,LY96
PMS2,CTR9,LARP7,EPB42
PMS2,UBC,CASP8,PLIN4
PMS2,NSF,CANX,CNR2,LYPD1
PMS2,UBC,AMFR,OR4N2
PMS2,EXO1,YWHAZ,HDAC9,TMC5
PMS2,CTR9,KRAS,STXBP3
PMS2,CTR9,KRAS,STXBP3,OSBPL2
PMS2,EXO1,YWHAZ,HDAC9,UNC13B
PMS2,XRCC3,HSPD1,PACSIN2
PMS2,CTR9,KRAS,STXBP3,SLC44A5
PMS2,EXO1,H4C6,ARID5B,LRRC55
PMS2,UBC,WWP2,ARRDC4
PMS2,UBC,ABL1,WNK2,IHH
PMS2,EXO1,YWHAQ,UACA,NRXN1
PMS2,PPP2CB,VCP,LRRC15
PMS2,PPP2CA,DDHD1,CR1L
PMS2,XRCC3,HSPD1,PACSIN2
PMS2,EXO1,CCNF,TRAFD1,CD36
PMS2,CTR9,KRAS,STXBP3,SLC22A16
PMS2,UBC,PSMD14,MICALL2
PMS2,PPP2CB,SRC,EFNA5
PMS2,UBC,ABL1,WNK2
PMS2,NSF,RHOF,DHRS7B,SNTG2
PMS2,XRCC3,FKBP5,PI4KA
PMS2,MSH2,EPHA2,ARHGEF5
PMS2,CTR9,KRAS,STXBP3
PMS2,UBC,PSMD14,MICALL2
PMS2,EXO1,YWHAQ,UACA,GUCY2F
PMS2,NSF,NAPA
PMS2,UBC,GRB2,TBC1D3G
PMS2,PPP2CA,APP,APBA1
PMS2,UBC,HSPA5
PMS2,NSF,MAPT,APOE
PMS2,PCNA,RPS27A,ABCG2
PMS2,EXO1,YWHAZ,HDAC9,PIP5KL1
PMS2,CTR9,LARP7,EPB42
PMS2,CTR9,KRAS,STXBP3
PMS2,UBC,ARRB2
PMS2,PPP2CB,AURKA,IFNLR1
PMS2,PCNA,RPS27A,ABCG2
PMS2,PCNA,GOLGA1,ATP7B
PMS2,MLH1,HSPA8
PMS2,UBC,RNF5,ERLIN2
PMS2,NSF,CANX,CNR2
PMS2,NSF,AKT1,CYTH1
PMS2,CTR9,PLEKHA4,MTERF4,GPR139
PMS2,NSF,PRKAB1,SLC9A5
PMS2,EXO1,YWHAQ,UACA,IL1RAPL1
PMS2,NSF,PTPRC,CD44
PMS2,CTR9,FZR1,RGS11
PMS2,EXO1,YWHAG,RAC2
PMS2,XRCC3,FKBP5,PI4KA,TTC7A
PMS2,UBC,UBQLN1
PMS2,CTR9,LARP7,EPB42
PMS2,UBC,GNB2,RGS6
PMS2,PCNA,RPS27A,ABCG2
PMS2,PPP2CB,EGFR,GABRA2
PMS2,EXO1,H4C6,ARID5B,ANO8
PMS2,CTR9,KRAS,STXBP3
PMS2,EXO1,YWHAZ,HDAC9,ICOS
PMS2,UBC,PSEN1,TMBIM6
PMS2,PPP2CB,BRAF
PMS2,CTR9,KRAS,STXBP3
PMS2,EXO1,YWHAE,PFDN4,PCDHGA9
PMS2,MSH6,UNC93B1,TLR8
PMS2,UBC,HDAC4,WASHC2C
PMS2,NSF,HRAS,PDE4D
PMS2,PPP2CB,SRC,EFNA5
PMS2,NSF,PTPRK,PTPRU
PMS2,CTR9,DNAJB6,NOPCHAP1,COL4A5,SLC10A4
PMS2,NSF,CANX,CNR2
PMS2,EXO1,H4C6,ARID5B,FZD2
PMS2,PCNA,PRDX3
PMS2,EXO1,YWHAH
PMS2,EXO1,YWHAQ,UACA,LIM2
PMS2,CTR9,ACTBL2,GSN
PMS2,NSF,HRAS,PDE4D
PMS2,EXO1,YWHAG,RAC2,RGS9
PMS2,PCNA,RPS27A,ABCG2
PMS2,NSF,TGOLN2
PMS2,EXO1,YWHAG,RAC2,GRIN3B
PMS2,EXO1,ATM,TELO2,HAS1
PMS2,CTR9,KRAS,STXBP3
PMS2,CTR9,MYC,CECR2,IL2RG
PMS2,CTR9,MYLIP,DAPP1
PMS2,CTR9,PLEKHA4,MTERF4,ADGRD1
PMS2,CTR9,KRAS,STXBP3
PMS2,EXO1,CDK1,TSPYL2,IL3RA
PMS2,CTR9,KRAS,STXBP3
PMS2,CTR9,KRAS,STXBP3
PMS2,CTR9,FZR1,RGS11
PMS2,UBC,GSK3B
PMS2,UBC,FBXO7,FGF10
PMS2,UBC,GNB2,RGS6
PMS2,EXO1,YWHAG,RAC2
PMS2,NSF,ATP6V0D1,ATP6AP2
PMS2,UBC,GSK3B,ACSBG1
PMS2,NSF,MAPT,APOE
PMS2,UBC,ARRB2,APLNR
PMS2,NSF,UBQLN2
PMS2,NSF,CANX,CNR2
PMS2,CTR9,PLEKHA4,MTERF4,CLDN6
PMS2,MSH2,EPHA2,ARHGEF5
PMS2,EXO1,YWHAE,PFDN4,PCDHGC5
PMS2,EXO1,UBE2I,PCGF2,NLRP6
PMS2,NSF,HRAS,PDE4D
PMS2,CTR9,KRAS,STXBP3
PMS2,CTR9,KRAS,STXBP3
PMS2,PPP2CA,SYK,SIRPB1
PMS2,XRCC3,TMPO,NCK1
PMS2,CTR9,KRAS,STXBP3
PMS2,CTR9,FZR1,RGS11
PMS2,CTR9,LARP7,EPB42
PMS2,MSH6,PRKCZ,PTPRZ1
PMS2,PPP2CB,PRKCD,PDP2,PAQR6
PMS2,XRCC3,TMPO,NCK1,KNTC1
PMS2,UBC,EPN3
PMS2,CTR9,KRAS,STXBP3
PMS2,CTR9,KRAS,STXBP3
PMS2,CTR9,KRAS,STXBP3
PMS2,UBC,RAPGEF2
PMS2,CTR9,KRAS,STXBP3
PMS2,CTR9,FZR1,RGS11
PMS2,NSF,CANX,CNR2
PMS2,PCNA,PRDX3,DHRS4,PCDHA11
PMS2,PPP2CA,IRAK1,IL1RL1
PMS2,EXO1,CDK2,KLF10,ADAMTS13,CELSR1
PMS2,EXO1,H4C6,ARID5B,NTNG2
PMS2,EXO1,UBE2I,PCGF2,CD8A
PMS2,MSH6,BRCA1
PMS2,XRCC3,TMPO,NCK1,LRRC3
PMS2,XRCC3,HSPD1,PACSIN2
PMS2,NSF,VAMP8,SYPL1
PMS2,NSF,STMN1,ATP6V1H
PMS2,EXO1,CDK1,TSPYL2,ADGRA2
PMS2,EXO1,KPNA4,NOLC1,ADAM2
PMS2,CTR9,PLEKHA4,MTERF4,S1PR5
PMS2,PPP2CB,DDX39A,ZNF569,OMG
PMS2,PPP2CB,SRC,EFNA5
PMS2,XRCC3,EIF3F,DDX60,IGSF8
PMS2,XRCC3,HSP90AB1
PMS2,CTR9,KRAS,STXBP3,OR2AG1
PMS2,XRCC3,HSPD1,PACSIN2
PMS2,EXO1,YWHAH,MTM1
PMS2,EXO1,YWHAQ,UACA,PDE4A
PMS2,NSF,RHOG,CCR1
PMS2,NSF,PRKAB1,SLC9A5
PMS2,EXO1,YWHAZ,HDAC9,GABRA3
PMS2,UBC,FBXO7,FGF10
PMS2,UBC,EEF1A2,SLC13A5
PMS2,XRCC3,FKBP5,PI4KA
PMS2,NSF,TGOLN2,GOLPH3
PMS2,PPP2CA,ERK1/2,ADAM17
PMS2,PPP2CB,IGBP1,MUC16
PMS2,CTR9,KRAS,STXBP3
PMS2,EXO1,CDK1,TSPYL2,SLAMF6
PMS2,PPP2CB,STK11,MUC5B
PMS2,UBC,NEDD4L,PRRG2
PMS2,NSF,TGOLN2,GOLPH3
PMS2,CTR9,KRAS,STXBP3
PMS2,UBC,UCHL1,ADRA2B
PMS2,UBC,GSK3B,ACSBG1
PMS2,CTR9,LARP7,EPB42
PMS2,NSF,AKT1,CYTH1
PMS2,EXO1,KLC3,HTRA2,TMEM30B
PMS2,EXO1,H2AX,ZNF574,KLRC2,GALNT13,TREM1
PMS2,EXO1,CDK1,TSPYL2,PSD,GLRA2
PMS2,CTR9,KRAS,STXBP3
PMS2,XRCC3,FKBP5,PI4KA
PMS2,NSF,PTPRK,PTPRU
PMS2,PPP2CB,SRC,EFNA5
PMS2,EXO1,H2AX,ZNF574,NCAM2
PMS2,UBC,NFE2L2
PMS2,EXO1,YWHAZ,HDAC9,NALCN,NALF1
PMS2,CTR9,KRAS,STXBP3
PMS2,CTR9,KRAS,STXBP3
PMS2,CTR9,PLEKHA4,MTERF4,HTR1E
PMS2,UBC,RIPK1
PMS2,PPP2CB,SRC,EFNA5
PMS2,UBC,ANKRD13B
PMS2,PPP2CB,ERBB2
PMS2,CTR9,KRAS,STXBP3
PMS2,UBC,RAC1,CDC42EP4
PMS2,NSF,HRAS,PDE4D,SLC9A3R2,OR52B2
PMS2,XRCC3,TMPO,NCK1
PMS2,PPP2CB,SNCA
PMS2,UBC,RNF5,ERLIN2
PMS2,PCNA,YBX1
PMS2,PPP2CB,SRC,EFNA5
PMS2,CTR9,KRAS,STXBP3
PMS2,CTR9,KRAS,STXBP3
PMS2,CTR9,PLEKHA4,MTERF4,GCGR
PMS2,UBC,EEF1A2,SLC13A5
PMS2,UBC,FBXO7,FGF10
PMS2,NSF,SNAP23,DIRAS3
PMS2,NSF,RHOA,LUM,SLC22A1
PMS2,CTR9,KRAS,STXBP3
PMS2,NSF,AKT1,CYTH1
PMS2,EXO1,YWHAQ,UACA,NRXN1,SYT13
PMS2,PCNA,PPP1CB,RYR2
PMS2,CTR9,DNMT3A,PCDHA4
PMS2,NSF,NRAS,PCDH18
PMS2,CTR9,KRAS,STXBP3
PMS2,UBC,CALCOCO2,SPTBN2
PMS2,PPP2CB,SNCA,DMTN
PMS2,PPP2CB,SRC,EFNA5
PMS2,PPP2CB,SRC,EFNA5
PMS2,UBC,ATP5F1A
PMS2,NSF,VAMP8,SYPL1
PMS2,NSF,SNAP25,SYT3
PMS2,PPP2CA,APP,APBA1
PMS2,CTR9,LARP7,EPB42
PMS2,CTR9,KRAS,STXBP3
PMS2,CTR9,ZFP91,APC,GRIK5
PMS2,CTR9,LARP7,EPB42
PMS2,NSF,VAMP8,SYPL1,CHRNA4
PMS2,PPP2CB,SRC,EFNA5
PMS2,CTR9,LARP7,EPB42
PMS2,UBC,SMC1A,GRM3
PMS2,UBC,MAP1LC3B,CLEC7A
PMS2,EXO1,KPNA4,NOLC1,CLDN7
PMS2,EXO1,YWHAQ,UACA,CNST
PMS2,CTR9,PLEKHA4,MTERF4,INPP5B
PMS2,CTR9,PLEKHA4,MTERF4,CD84
PMS2,CTR9,DISC1,CRYAB,SIRPG
PMS2,PPP2CB,ELF1,IL2RA
PMS2,CTR9,KRAS,STXBP3
PMS2,EXO1,KPNA4,NOLC1,C4BPB
PMS2,EXO1,CDK2,KLF10,CHRNA1
PMS2,PCNA,LIG1
PMS2,CTR9,FZR1,RGS11
PMS2,UBC,ABL1,WNK2
PMS2,CTR9,KRAS,STXBP3
PMS2,PPP2CB,SRC,EFNA5
PMS2,UBC,ABL1,WNK2
PMS2,EXO1,UBE2I,PCGF2,C1QTNF5
PMS2,CTR9,CCNK,STX11
PMS2,NSF,AKT1,CYTH1
PMS2,CTR9,KRAS,STXBP3
PMS2,NSF,NRAS
PMS2,PPP2CA,PER1,DRC3
PMS2,CTR9,FZR1,RGS11
PMS2,CTR9,PLEKHA4,MTERF4,SLC27A6
PMS2,UBC,EEF1A2,SLC13A5
PMS2,PPP2CB,MARK3
PMS2,CTR9,KRAS,STXBP3
PMS2,NSF,HRAS,PDE4D
PMS2,NSF,HRAS,PDE4D
PMS2,XRCC3,HSPD1,PACSIN2
PMS2,UBC,ABL1,WNK2
PMS2,CTR9,ZFP91,APC
PMS2,CTR9,KRAS,STXBP3
PMS2,PPP2CA,SPRY2,CBLB
PMS2,EXO1,SFN,CYP26C1,CD28
PMS2,NSF,STX6,ABCA6
PMS2,CTR9,KRAS,STXBP3
PMS2,XRCC3,CHTF18,PSG11
PMS2,EXO1,H2BC21,ZNF280C,PLPP2
PMS2,CTR9,KRAS,STXBP3
PMS2,CTR9,KRAS,STXBP3
PMS2,CTR9,LARP7,EPB42
PMS2,XRCC3,HSPD1,PACSIN2
PMS2,UBC,PJA1,DGKD
PMS2,UBC,EEF1A2,SLC13A5
PMS2,CTR9,KRAS,STXBP3
PMS2,CTR9,KRAS,STXBP3
PMS2,EXO1,ATM,TELO2,OPRM1
PMS2,EXO1,YWHAZ,HDAC9,ITGAD
PMS2,CTR9,KRAS,STXBP3
PMS2,EXO1,KPNA4,NOLC1,RAB35
PMS2,CTR9,KRAS,STXBP3,ADAM18
PMS2,EXO1,YWHAQ,UACA,SDK2
PMS2,CTR9,PLEKHA4,MTERF4,GALR2
PMS2,EXO1,ATM,TELO2,ENPP7
PMS2,PPP2CB,RALA
PMS2,PPP2CB,SNCA,DMTN
PMS2,UBC,GRB2,TBC1D3G
PMS2,CTR9,KRAS,STXBP3
PMS2,CTR9,ZFP91,APC
PMS2,NSF,CANX,CNR2
PMS2,UBC,GSK3B,ACSBG1
PMS2,NSF,CANX,CNR2,ATP8A1
PMS2,PPP2CB,SRC,EFNA5
PMS2,NSF,HRAS,PDE4D
PMS2,UBC,TRIM32,PDE9A
PMS2,PCNA,RPS27A,ABCG2
PMS2,CTR9,KRAS,STXBP3,CYTH4
PMS2,NSF,AKT1,CYTH1
PMS2,XPA,BMPR1A,BMP2,RGMA
PMS2,NSF,NRAS,PCDH18
PMS2,PPP2CB,EGFR,GABRA2
PMS2,EXO1,YWHAZ,HDAC9,STRA6
PMS2,CTR9,LARP7,EPB42
PMS2,XRCC3,HSPD1,PACSIN2
PMS2,CTR9,PLEKHA4,MTERF4,DPEP1
PMS2,CTR9,PLEKHA4,MTERF4,ENTPD6
PMS2,NSF,SNAP25,SYT3
PMS2,CTR9,KRAS,STXBP3
PMS2,EXO1,H4C6,ARID5B,CHRNB4
PMS2,NSF,CUL3,KBTBD7,VPS35L
PMS2,CTR9,PLEKHA4,MTERF4,ADH1C
PMS2,EXO1,YWHAG,RAC2
PMS2,NSF,ROR2,GAA
PMS2,UBC,LNX1,NOTCH2NLC,KCNS2
PMS2,CTR9,KRAS,STXBP3
PMS2,CTR9,KRAS,STXBP3
PMS2,NSF,SNAP25,SYT3
PMS2,UBC,GNB2,RGS6
PMS2,PPP2CB,SRC,EFNA5
PMS2,CTR9,KRAS,STXBP3
PMS2,EXO1,CDK1,TSPYL2,CPEB3
PMS2,CTR9,KRAS,STXBP3
PMS2,MSH6,UNC93B1,TLR8
PMS2,CTR9,LARP7,EPB42
PMS2,NSF,TGOLN2,GOLPH3
PMS2,EXO1,CDK2,KLF10,HAS3
PMS2,XRCC3,HSPD1,PACSIN2
PMS2,CTR9,KRAS,STXBP3
PMS2,NSF,RHOG,CCR1,LSP1
PMS2,EXO1,ATM,TELO2,CD226,MBLAC2
PMS2,PCNA,RPS27A,ABCG2
PMS2,CTR9,DNMT3A,PCDHA4
PMS2,CTR9,CSNK2A1,MFAP1,KCNN3
PMS2,CTR9,MYC,CECR2,KIR3DL2
PMS2,UBC,TSG101
PMS2,CTR9,FZR1,RGS11
PMS2,EXO1,UBE2I,PCGF2,MPL
PMS2,PCNA,PPP1CB,RYR2
PMS2,XRCC3,HSPD1,PACSIN2
PMS2,UBC,HTT
PMS2,PCNA,PPP1CB,RYR2
PMS2,CTR9,LARP7,EPB42
PMS2,CTR9,KRAS,STXBP3
PMS2,UBC,EEF1A2,SLC13A5
PMS2,UBC,PODXL,SELL
PMS2,EXO1,YWHAQ,UACA,NUCB2
PMS2,UBC,CALCOCO2,SPTBN2
PMS2,CTR9,KRAS,STXBP3
PMS2,CTR9,KRAS,STXBP3
PMS2,UBC,BIN1
PMS2,CTR9,KRAS,STXBP3
PMS2,CTR9,KRAS,STXBP3
PMS2,EXO1,YWHAZ,HDAC9,SLC9C1
PMS2,EXO1,YWHAQ,UACA,RGS3
PMS2,EXO1,YWHAG,RAC2
PMS2,XRCC3,HSPD1,PACSIN2
PMS2,CTR9,PLEKHA4,MTERF4,TACR1
PMS2,CTR9,KRAS,STXBP3
PMS2,PPP2CB,CDK16,CCNYL1
PMS2,EXO1,H4C6,ARID5B,HNF4G,HAS2
PMS2,PPP2CB,STK11,MUC5B
PMS2,PCNA,SUMO1
PMS2,PCNA,CDK5
PMS2,PPP2CB,AURKA,IFNLR1
PMS2,XRCC3,HSP90B1,KCNQ4
PMS2,CTR9,KRAS,STXBP3
PMS2,UBC,FASN
PMS2,UBC,PTPN5,CLEC4G
PMS2,UBC,FGFR1,FLRT1
PMS2,EXO1,ATM,TELO2,PIP4K2B
PMS2,CTR9,H3C14,JAK2
PMS2,CTR9,ACTBL2,GSN
PMS2,MSH2,EPHA2,ARHGEF5
PMS2,CTR9,KRAS,STXBP3
PMS2,XRCC3,TMPO,NCK1,NDRG4
PMS2,XRCC3,HSP90B1,KCNQ4
PMS2,CTR9,KRAS,STXBP3
PMS2,MSH6,CHD8,CASR
PMS2,PPP2CB,EGFR,GABRA2
PMS2,UBC,EEF1A2,SLC13A5
PMS2,PPP2CB,EGFR,GABRA2
PMS2,NSF,VAMP2,PRKD3
PMS2,CTR9,KRAS,STXBP3
PMS2,CTR9,KRAS,STXBP3
PMS2,NSF,MAPT,APOE,CR1
PMS2,PCNA,UBB
PMS2,XRCC3,FKBP5,PI4KA
PMS2,PPP2CB,SRC,EFNA5
PMS2,CTR9,KRAS,STXBP3
PMS2,CTR9,FAM161A,ZNF792,SLC15A2
PMS2,NSF,HRAS,PDE4D
PMS2,CTR9,KRAS,STXBP3
PMS2,XRCC3,HSP90B1,KCNQ4
PMS2,CTR9,KRAS,STXBP3
PMS2,UBC,ABL1,WNK2
PMS2,XRCC3,TMPO,NCK1
PMS2,CTR9,PLEKHA4,MTERF4,CALCRL
PMS2,CTR9,KRAS,STXBP3
PMS2,XRCC3,HSPD1,PACSIN2
PMS2,PPP2CB,TRAF2,LRRN2,CD70
PMS2,XRCC3,HSP90B1,KCNQ4
PMS2,UBC,NEDD4,LAPTM4B
PMS2,NSF,CANX,CNR2
PMS2,EXO1,YWHAH,MTM1
PMS2,CTR9,DNMT3A,PCDHA4
PMS2,CTR9,MYLIP,DAPP1
PMS2,CTR9,KRAS,STXBP3
PMS2,EXO1,YWHAQ,UACA,RHBDL1
PMS2,CTR9,LARP7,EPB42
PMS2,CTR9,KRAS,STXBP3
PMS2,NSF,STX2,SYTL4
PMS2,NSF,TGOLN2,GOLPH3
PMS2,CTR9,PLEKHA4,MTERF4,BDKRB1
PMS2,UBC,MALT1,FEM1C,OR51B2
PMS2,MSH2,EPHA2,ARHGEF5
PMS2,PPP2CB,SRC,EFNA5
PMS2,CTR9,KRAS,STXBP3
PMS2,EXO1,H4C6,ARID5B,DGAT1
PMS2,MSH2,HLA-DPB1,HLA-DPA1
PMS2,MSH2,DVL1,FZD7
PMS2,XRCC3,HSP90AB1,NPHP4,OLFM4
PMS2,PPP2CB,SRC,EFNA5
PMS2,EXO1,YWHAQ,UACA,ICAM3
PMS2,PPP2CB,SRC,EFNA5
PMS2,XRCC3,TMPO,NCK1
PMS2,CTR9,KRAS,STXBP3,CACNA2D1
PMS2,NSF,NTRK1,IGLL5,ULBP1
PMS2,XRCC3,GCN1,CLN3
PMS2,EXO1,YWHAZ,HDAC9,PKD2L1,PKD1L3
PMS2,MSH3,MTPN,SCLY,OR5F1
PMS2,EXO1,CDK1,TSPYL2,ATP23
PMS2,EXO1,H4C6,ARID5B,C8A,C8B
PMS2,CTR9,DNAJB6,NOPCHAP1,SEMA4G
PMS2,NSF,HRAS,PDE4D
PMS2,PPP2CA,SYK
PMS2,UBC,ULK1,ATG101,RAB12
PMS2,CTR9,KRAS,STXBP3
PMS2,UBC,RAC1
PMS2,PPP2CB,SRC,EFNA5
PMS2,CTR9,KRAS,STXBP3
PMS2,EXO1,YWHAG,RAC2
PMS2,CTR9,KRAS,STXBP3
PMS2,UBC,NEDD4,LAPTM4B
PMS2,NSF,NRAS,PCDH18
PMS2,CTR9,FZR1,RGS11
PMS2,XRCC3,HSPD1,PACSIN2
PMS2,NSF,AKT1,CYTH1
PMS2,UBC,ACTC1,NEXN
PMS2,NSF,HRAS,PDE4D
PMS2,EXO1,YWHAZ,HDAC9,SCTR
PMS2,NSF,PTPRK,PTPRU
PMS2,PPP2CB,EGFR,GABRA2
PMS2,EXO1,KPNA4,NOLC1,DFFA
PMS2,PPP2CB,VCP,LRRC15
PMS2,CTR9,KRAS,STXBP3
PMS2,NSF,CANX,CNR2
PMS2,UBC,FBXO7,FGF10
PMS2,PPP2CB,VCP,LRRC15
PMS2,CTR9,KRAS,STXBP3
PMS2,UBC,PTPN5,CLEC4G
PMS2,UBC,GRB2,TBC1D3G
PMS2,EXO1,YWHAZ,HDAC9,KCNN4
PMS2,CTR9,PLEKHA4,MTERF4,NMUR1
PMS2,CTR9,PLEKHA4,MTERF4,ADGRF1
PMS2,CTR9,KRAS,STXBP3
PMS2,EXO1,YWHAZ,HDAC9,PHKA1
PMS2,EXO1,YWHAQ,UACA,GDE1
PMS2,NSF,MAPT,APOE
PMS2,XRCC3,HSP90B1,KCNQ4,P2RX5
PMS2,PPP2CB,VCP,LRRC15
PMS2,NSF,VAMP8
PMS2,XRCC3,HSP90B1,KCNQ4
PMS2,CTR9,KRAS,STXBP3
PMS2,NSF,RGS20,PGP,CACNA1I
PMS2,MSH6,ATR,FAAP24,CD200R1,CD200
PMS2,CTR9,LARP7,EPB42
PMS2,PCNA,PPP1CB,RYR2
PMS2,NSF,HRAS,PDE4D
PMS2,UBC,AGO2,SLC7A9
PMS2,NSF,CANX,CNR2
PMS2,XRCC3,TMPO,NCK1
PMS2,EXO1,YWHAH,MTM1
PMS2,EXO1,H4C6,ARID5B,S100A13
PMS2,CTR9,KRAS,STXBP3
PMS2,CTR9,KRAS,STXBP3
PMS2,PPP2CB,EGFR,GABRA2,SLC39A6
PMS2,CTR9,PLEKHA4,MTERF4,NPY4R2
PMS2,NSF,HRAS,PDE4D
PMS2,UBC,TRIM32,PDE9A
PMS2,PPP2CB,TGFBR2,MYADM
PMS2,UBC,GNB2,RGS6
PMS2,CTR9,KRAS,STXBP3
PMS2,CTR9,KRAS,STXBP3
PMS2,EXO1,H4C6,ARID5B,TSPAN14
PMS2,MSH2,EPHA2,ARHGEF5
PMS2,EXO1,UBE2I,PCGF2,PAQR9
PMS2,UBC,AGO2,SLC7A9
PMS2,EXO1,YWHAZ,HDAC9,ADORA2A,ADORA2B
PMS2,EXO1,CCNB1,TUT7,KCNAB3
PMS2,EXO1,CDK1,TSPYL2,ORAI3
PMS2,EXO1,YWHAG,RAC2
PMS2,EXO1,CCNF,TRAFD1,ITGA2
PMS2,EXO1,H4C6,ARID5B,ITGA9
PMS2,EXO1,YWHAQ,UACA,RGS7
PMS2,XRCC3,HSP90B1,KCNQ4
PMS2,EXO1,YWHAB,VPS33B,SLC17A8
PMS2,CTR9,KRAS,STXBP3
PMS2,UBC,TRAF3IP2,IL17RC
PMS2,NSF,HRAS,PDE4D
PMS2,CTR9,CCNT1,HEXIM1,SLC12A5
PMS2,CTR9,DNAJB6,NOPCHAP1,SSTR5
PMS2,MSH6,UNK,PLK2,PAQR8
PMS2,CTR9,DNMT3A,PCDHA4
PMS2,NSF
PMS2,PPP2CA,APP,APBA1
PMS2,CTR9,H3C14,JAK2
PMS2,XRCC3,HSPD1,PACSIN2
PMS2,CTR9,KRAS,STXBP3,PIK3R5
PMS2,PPP2CB,TRAF2,LRRN2,TNFSF18
PMS2,XRCC3,HSPD1,PACSIN2
PMS2,CTR9,KRAS,STXBP3
PMS2,NSF,HRAS,PDE4D
PMS2,EXO1,YWHAQ,UACA,CACNB2
PMS2,UBC,AREL1,PCDHGC4
PMS2,CTR9,DNMT3B,PCDHGB4
PMS2,CTR9,DNMT3A,PCDHA4,KCNIP1
PMS2,EXO1,H4C6,ARID5B,ABCA12
PMS2,NSF,NRAS,PCDH18
PMS2,CTR9,KRAS,STXBP3
PMS2,EXO1,H2AX,ZNF574,CD1A
PMS2,XRCC3,HSPD1,PACSIN2
PMS2,CTR9,PLEKHA4,MTERF4,CLDN5
PMS2,CTR9,KRAS,STXBP3
PMS2,CTR9,PLEKHA4,MTERF4,NPY1R
PMS2,EXO1,YWHAG,RAC2
PMS2,EXO1,YWHAE,PFDN4,FRMD7
PMS2,UBC,PSEN1
PMS2,EXO1,DDB1,DET1,NPPA,NPR3
PMS2,CTR9,KRAS,STXBP3
PMS2,NSF,TGOLN2,GOLPH3
PMS2,UBC,ARRB2,APLNR
PMS2,CTR9,HECW2,KIAA0586,ZDHHC22
PMS2,CTR9,PLEKHA4,MTERF4,S1PR3
PMS2,CTR9,KRAS,STXBP3
PMS2,XRCC3,HSP90B1,KCNQ4
PMS2,CTR9,KRAS,STXBP3
PMS2,UBC,NEDD4,LAPTM4B
PMS2,UBC,USP6
PMS2,NSF,STX3
PMS2,CTR9,KRAS,STXBP3
PMS2,EXO1,CDK1,TSPYL2,GLG1
PMS2,CTR9,KRAS,STXBP3
PMS2,UBC,TRIM32,PDE9A
PMS2,PPP2CA,AR
PMS2,PPP2CB,VCP,LRRC15
PMS2,EXO1,KPNA4,NOLC1,JAM3
PMS2,PPP2CA,DDHD1,CR1L
PMS2,UBC,RAC1,CDC42EP4
PMS2,NSF,NRAS,PCDH18
PMS2,MSH6,ATP6V1B2
PMS2,EXO1,H4C6,ARID5B,OR14J1
PMS2,CTR9,FZR1,RGS11
PMS2,EXO1,YWHAQ,UACA,NRXN2
PMS2,PPP2CB,SRC,EFNA5
PMS2,XRCC3,TMPO,NCK1
PMS2,NSF,PTPRC,CD44
PMS2,EXO1,YWHAG,RAC2
PMS2,CTR9,FZR1,RGS11
PMS2,UBC,AP2A2
PMS2,UBC,GRB2,TBC1D3G
PMS2,NSF,RHOB
PMS2,UBC,GGA1,LRP10
PMS2,MSH6,ATR,FAAP24,CD200R1
PMS2,NSF,STAU1
PMS2,CTR9,KRAS,STXBP3
PMS2,EXO1,YWHAG,RAC2
PMS2,NSF,CANX,CNR2,ATP8B4
PMS2,NSF,NRAS,PCDH18
PMS2,PPP2CA,UNC5B
PMS2,PPP2CB,TGFBR2,MYADM
PMS2,CTR9,ZFP91,APC
PMS2,CTR9,KRAS,STXBP3
PMS2,UBC,PSMD14,MICALL2
PMS2,PPP2CB,SRC,EFNA5,LYNX1
PMS2,PPP2CB,ANKLE2,IL17RB
PMS2,UBC,FGFR1,FLRT1
PMS2,XRCC3,TMPO,NCK1
PMS2,NSF,RGS20
PMS2,NSF,HRAS,PDE4D
PMS2,XRCC3,HSPD1,PACSIN2
PMS2,UBC,EEF1A2,SLC13A5
PMS2,EXO1,YWHAQ,UACA,SLC4A2
PMS2,NSF,VAMP8,SYPL1
PMS2,UBC,SHARPIN,ITGA5
PMS2,PPP2CB,EGFR,GABRA2
PMS2,UBC,PTPN5
PMS2,PPP2CB,EGFR,GABRA2
PMS2,PPP2CA,SYK,SIRPB1
PMS2,CTR9,KRAS,STXBP3
PMS2,EXO1,YWHAG,RAC2,GPR161
PMS2,CTR9,KRAS,STXBP3
PMS2,EXO1,CDK1,TSPYL2,CD300LF
PMS2,EXO1,YWHAZ,HDAC9,CHMP7
PMS2,PPP2CA,APP,APBA1
PMS2,CTR9,KRAS,STXBP3
PMS2,PCNA,UBA52
PMS2,NSF,HRAS,PDE4D
PMS2,PPP2CB,IKBKB,NLRX1
PMS2,NSF,HRAS,PDE4D
PMS2,CTR9,PLEKHA4,MTERF4,BTNL8
PMS2,NSF,NRAS,PCDH18
PMS2,EXO1,YWHAH,MTM1
PMS2,EXO1,SFN,CYP26C1,SLC30A2
PMS2,XRCC3,HSPD1,PACSIN2
PMS2,PPP2CA,PXN,PARVB
PMS2,EXO1,YWHAZ,HDAC9,PSG6
PMS2,EXO1,YWHAG,RAC2
PMS2,NSF,RHOG,CCR1
PMS2,NSF,AKT1,CYTH1
PMS2,CTR9,KRAS,STXBP3
PMS2,CTR9,KRAS,STXBP3,NTN4
PMS2,UBC,RNF216,TIRAP
PMS2,PCNA,RPS27A,ABCG2
PMS2,UBC,FGFR1,FLRT1
PMS2,NSF,RHOG,CCR1
PMS2,NSF,TGOLN2,GOLPH3
PMS2,PPP2CB,PPP2R2D,GPC5
PMS2,NSF,RHOB,ARFIP1,TMPRSS12
PMS2,EXO1,YWHAZ,HDAC9,CLEC4A
PMS2,XRCC3,HSPD1,PACSIN2
PMS2,UBC,PSEN1,TMBIM6
PMS2,XRCC3,HSPD1,PACSIN2,ADAM9
PMS2,EXO1,YWHAH,MTM1
PMS2,EXO1,YWHAG,RAC2
PMS2,UBC,FCHO2
PMS2,CTR9,MYH14,SLITRK2
PMS2,NSF,TGOLN2,GOLPH3
PMS2,UBC,PSMD14,MICALL2
PMS2,XRCC3,TMPO,NCK1
PMS2,XRCC3,HSP90B1,KCNQ4,GABRG3
PMS2,CTR9,KRAS,STXBP3
PMS2,NSF,RHOB,ARFIP1,CXCL12,CCR10
PMS2,NSF,AKT1,CYTH1,ZNF804A
PMS2,NSF,ATP6V0D1,ATP6AP2
PMS2,EXO1,YWHAQ,UACA,ITGB1BP1
PMS2,CTR9,PLEKHA4,MTERF4,LIMS2
PMS2,EXO1,YWHAG,RAC2
PMS2,NSF,RHOG,CCR1
PMS2,UBC,SYNE2,COL23A1
PMS2,CTR9,KRAS,STXBP3
PMS2,CTR9,KRAS,STXBP3
PMS2,CTR9,KRAS,STXBP3
PMS2,MSH6,MATR3,MYOF
PMS2,NSF,ROR2,GAA
PMS2,XRCC3,TMPO,NCK1
PMS2,EXO1,ATM,TELO2,UGT1A1
PMS2,CTR9,ACTBL2,GSN
PMS2,PPP2CB,TTC1,GNA15
PMS2,UBC,PSMD14,MICALL2
PMS2,PPP2CB,DECR2,TMPRSS5
PMS2,EXO1,YWHAB,VPS33B,TNFSF13B
PMS2,UBC,INPPL1,PLIN5,SLC1A4
PMS2,UBC,GNB2,RGS6
PMS2,NSF,RHOG,CCR1
PMS2,PPP2CB,PPP2R2D,GPC5
PMS2,CTR9,LARP7,EPB42
PMS2,UBC,TRIM32,PDE9A
PMS2,CTR9,KRAS,STXBP3
PMS2,PPP2CA,RACK1,KCNAB1
PMS2,CTR9,CSNK1G2,ACVR1B
PMS2,UBC,NFX1,HLA-DRA
PMS2,CTR9,PLEKHA4,MTERF4,FZD10
PMS2,CTR9,KRAS,STXBP3
PMS2,EXO1,YWHAQ,UACA,GPR152
PMS2,EXO1,YWHAQ,UACA,KIR3DL1
PMS2,EXO1,YWHAQ,UACA,ENTHD1
PMS2,CTR9,ZFP91,APC
PMS2,PPP2CA,KNG1,F11
PMS2,NSF,VAMP2,PRKD3
PMS2,PPP2CB,VCP,LRRC15
PMS2,EXO1,YWHAQ,UACA,GJC1
PMS2,XRCC3,HSPD1,PACSIN2,NLGN4X
PMS2,UBC,ABL1,WNK2
PMS2,EXO1,UBE2I,PCGF2,CLCN3
PMS2,UBC,FGFR1,FLRT1
PMS2,CTR9,KRAS,STXBP3,PRPH2,ROM1
PMS2,CTR9,KRAS,STXBP3
PMS2,UBC,RIPK2
PMS2,NSF,FER,FYB1
PMS2,CTR9,KRAS,STXBP3
PMS2,CTR9,KRAS,STXBP3
PMS2,NSF,PTPRK,PTPRU
PMS2,XRCC3,CHTF18,PSG11
PMS2,XRCC3,HSPD1,PACSIN2
PMS2,EXO1
PMS2,NSF,PTPRK,PTPRU
PMS2,UBC,SGTA,CDH15
PMS2,CTR9,PLEKHA4,MTERF4,CX3CR1
PMS2,CTR9,KRAS,STXBP3
PMS2,XRCC3,HSP90B1,KCNQ4
PMS2,CTR9,CSNK1G2
PMS2,XRCC3,HSPD1,PACSIN2
PMS2,UBC,WWP2,ARRDC4
PMS2,CTR9,KRAS,STXBP3
PMS2,UBC,PSEN1,TMBIM6
PMS2,CTR9,ZFP91,APC
PMS2,UBC,ARRB2,APLNR,AGTRAP
PMS2,CTR9,KRAS,STXBP3
PMS2,NSF,AKT1,CYTH1
PMS2,CTR9,KRAS,STXBP3
PMS2,NSF,AKT1,CYTH1
PMS2,NSF,VAMP3,SYT6
PMS2,CTR9,PLEKHA4,MTERF4,TMEM179B
PMS2,NSF,AKT1,CYTH1
PMS2,NSF,CANX,CNR2
PMS2,XRCC3,TMPO,NCK1
PMS2,CTR9,KRAS,STXBP3,SPINT1
PMS2,NSF,HRAS,PDE4D
PMS2,UBC,OTUD3,GNAT3
PMS2,EXO1,YWHAZ,HDAC9,NALCN,NALF1
PMS2,CTR9,KRAS,STXBP3
PMS2,NSF,AKT1,CYTH1
PMS2,NSF,ROR2,GAA
PMS2,PPP2CB,VCP,LRRC15
PMS2,CTR9,KRAS,STXBP3,SPPL2B
PMS2,EXO1,YWHAQ,UACA,PCP2
PMS2,EXO1,H4C6,ARID5B,HEPHL1
PMS2,UBC,BSG,SLC16A13
PMS2,UBC,TRIM36
PMS2,EXO1,H4C6,ARID5B,REM2
PMS2,NSF,AKT1,CYTH1
PMS2,CTR9,KRAS,STXBP3
PMS2,NSF,CANX,CNR2
PMS2,UBC,AP2M1,CTLA4
PMS2,PCNA,ZBTB1,MUCL1
PMS2,CTR9,LARP7,EPB42
PMS2,PPP2CB,MAPK1
PMS2,CTR9,KRAS,STXBP3,UNC5D
PMS2,EXO1,YWHAZ,HDAC9,CALN1
PMS2,NSF,RAB24
PMS2,NSF,AKT1,CYTH1
PMS2,NSF,HRAS,PDE4D
PMS2,XRCC3,HSP90B1,KCNQ4
PMS2,EXO1,YWHAQ,UACA,TMPRSS11A
PMS2,PPP2CB,PPP2R2D,GPC5
PMS2,NSF,NRAS,PCDH18
PMS2,UBC,EEF1A2,SLC13A5
PMS2,PPP2CB,SRC,EFNA5
PMS2,UBC,GRB2,TBC1D3G
PMS2,PPP2CB,VCP,LRRC15
PMS2,PPP2CB,PPP2R2D,GPC5
PMS2,UBC,SGTA,CDH15
PMS2,NSF,RHOG
PMS2,RFC2,CHD1L
PMS2,PPP2CB,EGFR,GABRA2
PMS2,CTR9,ACTBL2,GSN
PMS2,PPP2CB,VCP,LRRC15
PMS2,PCNA,PPP1CB,RYR2
PMS2,PPP2CA,NUBP2,GGT7
PMS2,NSF,RHOG,CCR1,OR6C70
PMS2,EXO1,UBE2I,PCGF2,C3
PMS2,NSF,MAPT,APOE
PMS2,UBC,PSEN1,TMBIM6
PMS2,PPP2CB,SRC,EFNA5
PMS2,NSF,SNAP25,SYT3
PMS2,CTR9,SOX2,ZNF536,SLC20A1
PMS2,UBC,GRB2,TBC1D3G
PMS2,NSF,STAU1,SMG5,GBP1
PMS2,CTR9,KRAS,STXBP3
PMS2,CTR9,TACC2,KXD1,GFRAL
PMS2,EXO1,YWHAQ,UACA,GLO1
PMS2,XRCC3,ATP2A2,S100A1,CDH19
PMS2,PCNA,RPS27A,ABCG2
PMS2,CTR9,DNMT3B,PCDHGB4
PMS2,EXO1,YWHAZ,HDAC9,PKD2L1
PMS2,XRCC3,FKBP5,PI4KA
PMS2,UBC,RAC1,CDC42EP4
PMS2,PPP2CB,SRC,EFNA5
PMS2,NSF,HRAS,PDE4D
PMS2,NSF,PTPRK
PMS2,XRCC3,HSP90B1,KCNQ4
PMS2,EXO1,UBE2I,PCGF2,LRRC70
PMS2,MSH6,PRKCZ,PTPRZ1
PMS2,CTR9,PLEKHA4,MTERF4,RAB28
PMS2,XRCC3,HSPD1,PACSIN2
PMS2,PPP2CB,VCP,LRRC15
PMS2,CTR9,RBX1,FBXO9,IL22RA1
PMS2,CTR9,KRAS,STXBP3,SCN2B
PMS2,CTR9,DNAJB6,NOPCHAP1,CXCR3
PMS2,XRCC3,FKBP5,PI4KA
PMS2,PPP2CB,SRC,EFNA5,CELSR2
PMS2,UBC,PSMD14,MICALL2
PMS2,EXO1,CCNF,TRAFD1,CD79B
PMS2,UBC,EEF1A2,SLC13A5
PMS2,NSF,AKT1,CYTH1
PMS2,XRCC3,SPATA5L1,SPHK1
PMS2,CTR9,KRAS,STXBP3
PMS2,NSF,HRAS,PDE4D
PMS2,EXO1,YWHAE,PFDN4,IFITM1
PMS2,UBC,GRB2,TBC1D3G
PMS2,CTR9,KRAS,STXBP3
PMS2,UBC,SDCBP,TEKT1,GRM4
PMS2,UBC,AP2M1,CTLA4
PMS2,XRCC3,TMPO,NCK1
PMS2,UBC,USP30,KLRC4,CLPTM1
PMS2,CTR9,KRAS,STXBP3
PMS2,UBC,HIP1R
PMS2,CTR9,KRAS,STXBP3
PMS2,NSF,HRAS,PDE4D
PMS2,PCNA,PPP1CB,RYR2
PMS2,NSF,AKT1,CYTH1
PMS2,EXO1,UBE2I,PCGF2,PARVG
PMS2,CTR9,KRAS,STXBP3,EFNA3
PMS2,PPP2CB,SRC,EFNA5
PMS2,NSF,FER,FYB1,PCDHB5
PMS2,XRCC3,MED16,PPARGC1A,RNF34
PMS2,PPP2CB,SRC,EFNA5
PMS2,UBC,SGTA,CDH15
PMS2,NSF,SNAP25,SYT3
PMS2,CTR9,KRAS,STXBP3
PMS2,CTR9,KRAS,STXBP3
PMS2,CTR9,SOX4,SCNN1G
PMS2,CTR9,KRAS,STXBP3
PMS2,PPP2CA,RACK1,KCNAB1
PMS2,UBC,PRKCI
PMS2,EXO1,CDK1,TSPYL2,KCNJ6
PMS2,UBC,SYNE2,COL23A1
PMS2,UBC,ABL1,WNK2
PMS2,EXO1,H4C6,ARID5B,TSPAN5
PMS2,UBC,EPS15
PMS2,PPP2CB,EGFR,GABRA2
PMS2,EXO1,H4C6,ARID5B,TLR10
PMS2,UBC,MAP1LC3B,CLEC7A
PMS2,EXO1,YWHAQ,UACA,CCN2
PMS2,PPP2CA,MAPK3
PMS2,NSF,HRAS,PDE4D
PMS2,EXO1,CDK1,TSPYL2,KITLG
PMS2,EXO1,H4C6,ARID5B,CHRND
PMS2,NSF,ROR2,GAA
PMS2,NSF,RHOG,CCR1,SERPINB10
PMS2,CTR9,LARP7,EPB42
PMS2,EXO1,YWHAE,PFDN4,PCDHA12
PMS2,XRCC3,ATP2A2,S100A1,PIP4P1
PMS2,EXO1,UBE2I,PCGF2,TFR2
PMS2,EXO1,YWHAQ,UACA,GNG11
PMS2,PPP2CB,MYH10,EPB41
PMS2,MSH6,POLE
PMS2,NSF,TGOLN2,GOLPH3
PMS2,CTR9,KRAS,STXBP3
PMS2,CTR9,ZFP91,APC,NLGN1
PMS2,EXO1,ATM,TELO2,DGLUCY,GPR45
PMS2,CTR9,FZR1,RGS11
PMS2,CTR9,PLEKHA4,MTERF4,GIPR
PMS2,CTR9,LARP7,EPB42
PMS2,CTR9,ACTBL2,GSN
PMS2,PPP2CA,PER1,DRC3
PMS2,CTR9,KRAS,STXBP3
PMS2,XRCC3,FKBP5,PI4KA
PMS2,NSF,HRAS,PDE4D
PMS2,UBC,CBL,CD33
PMS2,CTR9,KRAS,STXBP3
PMS2,UBC,MAP3K7
PMS2,PPP2CB,IKBKB,NLRX1
PMS2,NSF,MAPT,APOE
PMS2,NSF,TGOLN2,GOLPH3
PMS2,PPP2CA,ANKRD39,LANCL2
PMS2,UBC,TRAF3IP2,IL17RC,IL17RE
PMS2,PPP2CA,DDHD1,CR1L
PMS2,CTR9,KRAS,STXBP3
PMS2,NSF,CANX,CNR2
PMS2,XRCC3,FKBP8,MYO3B,KLRC3
PMS2,NSF,AKT1,CYTH1
PMS2,XRCC3,SPATA5L1,SPHK1
PMS2,CTR9,KRAS,STXBP3
PMS2,NSF,AKT1,CYTH1,IPCEF1
PMS2,EXO1,YWHAQ,UACA,CLEC2D
PMS2,EXO1,YWHAZ,HDAC9,KCNJ12
PMS2,NSF,MAPT,APOE,C4B
PMS2,CTR9,ACTBL2,GSN
PMS2,NSF,CANX,CNR2
PMS2,XRCC3,TMPO,NCK1
PMS2,EXO1,YWHAE,PFDN4,IL2RB
PMS2,PPP2CA,RACGAP1,SLC26A8
PMS2,CTR9,KRAS,STXBP3
PMS2,UBC,EEF1A2,SLC13A5
PMS2,NSF,RAP2A
PMS2,CTR9,KRAS,STXBP3
PMS2,PPP2CB,SRC,EFNA5
PMS2,CTR9,KRAS,STXBP3
PMS2,XRCC3,HSP90B1,KCNQ4
PMS2,CTR9,PLEKHA4,MTERF4,TUSC3
PMS2,EXO1,DDB1,DET1,CXCR5
PMS2,NSF,STMN1,ATP6V1H
PMS2,UBC,MAVS,TLR1
PMS2,UBC,KDR
PMS2,MSH6,MATR3,MYOF
PMS2,NSF,STX2
PMS2,CTR9,SUMO2,RNF213,SV2B
PMS2,CTR9,LARP7,EPB42
PMS2,CTR9,KRAS,STXBP3
PMS2,XRCC3,FKBP5,PI4KA
PMS2,CTR9,FZR1,RGS11
PMS2,EXO1,DDB1,DET1,LTB4R
PMS2,EXO1,YWHAQ,UACA,SLC22A12
PMS2,NSF,HRAS,PDE4D,SLC9A3R2
PMS2,PPP2CB,EGFR
PMS2,CTR9,KRAS,STXBP3
PMS2,EXO1,YWHAG,RAC2
PMS2,EXO1,YWHAH,MTM1,VIPR2
PMS2,EXO1,H4C6,ARID5B,OPRPN,SLC5A4
PMS2,EXO1,YWHAG,RAC2
PMS2,UBC,ANKS1B
PMS2,CTR9,ZFP91,APC
PMS2,EXO1,YWHAQ,UACA,LYPD6B
PMS2,NSF,HRAS,PDE4D
PMS2,UBC,ABL1,WNK2
PMS2,CTR9,KRAS,STXBP3
PMS2,UBC,PLEC
PMS2,CTR9,KRAS,STXBP3,DUOX2,DUOXA2
PMS2,EXO1,YWHAQ,UACA,GUCY2D
PMS2,UBC,RNF151,SCARA5
PMS2,UBC,PSEN1,TMBIM6
PMS2,UBC,NFX1
PMS2,UBC,IRS1
PMS2,CTR9,ACTBL2,GSN
PMS2,PPP2CB,TGFBR2,MYADM
PMS2,CTR9,KRAS,STXBP3
PMS2,CTR9,LARP7,EPB42
PMS2,CTR9,LARP7,EPB42
PMS2,NSF,TGOLN2,GOLPH3
PMS2,PPP2CB,PTPA
PMS2,XRCC3,HSPD1,PACSIN2
PMS2,CTR9,KRAS,STXBP3
PMS2,NSF,MAPT,APOE
PMS2,NSF,HRAS,PDE4D
PMS2,PPP2CA,APP,APBA1
PMS2,PPP2CB,SRC,EFNA5,ZDHHC20
PMS2,CTR9,FZR1,RGS11
PMS2,PPP2CA,APP,APBA1
PMS2,NSF,HRAS,PDE4D
PMS2,NSF,HRAS,PDE4D
PMS2,XRCC3,TAP1,CYC1,SLC5A6
PMS2,PPP2CA,AMOTL2,FCRL5
PMS2,CTR9,PLEKHA4,MTERF4,HTR1F
PMS2,NSF,HRAS,PDE4D
PMS2,PCNA,PPP1CB,RYR2
PMS2,XRCC3,HSPD1,PACSIN2
PMS2,UBC,PSMD10
PMS2,CTR9,ACTBL2,GSN
PMS2,UBC,TUBA1A
PMS2,CTR9,KRAS,STXBP3
PMS2,EXO1,YWHAE,PFDN4,GSDMA
PMS2,UBC,PSMD14,MICALL2
PMS2,PPP2CB,AURKA,IFNLR1
PMS2,EXO1,YWHAB,VPS33B,SLC32A1
PMS2,MSH6,UNC93B1,TLR8
PMS2,UBC,RAC1,CDC42EP4
PMS2,CTR9,DNAJB6,NOPCHAP1,CERCAM
PMS2,CTR9,FZR1,RGS11
PMS2,CTR9,LARP7,EPB42
PMS2,UBC,PSMD14,MICALL2
PMS2,PPP2CA,SPRY2
PMS2,CTR9,KRAS,STXBP3
PMS2,CTR9,DNAJC9
PMS2,UBC,PSMD7,UBAC1
PMS2,CTR9,DNMT3B,PCDHGB4
PMS2,XPA,XPC
PMS2,CTR9,KRAS,STXBP3
PMS2,RFC2,CHD1L,NT5E
PMS2,UBC,ABL1,WNK2
PMS2,XRCC3,HSPD1,PACSIN2
PMS2,PCNA,RELA,COMMD10,SLC35A4,SLC13A4
PMS2,PPP2CB,SRC,EFNA5
PMS2,UBC,GSK3B,ACSBG1
PMS2,PPP2CA,MAP3K3,MYO1A
PMS2,NSF,TGOLN2,GOLPH3
PMS2,XRCC3,HSPD1,PACSIN2,KCNA1
PMS2,CTR9,COIL,FXR2,CHRNB2
PMS2,UBC,AP2M1,CTLA4
PMS2,CTR9,PXK
PMS2,PPP2CB,SRC,EFNA5
PMS2,XRCC3,HSPD1,PACSIN2
PMS2,XRCC3,TNKS1BP1
PMS2,UBC,USP8,CHMP1B
PMS2,EXO1,YWHAH,MTM1,ADCY2
PMS2,UBC,SGTA,CDH15
PMS2,EXO1,YWHAZ,HDAC9,ADORA2A
PMS2,EXO1,YWHAH,MTM1
PMS2,UBC,AREL1,PCDHGC4
PMS2,NSF,NRAS,PCDH18
PMS2,UBC,UBE2Z,RNF139,GPBP1
PMS2,MSH6,POLE,NUBP1
PMS2,CTR9,KRAS,STXBP3
PMS2,EXO1,TOP1,NLRP3,SDC3
PMS2,CTR9,KRAS,STXBP3
PMS2,PPP2CB,VCP,LRRC15
PMS2,NSF,HRAS,PDE4D
PMS2,UBC,PTPN5,CLEC4G
PMS2,CTR9,PLEKHA4,MTERF4,ADGRG5
PMS2,CTR9,KRAS,STXBP3
PMS2,PPP2CB,SRC,EFNA5
PMS2,NSF,SNAP25
PMS2,NSF,ROR2,GAA
PMS2,EXO1,CDK1,TSPYL2,ADGRA3
PMS2,CTR9,KRAS,STXBP3,STOML1
PMS2,PPP2CB,EGFR,GABRA2
PMS2,CTR9,LARP7,EPB42
PMS2,NSF,PTPRK,PTPRU
PMS2,CTR9,KRAS,STXBP3
PMS2,NSF,CANX,CNR2,SLC2A5
PMS2,MSH6,PRKCZ,PTPRZ1
PMS2,NSF,AKT1,CYTH1
PMS2,UBC,WWP1
PMS2,EXO1,YWHAZ,HDAC9,FMN1
PMS2,UBC,TAB2
PMS2,PPP2CB,EGFR,GABRA2
PMS2,UBC,GNB2,RGS6
PMS2,NSF,LRRK2,TGM3,RXFP3
PMS2,CTR9,KRAS,STXBP3
PMS2,NSF,FER,FYB1
PMS2,NSF,STX6,ABCA6
PMS2,EXO1,ATM,TELO2,POMC,MC3R
PMS2,MSH6,PRKCZ,PTPRZ1
PMS2,NSF,CANX,CNR2
PMS2,NSF,TGOLN2,GOLPH3
PMS2,NSF,AKT1,CYTH1
PMS2,NSF,PTPRK,PTPRU
PMS2,PPP2CB,SNCA,DMTN
PMS2,CTR9,PLEKHA4,MTERF4,CCKAR
PMS2,NSF,AKT1,CYTH1
PMS2,PPP2CA,MYH9
PMS2,CTR9,PPP1R10,PPP1R3A,CAPNS2
PMS2,CTR9,KRAS,STXBP3
PMS2,CTR9,KRAS,STXBP3,DLGAP3
PMS2,XRCC3,HSPD1,PACSIN2
PMS2,UBC,PSMD14,MICALL2
PMS2,CTR9,PLEKHA4,MTERF4,HTR1B
PMS2,CTR9,ACTBL2,GSN
PMS2,UBC,GRB2,TBC1D3G
PMS2,CTR9,PXK,TMC6
PMS2,UBC,MAP1LC3B,CLEC7A
PMS2,CTR9,KRAS,STXBP3
PMS2,NSF,AKT1,CYTH1
PMS2,CTR9,FZR1,RGS11
PMS2,EXO1,H4C6,ARID5B,CHRNB1
PMS2,UBC,GSK3B,ACSBG1
PMS2,CTR9,RCCD1
PMS2,NSF,MAPT,APOE
PMS2,NSF,VAMP8,SYPL1,WNT6
PMS2,PPP2CA,KISS1R
PMS2,UBC,ATP5F1A,ABCA2
PMS2,UBC,TNFRSF1A
PMS2,CTR9,KRAS,STXBP3,CNGA3
PMS2,UBC,GSK3B,ACSBG1
PMS2,CTR9,KRAS,STXBP3
PMS2,XRCC3,HSP90B1,KCNQ4,AQP10
PMS2,NSF,HRAS,PDE4D
PMS2,CTR9,CCNK,STX11
PMS2,UBC,KEAP1,NEIL2,RPE65
PMS2,CTR9,KRAS,STXBP3
PMS2,PPP2CB,STK11,MUC5B
PMS2,CTR9,DNAJC9,NMRAL1,RPL36A-HNRNPH2
PMS2,NSF,CANX,CNR2
PMS2,XRCC3,HSPD1,PACSIN2
PMS2,EXO1,H4C6,ARID5B,LYPD6
PMS2,CTR9,KRAS,STXBP3
PMS2,UBC,PSMC5,BFSP2
PMS2,NSF,TGOLN2,GOLPH3
PMS2,CTR9,KRAS,STXBP3
PMS2,UBC,RAPGEF2,MAGI2
PMS2,XRCC3,TMPO,NCK1,IL27RA
PMS2,UBC,GSK3B,ACSBG1
PMS2,PCNA,HLTF
PMS2,NSF,RHOG,CCR1
PMS2,UBC,PPP1CA
PMS2,UBC,GRB2,TBC1D3G
PMS2,NSF,SNAP25,SYT3,CACNB4
PMS2,XRCC3,FKBP5,PI4KA
PMS2,EXO1,YWHAZ,HDAC9,RGS13
PMS2,UBC,MAP3K7,CRYBG2,PCDH15
PMS2,NSF,AKT1,CYTH1
PMS2,PPP2CB,PPP2R2D,GPC5
PMS2,NSF,AKT1,CYTH1,SLC44A1
PMS2,NSF,STX12,ATP6V0A2
PMS2,CTR9,FZR1,RGS11
PMS2,EXO1,YWHAG,RAC2
PMS2,EXO1,CDK2,KLF10,MS4A14
PMS2,EXO1,UBE2I,PCGF2,GUCY2C
PMS2,CTR9,LARP7,EPB42
PMS2,PPP2CB,EGFR,GABRA2
PMS2,PCNA,GOLGA1,ATP7B
PMS2,CTR9,KRAS,STXBP3
PMS2,CTR9,KRAS,STXBP3
PMS2,EXO1,CDK2,KLF10,CYP2C18
PMS2,NSF,VAMP3
PMS2,CTR9,LARP7,EPB42
PMS2,NSF,HRAS,PDE4D
PMS2,UBC,GNB2,RGS6
PMS2,UBC
PMS2,CTR9,KRAS,STXBP3
PMS2,EXO1,YWHAQ,UACA,LGALS4
PMS2,NSF,PTPRK,PTPRU
PMS2,CTR9,MYC,CECR2,SLC39A3
PMS2,PPP2CB,VCP,LRRC15
PMS2,CTR9,KRAS,STXBP3,COA6
PMS2,CTR9,PLEKHA4,MTERF4,AGPAT2
PMS2,CTR9,DISC1,CRYAB,CHL1,CNTN6
PMS2,NSF,CUL3
PMS2,UBC,AGO2,SLC7A9
PMS2,UBC,ARRB2,APLNR
PMS2,PPP2CB,EGFR,GABRA2
PMS2,PPP2CB,EGFR,GABRA2
PMS2,EXO1,CCNF,TRAFD1,ABCC9
PMS2,UBC,NEDD4,LAPTM4B
PMS2,EXO1,H4C6,ARID5B,ATP1B4
PMS2,NSF,HRAS,PDE4D
PMS2,PPP2CB,SRC,EFNA5
PMS2,PPP2CB,SNCA,DMTN
PMS2,XRCC3,TAP1,CYC1,XKR3
PMS2,RFC2,CHD1L,NT5E
PMS2,EXO1,YWHAZ,HDAC9,ITGAE
PMS2,NSF,STX6,ABCA6
PMS2,EXO1,YWHAQ,UACA,SELP
PMS2,PPP2CB,SRC,EFNA5
PMS2,CTR9,KRAS,STXBP3
PMS2,PCNA,PPP1CB,RYR2
PMS2,XRCC3,TMPO,NCK1
PMS2,MSH6,PRKCZ,PTPRZ1
PMS2,PPP2CB,SRC,EFNA5
PMS2,UBC,CHP1,SLC9A3
PMS2,PPP2CB,RALA,RALGPS1
PMS2,PPP2CB,PPP2R2D,GPC5
PMS2,UBC,NEDD4,LAPTM4B
PMS2,CTR9,KRAS,STXBP3
PMS2,XRCC3,TMPO,NCK1
PMS2,XRCC3,FKBP5,PI4KA
PMS2,CTR9,ACTBL2,GSN
PMS2,EXO1,CDK1,TSPYL2,SIGLEC7
PMS2,NSF,CANX,CNR2
PMS2,NSF,NRAS,PCDH18
PMS2,EXO1,YWHAG,RAC2
PMS2,CTR9,FZR1,RGS11
PMS2,XRCC3,HSPD1,PACSIN2
PMS2,CTR9,FZR1,RGS11
PMS2,CTR9,FZR1,RGS11
PMS2,CTR9,KRAS,STXBP3
PMS2,PPP2CB,SRC,EFNA5,PDE6C
PMS2,XRCC3,HSPD1,PACSIN2
PMS2,CTR9,PLEKHA4,MTERF4,S1PR2
PMS2,PPP2CB,SRC,EFNA5,GLRA3
PMS2,NSF,RHOG,CCR1
PMS2,CTR9,LARP7,EPB42
PMS2,NSF,RHOG,CCR1
PMS2,CTR9,FZR1,RGS11,RTN4RL2
PMS2,CTR9,FZR1,RGS11
PMS2,CTR9,KRAS,STXBP3
PMS2,UBC,SMC1A,GRM3
PMS2,CTR9,PLEKHA4,MTERF4,SLC38A6
PMS2,CTR9,POLR1E,RRP12
PMS2,EXO1,YWHAQ,UACA,KLRK1,RAET1L
PMS2,NSF,CANX,CNR2
PMS2,XRCC3,HSP90B1,KCNQ4
PMS2,EXO1,KPNA4,NOLC1,EFNB2
PMS2,CTR9,KRAS,STXBP3
PMS2,PPP2CA,TRAF3IP3
PMS2,MSH6,CHD8,CASR
PMS2,EXO1,YWHAQ,UACA,CLCA1
PMS2,UBC,SDCBP
PMS2,CTR9,UBE2A,FAM184B,PCDHGB5
PMS2,PCNA,RPS27A,ABCG2
PMS2,UBC,TOLLIP,IL1RL2
PMS2,CTR9,KRAS,STXBP3,SLC22A2
PMS2,CTR9,TACC2,KXD1,GFRA2
PMS2,NSF,AKT1,CYTH1
PMS2,EXO1,H2BC21,ZNF280C,SEMA4A
PMS2,EXO1,CDK2,KLF10,ADM,RAMP2
PMS2,PPP2CB,SRC,EFNA5
PMS2,EXO1,H4C6,ARID5B,BORCS5
PMS2,CTR9,KRAS,STXBP3,CCKBR
PMS2,PPP2CA,APP,APBA1
PMS2,CTR9,KRAS,STXBP3
PMS2,EXO1,H4C6,ARID5B,PIEZO1
PMS2,CTR9,KRAS,STXBP3
PMS2,UBC,NFKBIA
PMS2,PPP2CB,VCP,LRRC15
PMS2,CTR9,KRAS,STXBP3
PMS2,NSF,AKT1,CYTH1
PMS2,EXO1,H2AX,ZNF574,CD1B
PMS2,PPP2CB,VCP,LRRC15
PMS2,NSF,NRAS,PCDH18
PMS2,EXO1,YWHAG,RAC2,PXDNL
PMS2,CTR9,ACTBL2,GSN
PMS2,PPP2CB,EGFR,GABRA2
PMS2,UBC,ABL1,WNK2
PMS2,CTR9,LARP7,EPB42
PMS2,NSF,AKT1,CYTH1
PMS2,UBC,GRB2,TBC1D3G
PMS2,CTR9,KRAS,STXBP3
PMS2,PPP2CB,SRC,EFNA5
PMS2,PPP2CB,TRAF2,LRRN2,TNFSF4
PMS2,NSF,ATP6V0D1,ATP6AP2
PMS2,EXO1,KPNA4,NOLC1,OPN1LW
PMS2,XRCC3,HSPD1,PACSIN2
PMS2,EXO1,YWHAE,PFDN4,IFNGR2
PMS2,MSH6,PRKCZ,PTPRZ1
PMS2,PPP2CB,VCP,LRRC15
PMS2,CTR9,KRAS,STXBP3
PMS2,EXO1,YWHAQ,UACA,PLXNB3
PMS2,CTR9,KRAS,STXBP3,PCDHAC1
PMS2,EXO1,YWHAQ,UACA,DYSF
PMS2,UBC,AXIN1
PMS2,CTR9,ACTBL2,GSN
PMS2,EXO1,CDK1,TSPYL2,KCNJ2
PMS2,EXO1,YWHAZ,HDAC9,VIPR1,VIP,ADCYAP1R1
PMS2,CTR9,CSNK1G2,ACVR1B
PMS2,CTR9,KRAS,STXBP3
PMS2,CTR9,MYH14,SLITRK2
PMS2,CTR9,LARP7,EPB42
PMS2,XRCC3,HSP90B1,KCNQ4,TMEM219
PMS2,EXO1,UBE2I,PCGF2,CD8A,CD8B
PMS2,NSF,COPB2,ZDHHC3,C5AR2
PMS2,UBC,SMURF1
PMS2,CTR9,KRAS,STXBP3
PMS2,NSF,NRAS,PCDH18
PMS2,PPP2CB,SRC,EFNA5
PMS2,NSF,MAPT,APOE
PMS2,EXO1,YWHAZ,HDAC9,KCNC3
PMS2,EXO1,YWHAQ,UACA,MPO,APCDD1
PMS2,NSF,HRAS,PDE4D
PMS2,EXO1,YWHAQ,UACA,PCDHB2
PMS2,CTR9,KRAS,STXBP3,ASIC3
PMS2,UBC,ARRB2,APLNR
PMS2,EXO1,YWHAE,PFDN4,PCDHGA6
PMS2,UBC,SMC1A,GRM3
PMS2,CTR9,KRAS,STXBP3
PMS2,CTR9,POLR1E,RRP12
PMS2,PPP2CB,SNCA,DMTN
PMS2,UBC,ABL1,WNK2
PMS2,EXO1,YWHAQ,UACA,SERPINE1
PMS2,NSF,RHOC
PMS2,EXO1,UBE2I,PCGF2,ADCY4
PMS2,PPP2CB,EGFR,GABRA2
PMS2,CTR9,KRAS,STXBP3
PMS2,XRCC3,CCT3,WARS1,P2RY1
PMS2,PPP2CB,TTC33,PLPPR1
PMS2,EXO1,YWHAH,MTM1
PMS2,CTR9,KRAS,STXBP3
PMS2,CTR9,PLEKHA4,MTERF4,KCNK1
PMS2,NSF,PTPRK,PTPRU
PMS2,CTR9,KRAS,STXBP3
PMS2,EXO1,YWHAQ,UACA,TRPV1,SYT9
PMS2,PPP2CB,SRC,EFNA5
PMS2,CTR9,LARP7,EPB42
PMS2,NSF,VAMP5
PMS2,EXO1,UBE2I,PCGF2,ECE1
PMS2,XRCC3,TMPO,NCK1
PMS2,UBC,MAVS,TLR1
PMS2,NSF,CANX,CNR2
PMS2,CTR9,LARP7,EPB42
PMS2,CTR9,MYLIP,DAPP1
PMS2,CTR9,KRAS,STXBP3
PMS2,NSF,HRAS,PDE4D
PMS2,EXO1,KPNA4,NOLC1,SCHIP1
PMS2,NSF,RGS20,PGP,CACNA1I,CATSPER2
PMS2,XRCC3,TMPO,NCK1
PMS2,NSF,RHOJ
PMS2,CTR9,KRAS,STXBP3
PMS2,CTR9,KRAS,STXBP3
PMS2,EXO1,H4C6,ARID5B,ULBP3
PMS2,CTR9,LARP7,EPB42,CLCA2
PMS2,CTR9,LARP7,EPB42
PMS2,NSF,AKT1,CYTH1
PMS2,EXO1,YWHAG,RAC2
PMS2,NSF,AKT1,CYTH1
PMS2,PPP2CA,MAP2K1
PMS2,EXO1,KPNA4,NOLC1,PHLDB2
PMS2,NSF,PTPRK,PTPRU
PMS2,NSF,SNAP25,SYT3
PMS2,CTR9,KRAS,STXBP3
PMS2,XRCC3,TMPO,NCK1
PMS2,UBC,MYO6
PMS2,PCNA,PPP1CB,RYR2
PMS2,UBC,PSEN1,TMBIM6
PMS2,CTR9,KRAS,STXBP3
PMS2,XRCC3,HSPD1,PACSIN2
PMS2,CTR9,KRAS,STXBP3,OR3A1
PMS2,PPP2CA,PXN,PARVB
PMS2,PPP2CB,VCP,LRRC15
PMS2,CTR9,MYH14,SLITRK2
PMS2,UBC,EEF1A2,SLC13A5
PMS2,EXO1,H2BC21,ZNF280C,ABHD17B
PMS2,NSF,PLEKHA7,SOWAHB,ATRN
PMS2,NSF,AKT1,CYTH1
PMS2,PCNA,UBE2D3
PMS2,CTR9,KRAS,STXBP3
PMS2,PCNA,POLD3,MELTF
PMS2,UBC,WWP1,LDLRAD3
PMS2,PCNA,DHX15,AGGF1,PCDHGA10
PMS2,UBC,AP2M1
PMS2,CTR9,PLEKHA4,MTERF4,NTSR1
PMS2,CTR9,PAF1,ARL4C
PMS2,CTR9,POLR1E,RRP12
PMS2,UBC,ARRB2,APLNR
PMS2,CTR9,INF2,PFN2,EEPD1
PMS2,UBC,SGTA,CDH15
PMS2,UBC,EPN2
PMS2,CTR9,PLEKHA4,MTERF4,KCNK7
PMS2,CTR9,KRAS,STXBP3
PMS2,CTR9,KRAS,STXBP3,SLC17A2
PMS2,NSF,AKT1,CYTH1
PMS2,CTR9,CHD4,SALL3,CPNE1
PMS2,EXO1,YWHAH,MTM1
PMS2,PPP2CB,ANKLE2,IL17RB
PMS2,CTR9,KRAS,STXBP3
PMS2,CTR9,LARP7,EPB42
PMS2,CTR9,LARP7,EPB42
PMS2,CTR9,LARP7,EPB42
PMS2,UBC,SGTA,CDH15
PMS2,EXO1,CDK2,KLF10,SLC6A12
PMS2,UBC,GRB2,TBC1D3G
PMS2,NSF,PRKAB1,SLC9A5
PMS2,CTR9,KRAS,STXBP3
PMS2,XRCC3,TMPO,NCK1
PMS2,UBC,FBXO7,FGF10
PMS2,PPP2CA,APP,APBA1
PMS2,EXO1,CDK1,TSPYL2,ADGRA1
PMS2,PPP2CB,SNCA,DMTN,CNTN5
PMS2,UBC,AP2A1
PMS2,NSF,HRAS,PDE4D
PMS2,NSF,STX4
PMS2,NSF,SNAP25,SYT3
PMS2,XRCC3,TMPO,NCK1
PMS2,UBC,ABL1,WNK2
PMS2,CTR9,PLEKHA4,MTERF4,SLC26A11
PMS2,CTR9,KRAS,STXBP3,TSHR
PMS2,UBC,NEDD4L,PRRG2
PMS2,PPP2CB,SRC,EFNA5
PMS2,NSF,PTPRK,PTPRU
PMS2,CTR9,LARP7,EPB42
PMS2,UBC,CHP1,SLC9A3
PMS2,NSF,HRAS,PDE4D
PMS2,UBC,GSK3B,ACSBG1
PMS2,NSF,ATP6V0D1,ATP6AP2
PMS2,NSF,HRAS,PDE4D
PMS2,NSF,HRAS,PDE4D
PMS2,NSF,ROR2,GAA
PMS2,NSF,TGOLN2,GOLPH3
PMS2,PPP2CB,SRC,EFNA5
PMS2,EXO1,YWHAG,RAC2
PMS2,CTR9,UBE2A,FAM184B,PCDHB16,SLC39A11
PMS2,EXO1,YWHAQ,UACA,DNAL4
PMS2,CTR9,DNMT3A,PCDHA4
PMS2,NSF,HRAS,PDE4D
PMS2,EXO1,H2BC21,ZNF280C,NPC1
PMS2,NSF,TGOLN2,GOLPH3
PMS2,CTR9,NR2C2,PYCR3,SYNGR1
PMS2,PPP2CB,STK11,MUC5B
PMS2,CTR9,KRAS,STXBP3
PMS2,PPP2CB,EGFR,GABRA2
PMS2,NSF,TGOLN2,GOLPH3
PMS2,PPP2CB,SRC,EFNA5
PMS2,CTR9,KRAS,STXBP3
PMS2,UBC,TOLLIP,IL1RL2
PMS2,PPP2CB,SRC,EFNA5
PMS2,UBC,ARRB2,APLNR
PMS2,EXO1,YWHAQ,UACA,SLC13A1
PMS2,CTR9,KRAS,STXBP3
PMS2,PCNA,PPP1CB,RYR2
PMS2,NSF,HRAS,PDE4D,SLC6A20
PMS2,CTR9,KRAS,STXBP3
PMS2,UBC,LNX1,NOTCH2NLC,SLC43A2
PMS2,CTR9,ACTBL2,GSN
PMS2,CTR9,MYC,CECR2,SLC39A1
PMS2,NSF,ROR2
PMS2,CTR9,DNMT3B,PCDHGB4
PMS2,EXO1,KLC3,HTRA2,DXO
PMS2,NSF,PTPRK,PTPRU
PMS2,EXO1,CCNF,TRAFD1,SULF1
PMS2,CTR9,KRAS,STXBP3
PMS2,CTR9,KRAS,STXBP3,RIC8B
PMS2,CTR9,LARP7,EPB42
PMS2,EXO1,YWHAZ,HDAC9,ATP8B3
PMS2,EXO1,H4C6,ARID5B,C8A
PMS2,CTR9,KRAS,STXBP3
PMS2,PPP2CB,EGFR,GABRA2,SLC19A2
PMS2,CTR9,KRAS,STXBP3
PMS2,CTR9,KRAS,STXBP3
PMS2,PPP2CB,TGFBR2,MYADM
PMS2,NSF,SNAP23
PMS2,XRCC3,HSP90B1,KCNQ4
PMS2,NSF,NRAS,PCDH18
PMS2,XRCC3,HSP90B1,KCNQ4
PMS2,EXO1,YWHAQ,UACA,PLCD3
PMS2,UBC,FGFR1,FLRT1
PMS2,CTR9,PLEKHA4,MTERF4,HCRTR2
PMS2,UBC,AMFR,OR4N2
PMS2,UBC,ABL1,WNK2
PMS2,EXO1,UBE2I,PCGF2,MDGA1
PMS2,CTR9,EHMT2,ZNF223,CDH24
PMS2,CTR9,MYC,CECR2,ADAM32
PMS2,CTR9,LARP7,EPB42
PMS2,CTR9,SUPT16H,TXNDC2,WARS2
PMS2,UBC,SGTA,CDH15
PMS2,UBC,RNF216,TIRAP,TNFSF9
PMS2,CTR9,FZR1,RGS11
PMS2,UBC,ATP5F1A,ABCA2
PMS2,CTR9,KRAS,STXBP3
PMS2,CTR9,LARP7,EPB42
PMS2,CTR9,KRAS,STXBP3
PMS2,UBC,EEF1A2,SLC13A5
PMS2,EXO1,UBE2I,PCGF2,ABCA4,CNGB1
PMS2,PPP2CB,VCP,LRRC15
PMS2,NSF,LRRK2,TGM3,ADRB3
PMS2,EXO1,YWHAQ,UACA,CDH4
PMS2,CTR9,KRAS,STXBP3
PMS2,UBC,GRB2,TBC1D3G
PMS2,EXO1,UBE2I,PCGF2,TRPC7
PMS2,CTR9,BMX
PMS2,NSF,PTPRC,CD44
PMS2,NSF,STMN1,ATP6V1H
PMS2,CTR9,KRAS,STXBP3
PMS2,EXO1,YWHAQ,UACA,GAD2
PMS2,NSF,AKT1,CYTH1
PMS2,PPP2CB,KRT8,DMD
PMS2,CTR9,MYLIP,DAPP1
PMS2,NSF,MAPT,APOE
PMS2,CTR9,FZR1,RGS11
PMS2,CTR9,MYLIP,DAPP1
PMS2,PPP2CB,EGFR,GABRA2
PMS2,PPP2CB,AXIN2
PMS2,EXO1,H2AX,ZNF574,GABRQ
PMS2,NSF,AKT1,CYTH1
PMS2,UBC,RNF5,ERLIN2
PMS2,UBC,EEF1A2,SLC13A5
PMS2,CTR9,DNMT3B,PCDHGB4
PMS2,NSF,MAPT,APOE
PMS2,MSH3,SYVN1,FAM8A1,PTCH2
PMS2,NSF,MAPT,APOE
PMS2,CTR9,KRAS,STXBP3
PMS2,MSH6,PRKCZ,PTPRZ1
PMS2,UBC,RAC1,CDC42EP4
PMS2,UBC,PSEN1,TMBIM6
PMS2,NSF,PTPRK,PTPRU
PMS2,UBC,AP2M1,CTLA4
PMS2,CTR9,KRAS,STXBP3
PMS2,EXO1,YWHAZ,HDAC9,PDZD2
PMS2,CTR9,KRAS,STXBP3
PMS2,CTR9,KRAS,STXBP3
PMS2,NSF,VAMP2,PRKD3,GPM6B
PMS2,NSF,AKT1,CYTH1
PMS2,EXO1,YWHAZ,HDAC9,SLC27A1
PMS2,NSF,HRAS
PMS2,NSF,HRAS,PDE4D
PMS2,EXO1,H4C6,ARID5B,CHRNB3
PMS2,XRCC3,FKBP5,PI4KA
PMS2,CTR9,H2AC15,NOTCH2NLA,CHRNG
PMS2,UBC,GSK3B,ACSBG1
PMS2,UBC,GSK3B,ACSBG1
PMS2,CTR9,KRAS,STXBP3
PMS2,EXO1,YWHAG,RAC2,GRID2
PMS2,EXO1,DDB1,DET1,MUC17
PMS2,CTR9,KRAS,STXBP3
PMS2,NSF,TGOLN2,GOLPH3
PMS2,NSF,SNAP25,SYT3
PMS2,NSF,PTPRK,PTPRU
PMS2,UBC,EEF1A2,SLC13A5
PMS2,CTR9,KRAS,STXBP3
PMS2,CTR9,FZR1,RGS11
PMS2,CTR9,KRAS,STXBP3
PMS2,EXO1,YWHAZ,HDAC9,KCNQ2
PMS2,MSH6,MATR3,MYOF
PMS2,CTR9,KRAS,STXBP3,PCSK6
PMS2,PPP2CB,DDX39A,ZNF569,ABCA5
PMS2,UBC,ABL1,WNK2
PMS2,EXO1,YWHAE,PFDN4,BTN2A1
PMS2,NSF,RHOG,CCR1
PMS2,CTR9,KRAS,STXBP3
PMS2,CTR9,FZR1,RGS11
PMS2,NSF,AKT1,CYTH1
PMS2,CTR9,KRAS,STXBP3
PMS2,PPP2CB,NOTCH1,WNT2,TSLP,CRLF2
PMS2,NSF,RHOG,CCR1
PMS2,UBC,EEF2
PMS2,CTR9,EMC2,EMC3,KCNK16
PMS2,XRCC3,HSPD1,PACSIN2
PMS2,UBC,GSK3B,ACSBG1
PMS2,MSH6,POLE,NUBP1
PMS2,XRCC3,HSPD1,PACSIN2
PMS2,NSF,SCFD1
PMS2,XRCC3,FKBP5,PI4KA
PMS2,NSF,TGOLN2,GOLPH3
PMS2,PCNA,RPS27A,ABCG2
PMS2,UBC,ACTC1,NEXN
PMS2,NSF,WWOX,CATSPERE,TVP23B,YIPF1
PMS2,PPP2CB,SLMAP,GOLGA8G,CSPG5
PMS2,XRCC3,TMPO,NCK1
PMS2,UBC,CYLD
PMS2,CTR9,KRAS,STXBP3
PMS2,XRCC3,HSP90B1,KCNQ4
PMS2,NSF,RHOF
PMS2,EXO1,KPNA4,NOLC1,JAM3,JAM2
PMS2,EXO1,CCNF,TRAFD1,FCGR2B
PMS2,XRCC3,TMPO,NCK1
PMS2,PPP2CB,EGFR,GABRA2
PMS2,CTR9,KRAS,STXBP3
PMS2,EXO1,YWHAG,RAC2
PMS2,UBC,CALCOCO2,SPTBN2
PMS2,XRCC3,HSPD1,PACSIN2
PMS2,CTR9,KRAS,STXBP3
PMS2,EXO1,YWHAG,RAC2
PMS2,MSH2,DVL1,FZD7
PMS2,NSF,AKT1,CYTH1
PMS2,CTR9,SOX4,SCNN1G
PMS2,NSF,HRAS,PDE4D,SLC6A19
PMS2,PPP2CB,SRC
PMS2,XRCC3,SSX2IP,IPO8,PLEK
PMS2,CTR9,KRAS,STXBP3
PMS2,UBC,ARRB2,APLNR
PMS2,NSF,CCDC8,SLIT2,TSPAN7,LHFPL5
PMS2,PCNA,RPS27A,ABCG2
PMS2,XRCC3,HSPD1,PACSIN2
PMS2,CTR9,KRAS,STXBP3
PMS2,PPP2CB,SRC,EFNA5
PMS2,PPP2CB,SRC,EFNA5
PMS2,PCNA,POLD3,MELTF
PMS2,NSF,STX6,ABCA6
PMS2,CTR9,ACTBL2,GSN
PMS2,UBC,GSK3B,ACSBG1
PMS2,PPP2CB,SNCA,DMTN
PMS2,CTR9,LARP7,EPB42
PMS2,PCNA,PPP1CB,RYR2
PMS2,CTR9,KRAS,STXBP3
PMS2,CTR9,PLEKHA4,MTERF4,HTR5A
PMS2,PPP2CA,SYK,SIRPB1
PMS2,UBC,FGFR1,FLRT1
PMS2,MSH6,CHD8,CASR,BTN1A1
PMS2,CTR9,KRAS,STXBP3
PMS2,XRCC3,HSPD1,PACSIN2,ADGRB1
PMS2,XRCC3,HSP90B1,KCNQ4
PMS2,UBC,EEF1A2,SLC13A5
PMS2,CTR9,CHD1,PTK6
PMS2,PCNA,MYSM1,STING1
PMS2,PPP2CB,STK11,MUC5B
PMS2,CTR9,KRAS,STXBP3
PMS2,PCNA,POLD3,MELTF
PMS2,CTR9,KRAS,STXBP3
PMS2,UBC,SHARPIN,ITGA5
PMS2,EXO1,ATM,TELO2,CDH17
PMS2,EXO1,UBE2I,PCGF2,PRF1
PMS2,EXO1,UBE2I,PCGF2,PSG7
PMS2,PPP2CB,STK11,MUC5B
PMS2,NSF,HDAC2,ZFP1,HLA-DOA
PMS2,UBC,NEDD4L,PRRG2
PMS2,CTR9,KRAS,STXBP3
PMS2,XRCC3,TMPO,NCK1
PMS2,PPP2CB,SRC,EFNA5
PMS2,CTR9,PLEKHA4,MTERF4,SLC10A6
PMS2,PPP2CB,SRC,EFNA5
PMS2,NSF,CANX,CNR2
PMS2,EXO1,YWHAZ,HDAC9,CLEC5A
PMS2,EXO1,SLC46A1
PMS2,CTR9,PLEKHA4,MTERF4,GHSR
PMS2,CTR9,MYLIP
PMS2,NSF,RHOB,ARFIP1,WNT3
PMS2,PPP2CB,SRC,EFNA5
PMS2,NSF,RHOB,ARFIP1,ADRA1A
PMS2,EXO1,YWHAQ,UACA,KLRK1,RAET1L
PMS2,UBC,CHP1,SLC9A3
PMS2,UBC,SLC38A5
PMS2,PPP2CB,SRC,EFNA5
PMS2,NSF,AKT1,CYTH1
PMS2,XRCC3,FKBP5,PI4KA
PMS2,CTR9,KRAS,STXBP3
PMS2,NSF,LRRK2,TGM3,CNNM1
PMS2,PPP2CB,PPP2R2D,GPC5
PMS2,EXO1,YWHAQ,UACA,EPS8L1
PMS2,EXO1,ATM,TELO2,POMC,MC3R
PMS2,PPP2CA,PIR,ADK
PMS2,UBC,ARRB2,APLNR
PMS2,XRCC3,HSPD1,PACSIN2
PMS2,PPP2CB,LRFN4
PMS2,PPP2CB,SRC,EFNA5
PMS2,EXO1,UBE2I,PCGF2,DTNB
PMS2,NSF,BCOR,NFS1,JPH2
PMS2,NSF,CANX,CNR2
PMS2,NSF,MAPT,APOE
PMS2,XPA,BMPR1A
PMS2,UBC,PSEN1,TMBIM6
PMS2,EXO1,YWHAQ,UACA,RGS5
PMS2,NSF,NRAS,PCDH18
PMS2,XRCC3,HSP90B1,KCNQ4
PMS2,XRCC3,GCN1,CLN3
PMS2,PPP2CA,AMOTL2
PMS2,PPP2CA,SYK,SIRPB1
PMS2,PPP2CB,DECR2,TMPRSS5
PMS2,PPP2CB,SRC,EFNA5
PMS2,UBC,RAC1,CDC42EP4
PMS2,EXO1,YWHAQ,UACA,RGS18
PMS2,EXO1,CDK2,KLF10,SMPDL3B
PMS2,UBC,GRB2,TBC1D3G
PMS2,PPP2CB,IKBKB,NLRX1
PMS2,CTR9,KRAS,STXBP3
PMS2,PPP2CB,EGFR,GABRA2
PMS2,EXO1,YWHAG,RAC2
PMS2,CTR9,LARP7,EPB42
PMS2,PCNA,RFC4,CD58
PMS2,CTR9,KRAS,STXBP3
PMS2,UBC,AGO2,SLC7A9
PMS2,NSF,CANX,CNR2
PMS2,PPP2CB,PPP4C
PMS2,NSF,MAPT
PMS2,PPP2CB,EGFR,GABRA2
PMS2,UBC,ZAP70,CD3G
PMS2,EXO1,YWHAH,MTM1
PMS2,XRCC3,HSPD1,PACSIN2
PMS2,EXO1,YWHAQ,UACA,OXTR
PMS2,EXO1,YWHAG,RAC2
PMS2,CTR9,COIL,FXR2,CACNG7
PMS2,CTR9,MYH14,SLITRK2,TREML2
PMS2,PCNA,RPS27A,ABCG2
PMS2,NSF,CCDC8,SLIT2,TSPAN7
PMS2,EXO1,YWHAH,MTM1
PMS2,XRCC3,TMPO,NCK1,MYD88
PMS2,XRCC3,TMPO,NCK1
PMS2,UBC,WWP2,ARRDC4
PMS2,EXO1,CDK1,TSPYL2,SLC4A4
PMS2,CTR9,PLEKHA4,MTERF4,AOC1
PMS2,CTR9,KRAS,STXBP3
PMS2,UBC,GRB2,TBC1D3G
PMS2,CTR9,CHD3,KRT84,RAB19
PMS2,CTR9,KRAS,STXBP3
PMS2,CTR9,KRAS,STXBP3
PMS2,PCNA,PPP1CB,RYR2
PMS2,CTR9,KRAS,STXBP3
PMS2,CTR9,ZFP91,APC,PCDHGA4
PMS2,PCNA,MCM2,DCLK1
PMS2,XRCC3,HSPD1,PACSIN2
PMS2,EXO1,CDK2,KLF10,LRRC8B
PMS2,CTR9,FZR1,RGS11,EFNA2
PMS2,CTR9,KRAS,STXBP3
PMS2,UBC,SMURF2,LAPTM5
PMS2,CTR9,CDK7
PMS2,UBC,GNB2,RGS6
PMS2,UBC,BSG,SLC16A13
PMS2,PPP2CB,PKN3,PTGER3
PMS2,CTR9,LARP7,EPB42
PMS2,UBC,ABL1,WNK2
PMS2,CTR9,PLEKHA4,MTERF4,TRHR
PMS2,NSF,CANX,CNR2
PMS2,CTR9,KRAS,STXBP3
PMS2,PCNA,PPP1CB,RYR2
PMS2,UBC,ATP1A1
PMS2,PPP2CA,GRIN2A
PMS2,NSF,ATP6V0D1,ATP6AP2
PMS2,UBC,KDR,ANOS1
PMS2,XRCC3,HSP90AB1,NPHP4,AGTR2
PMS2,XRCC3,ATP2A2,S100A1,CYP2C8
PMS2,CTR9,KRAS,STXBP3
PMS2,EXO1,YWHAZ,HDAC9,EFR3B
PMS2,CTR9,COIL,FXR2,SLC2A9
PMS2,MSH6,WDR76,VCAN,ADAM21
PMS2,NSF,PTPRK,PTPRU
PMS2,PPP2CB,MDM2
PMS2,NSF,NRAS,PCDH18
PMS2,EXO1,CDK1,TSPYL2,LILRB3
PMS2,CTR9,PLEKHA4,MTERF4,FXYD6
PMS2,CTR9,CHD1,PTK6
PMS2,CTR9,ACTBL2,GSN
PMS2,XRCC3,HSP90B1,KCNQ4,NEU1
PMS2,NSF,AKT1,CYTH1
PMS2,UBC,CASP8,PLIN4
PMS2,MSH6,CHD8,CASR
PMS2,CTR9,CSNK1G2,ACVR1B
PMS2,EXO1,KPNA4,NOLC1,FSHR
PMS2,XRCC3,TMPO,NCK1
PMS2,MSH2,HLA-DPB1,HLA-DPA1
PMS2,NSF,RHOG,CCR1
PMS2,CTR9,LARP7,EPB42
PMS2,EXO1,YWHAZ,HDAC9,C4BPA
PMS2,NSF,STX12,ATP6V0A2,UGT8
PMS2,CTR9,LARP7,EPB42
PMS2,PCNA,RPS27A,ABCG2
PMS2,NSF,STX6,ABCA6,ABCA8
PMS2,NSF,CANX,CNR2
PMS2,EXO1,CDK2,KLF10,MUC2
PMS2,CTR9,KRAS,STXBP3,CD82
PMS2,PPP2CB,EGFR,GABRA2
PMS2,EXO1,H2AX,ZNF574,SLC17A7
PMS2,CTR9,H3C14,JAK2
PMS2,NSF,RHOQ
PMS2,UBC,TRAF6
PMS2,CTR9,UBE2A,FAM184B,PCDHB16
PMS2,UBC,PSMD14,MICALL2
PMS2,PPP2CB,TTC1,GNA15
PMS2,EXO1,H4C6,ARID5B,HTR3C
PMS2,UBC,BSG
PMS2,NSF,STMN1,ATP6V1H,DRP2
PMS2,UBC,ATP5F1A,ABCA2
PMS2,UBC,GRB2,TBC1D3G
PMS2,UBC,ARRB2,APLNR
PMS2,NSF,SNAP25,SYT3
PMS2,EXO1,YWHAZ,HDAC9,ARL4A
PMS2,PPP2CB,VCP,LRRC15
PMS2,PPP2CB,VCP,LRRC15
PMS2,UBC,ABL1,WNK2
PMS2,EXO1,YWHAQ,UACA,APOA1
PMS2,EXO1,YWHAQ,UACA,ALPP
PMS2,EXO1,H4C6,ARID5B,FGG
PMS2,CTR9,KRAS,STXBP3
PMS2,EXO1,YWHAQ,UACA,CYBB
PMS2,CTR9,PLEKHA4,MTERF4,RAB3GAP2
PMS2,NSF,HRAS,PDE4D
PMS2,CTR9,LARP7,EPB42
PMS2,CTR9,KRAS,STXBP3
PMS2,CTR9,KRAS,STXBP3
PMS2,PPP2CB,EGFR,GABRA2
PMS2,XRCC3,HSPD1,PACSIN2
PMS2,MSH6,YY1,ZNF232,GCA
PMS2,PPP2CB,EGFR,GABRA2
PMS2,MSH6,CHD8,CASR
PMS2,CTR9,LARP7,EPB42
PMS2,XRCC3,TMPO,NCK1
PMS2,NSF,AKT1,CYTH1
PMS2,PPP2CB,TGFBR2,MYADM
PMS2,UBC,GRB2,TBC1D3G
PMS2,EXO1,H4C6,ARID5B,CDAN1
PMS2,PPP2CA,APP,APBA1
PMS2,EXO1,YWHAZ,HDAC9,KCNN2
PMS2,UBC,ARRB2,APLNR
PMS2,UBC,EEF1A2,SLC13A5
PMS2,UBC,PODXL,SELL
PMS2,UBC,AMFR,OR4N2
PMS2,PPP2CB,DECR2,TMPRSS5
PMS2,EXO1,YWHAQ,UACA,PKD1
PMS2,NSF,STX12,ATP6V0A2
PMS2,CTR9,KRAS,STXBP3
PMS2,UBC,FBXO7,FGF10
PMS2,PPP2CB,SRC,EFNA5
PMS2,XRCC3,TMPO,NCK1
PMS2,CTR9,KRAS,STXBP3
PMS2,UBC,FASN,SLC34A3
PMS2,UBC,STAMBP
PMS2,NSF,TGOLN2,GOLPH3
PMS2,CTR9,LARP7,EPB42
PMS2,EXO1,H2AX,ZNF574,CD1E
PMS2,CTR9,KRAS,STXBP3
PMS2,CTR9,KRAS,STXBP3,STS
PMS2,CTR9,KRAS,STXBP3
PMS2,PPP2CB,TGFBR2,MYADM
PMS2,NSF,PTPRK,PTPRU
PMS2,NSF,MAPT,APOE
PMS2,NSF,PTPRK,PTPRU
PMS2,CTR9,PLEKHA4,MTERF4,WLS
PMS2,NSF,AKT1,CYTH1
PMS2,UBC,FLOT1
PMS2,EXO1,H4C6,ARID5B,NAIF1
PMS2,PPP2CB,ESR1,HOXC10,CRHR2
PMS2,PPP2CB,STK11,MUC5B
PMS2,XRCC3,RAD51C,IL12RB1
PMS2,CTR9,PLEKHA4,MTERF4,MC2R
PMS2,CTR9,RABL6,PDILT,TSPO2
PMS2,CTR9,LARP7,EPB42
PMS2,CTR9,KRAS,STXBP3
PMS2,NSF,HRAS,PDE4D
PMS2,NSF,MAPT,APOE
PMS2,CTR9,KRAS,STXBP3
PMS2,EXO1,YWHAG,RAC2
PMS2,PPP2CB,SRC,EFNA5
PMS2,XRCC3,HSPD1,PACSIN2,AMACR
PMS2,NSF,TGOLN2,GOLPH3
PMS2,PPP2CB,STK11,MUC5B
PMS2,NSF,RHOG,CCR1
PMS2,XRCC3,TMPO,NCK1
PMS2,EXO1,YWHAQ,UACA,TRIM16
PMS2,CTR9,KRAS,STXBP3,PLA2G4C
PMS2,CTR9,KRAS,STXBP3
PMS2,CTR9,KRAS,STXBP3,SLC8A1
PMS2,EXO1,CDK1,TSPYL2,EPS8L3
PMS2,CTR9,EP300,GATA4,SLC3A1
PMS2,PCNA,RPS27A,ABCG2
PMS2,UBC,COPE,SLC35A1
PMS2,PPP2CB,TGFBR2
PMS2,UBC,ARRB2,APLNR,LRP12,NMRK2
PMS2,CTR9,H3C1,CDIN1,FPGT,NLN
PMS2,UBC,MAP1LC3B,CLEC7A
PMS2,EXO1,YWHAE,PFDN4,SLC15A4
PMS2,EXO1,DDB1,DET1,NAA38,NAA35
PMS2,EXO1,YWHAZ,HDAC9,GABBR2
PMS2,PPP2CA,FNBP1
PMS2,PPP2CB,ANKLE2,IL17RB
PMS2,PPP2CA,PXN
PMS2,PPP2CA,SYK,SIRPB1
PMS2,PPP2CA,RDH8
PMS2,EXO1,YWHAZ,HDAC9,PCDHB14
PMS2,CTR9,CCNK,STX11
PMS2,UBC,GSK3B,ACSBG1
PMS2,CTR9,KRAS,STXBP3
PMS2,EXO1,H4C6,ARID5B,ENTPD2
PMS2,MSH6,CHD8,CASR
PMS2,PPP2CB,EGFR,GABRA2
PMS2,CTR9,KRAS,STXBP3,DUOX2
PMS2,NSF,VAMP3,SYT6
PMS2,XRCC3,TMPO,NCK1
PMS2,EXO1,YWHAZ,HDAC9,SLC26A3
PMS2,UBC,HSPA5,LOC102723407,SLC39A8
PMS2,XRCC3,TMPO,NCK1
PMS2,PPP2CB,SRC,EFNA5
PMS2,PPP2CB,TP53,ZNF763,FCMR
PMS2,NSF,AKT1,CYTH1
PMS2,EXO1,CDK2,KLF10,HTR3E
PMS2,UBC,ITCH,SNX18
PMS2,NSF,PTPRK,PTPRU
PMS2,NSF,ATP6V0D1,ATP6AP2
PMS2,NSF,NRAS,PCDH18
PMS2,EXO1,DDB1,DET1,SLC6A13
PMS2,MSH2,TRIP13,CFP,NCR1
PMS2,NSF,CANX,CNR2
PMS2,CTR9,PLEKHA4,MTERF4,MIGA1
PMS2,CTR9,KRAS,STXBP3
PMS2,NSF,CCDC8
PMS2,XRCC3,HSP90B1,KCNQ4
PMS2,XRCC3,TCP1,CAPN12,CD40LG
PMS2,EXO1,H2AX,ZNF574,KLRC2,GALNT13,TREM1
PMS2,CTR9,CSNK2A1,MFAP1,ZGPAT
PMS2,CTR9,LARP7,EPB42
PMS2,PPP2CB,AURKA,IFNLR1
PMS2,MSH2,EPHA2,ARHGEF5
PMS2,CTR9,KRAS,STXBP3
PMS2,CTR9,PLEKHA4,MTERF4,GPR52
PMS2,NSF,AKT1,CYTH1
PMS2,PPP2CB,AKT2,FAT3
PMS2,CTR9,ACTBL2,GSN
PMS2,PPP2CB,SRC,EFNA5
PMS2,NSF,RHOB,ARFIP1,CAPRIN2
PMS2,CTR9,KRAS,STXBP3
PMS2,UBC,CAV1
PMS2,UBC,PSMC4,BLTP2
PMS2,CTR9,PLEKHA4,MTERF4,CCR6
PMS2,CTR9,ACTBL2,GSN
PMS2,NSF,PTPRB,CNTN1
PMS2,NSF,WWOX,CATSPERE,TNFRSF11B
PMS2,CTR9,POLR1E,RRP12
PMS2,NSF,AKT1,CYTH1
PMS2,EXO1,YWHAE,PFDN4,KIRREL3
PMS2,CTR9,KRAS,STXBP3
PMS2,NSF,AKT1,CYTH1
PMS2,CTR9,KRAS,STXBP3
PMS2,NSF,TGOLN2,GOLPH3
PMS2,EXO1,YWHAH,MTM1
PMS2,EXO1,H2AX,ZNF574,HFE
PMS2,PPP2CB,MAPK1,MAP2K6,KCNIP2
PMS2,CTR9,DISC1,CRYAB,MARCKSL1
PMS2,XRCC3,FKBP5,PI4KA
PMS2,NSF,FER,FYB1
PMS2,CTR9,KRAS,STXBP3
PMS2,CTR9,LARP7,EPB42
PMS2,EXO1,YWHAZ,HDAC9,KCNQ5
PMS2,PCNA,RELA,COMMD10,IL6R
PMS2,MSH2,EPHA2,ARHGEF5
PMS2,UBC,MAVS,TLR1
PMS2,PPP2CB,EGFR,GABRA2,SLC16A2
PMS2,UBC,OPTN,KHNYN,NTRK3
PMS2,CTR9,KRAS,STXBP3
PMS2,PCNA,PPP1CB,RYR2
PMS2,NSF,HRAS,PDE4D
PMS2,CTR9,DISC1,CRYAB,SPINT2
PMS2,CTR9,KRAS,STXBP3
PMS2,NSF,TGOLN2,GOLPH3
PMS2,CTR9,KRAS,STXBP3
PMS2,CTR9,KRAS,STXBP3
PMS2,PCNA,PPP1CB,RYR2
PMS2,EXO1,YWHAQ,UACA,PLGRKT
PMS2,EXO1,YWHAQ,UACA,LILRB4
PMS2,CTR9,TACC2,KXD1,GFRA3
PMS2,CTR9,KRAS,STXBP3
PMS2,UBC,EEF1A2,SLC13A5
PMS2,PPP2CB,SRC,EFNA5
PMS2,XRCC3,TMPO,NCK1
PMS2,UBC,PSMD14,MICALL2
PMS2,EXO1,YWHAZ,HDAC9,MMP16
PMS2,UBC,RNF144A
PMS2,UBC,GSK3B,ACSBG1
PMS2,CTR9,KRAS,STXBP3
PMS2,CTR9,FOXK2,FOXE1,TUB
PMS2,CTR9,KRAS,STXBP3
PMS2,CTR9,AFF4,PBX2,GPC3
PMS2,EXO1,YWHAQ,UACA,RGS10
PMS2,EXO1,YWHAG,RAC2
PMS2,UBC,NEDD4L,PRRG2
PMS2,UBC,HERC2
PMS2,MLH1,PPP3CB
PMS2,XRCC3,HSPD1,PACSIN2
PMS2,EXO1,CCNF,TRAFD1,CDSN
PMS2,CTR9,KRAS,STXBP3
PMS2,CTR9,CHD1,PTK6,ARAP1
PMS2,CTR9,KRAS,STXBP3
PMS2,CTR9,LARP7,EPB42
PMS2,CTR9,H3C14,JAK2
PMS2,UBC,RPS3
PMS2,XRCC3,HSPD1,PACSIN2
PMS2,EXO1,CDK1,TSPYL2,TNFSF11
PMS2,CTR9,PLEKHA4,MTERF4,SLC31A2
PMS2,CTR9,KMT2A,HOXA5,TMEM63B
PMS2,PPP2CA,RACGAP1,SLC26A8
PMS2,NSF,TGOLN2,GOLPH3
PMS2,XRCC3,TMPO,NCK1
PMS2,CTR9,CHD4,SALL3,BTBD17
PMS2,MSH2,DVL1,FZD7
PMS2,CTR9,KRAS,STXBP3
PMS2,CTR9,EP300,GATA4,PLAUR
PMS2,CTR9,KRAS,STXBP3
PMS2,UBC,NEDD4L,PRRG2
PMS2,UBC,ARRB2,APLNR
PMS2,PPP2CB,SRC,EFNA5
PMS2,EXO1,SFN,CYP26C1,RAB29
PMS2,NSF,AKT1,CYTH1
PMS2,EXO1,UBE2I,PCGF2,CLCN3,CNGA4
PMS2,CTR9,KRAS,STXBP3
PMS2,PCNA,RNASEH2A,ICAM5
PMS2,CTR9,KRAS,STXBP3
PMS2,CTR9,ACTBL2,GSN
PMS2,UBC,RAC1,CDC42EP4
PMS2,EXO1,YWHAZ,HDAC9,MC4R
PMS2,NSF,PTPRK,PTPRU
PMS2,EXO1,H4C6,ARID5B,GJB2
PMS2,PPP2CA,COP1,PNPLA2
PMS2,CTR9,KRAS,STXBP3
PMS2,UBC,GSK3B,ACSBG1
PMS2,CTR9,KRAS,STXBP3
PMS2,PPP2CB,MYH10,EPB41
PMS2,CTR9,KRAS,STXBP3
PMS2,PPP2CB,SRC,EFNA5
PMS2,XRCC3,HSP90B1,KCNQ4,LRFN3
PMS2,UBC,EPN1
PMS2,UBC,FGFR1,FLRT1
PMS2,CTR9,KRAS,STXBP3
PMS2,NSF,CANX,CNR2
PMS2,UBC,CBL,CD33
PMS2,NSF,NTRK1
PMS2,CTR9,LARP7,EPB42
PMS2,PPP2CB,EGFR,GABRA2,LY86,CD180
PMS2,EXO1,YWHAG,RAC2
PMS2,NSF,AKT1,CYTH1
PMS2,NSF,HRAS,PDE4D
PMS2,CTR9,KRAS,STXBP3
PMS2,NSF,STX3,EXOC6
PMS2,EXO1,UBE2I,PCGF2,INPP5J
PMS2,CTR9,KRAS,STXBP3,ASIC2
PMS2,PCNA,PPP1CB,RYR2
PMS2,CTR9,KRAS,STXBP3
PMS2,CTR9,PLEKHA4,MTERF4,HAUS7
PMS2,CTR9,KRAS,STXBP3
PMS2,XRCC3,TMPO,NCK1
PMS2,PPP2CB,IKBKB,NLRX1
PMS2,NSF,TGOLN2,GOLPH3
PMS2,PPP2CB,SRC,EFNA5
PMS2,UBC,NEDD4L,PRRG2
PMS2,CTR9,KRAS,STXBP3
PMS2,XRCC3,TMPO,NCK1,KCNF1
PMS2,CTR9,KRAS,STXBP3
PMS2,CTR9,EP300,GATA4,GCG
PMS2,CTR9,KRAS,STXBP3
PMS2,NSF,PTPRC
PMS2,EXO1,H4C6,ARID5B,CFC1
PMS2,PCNA,RNASEH2A,ICAM5
PMS2,CTR9,KRAS,STXBP3
PMS2,NSF,AKT1,CYTH1
PMS2,EXO1,CDK1,TSPYL2,BTLA
PMS2,XRCC3,FKBP5,PI4KA
PMS2,PPP2CB,ANKLE2,IL17RB
PMS2,CTR9,KRAS,STXBP3
PMS2,PCNA,MCM2,DCLK1
PMS2,UBC,FGFR1,FLRT1
PMS2,CTR9,KRAS,STXBP3
PMS2,EXO1,UBE2I,PCGF2,ACKR3
PMS2,CTR9,FZR1,RGS11
PMS2,UBC,GSK3B,ACSBG1
PMS2,EXO1,YWHAZ,HDAC9,DUOX1,DUOXA1
PMS2,CTR9,LARP7,EPB42,PCDHB15
PMS2,XRCC3,TMPO,NCK1
PMS2,UBC,ANKRD13A
PMS2,CTR9,KRAS,STXBP3
PMS2,XRCC3,HSP90B1,KCNQ4
PMS2,NSF,AKT1,CYTH1
PMS2,CTR9,KRAS,STXBP3
PMS2,NSF,HRAS,PDE4D
PMS2,XRCC3,TMPO,NCK1
PMS2,NSF,HRAS,PDE4D
PMS2,CTR9,LARP7,EPB42
PMS2,UBC,SGTA,CDH15
PMS2,XRCC3,HSPD1,PACSIN2
PMS2,CTR9,KRAS,STXBP3
PMS2,CTR9,LARP7,EPB42
PMS2,CTR9,LARP7,EPB42
PMS2,CTR9,KRAS,STXBP3
PMS2,CTR9,H3C14,JAK2
PMS2,CTR9,KRAS,STXBP3
PMS2,UBC,PSMC5,BFSP2
PMS2,EXO1,YWHAG,RAC2,SMPD2
PMS2,UBC,UBQLN1,FGF7,CDHR3
PMS2,UBC,AMPH
PMS2,CTR9,KRAS,STXBP3,ERVMER34-1
PMS2,UBC,NEDD4,LAPTM4B
PMS2,CTR9,DISC1,CRYAB,SCN1B
PMS2,UBC,UCHL1,ADRA2B
PMS2,UBC,ZAP70
PMS2,CTR9,EFTUD2,MRRF,HYAL3
PMS2,EXO1,CDK2,KLF10,CTSF
PMS2,NSF,HRAS,PDE4D
PMS2,PPP2CB,IKBKB,NLRX1
PMS2,PCNA,RPS27A,ABCG2
PMS2,CTR9,CCNK,STX11
PMS2,NSF,MAPT,APOE,UNC5A
PMS2,PCNA,IGF1R
PMS2,PPP2CB,VCP,LRRC15
PMS2,UBC,NEDD4
PMS2,EXO1,H4C6,ARID5B,RASGEF1A
PMS2,UBC,TRIP12,CELSR3
PMS2,EXO1,ATM,TELO2,CLNS1A
PMS2,UBC,NEDD4L,PRRG2,SLC12A4
PMS2,CTR9,KRAS,STXBP3
PMS2,CTR9,KRAS,STXBP3
PMS2,EXO1,YWHAE,PFDN4,LPP
PMS2,CTR9,PLEKHA4,MTERF4,CBLIF,CUBN
PMS2,PCNA,ZBTB1,MUCL1
PMS2,UBC,UBR4,TRPV5
PMS2,UBC,TAPBP,TMEM106A
PMS2,NSF,AKT1,CYTH1,PLB1
PMS2,CTR9,KRAS,STXBP3
PMS2,CTR9,KRAS,STXBP3
PMS2,CTR9,KRAS,STXBP3
PMS2,NSF,NRAS,PCDH18
PMS2,PPP2CB,AURKA,IFNLR1
PMS2,NSF,TGOLN2,GOLPH3
PMS2,PPP2CB,CARD11
PMS2,CTR9,ACTBL2,GSN
PMS2,PPP2CA,MAP3K3,MYO1A
PMS2,NSF,HRAS,PDE4D
PMS2,EXO1,YWHAQ,UACA,PRG3
PMS2,EXO1,ATM,TELO2,APOLD1
PMS2,UBC,PTPN5,CLEC4G
PMS2,PPP2CB,SNCA,DMTN
PMS2,CTR9,KRAS,STXBP3
PMS2,CTR9,CCNK,STX11,SLC16A5
PMS2,MSH6,MRE11,CD6
PMS2,PCNA,RPS27A,ABCG2
PMS2,UBC,PSMC5,BFSP2
PMS2,NSF,ROR2,GAA
PMS2,UBC,NEDD4,LAPTM4B
PMS2,NSF,ATP6V0D1,ATP6AP2
PMS2,PPP2CB,TGFBR2,MYADM
PMS2,CTR9,LARP7,EPB42
PMS2,PPP2CB,PPP2R2D,GPC5
PMS2,CTR9,CSNK1G2,ACVR1B,PTP4A3
PMS2,PPP2CB,MYH10,EPB41
PMS2,RFC2,DAXX,CHMP3
PMS2,CTR9,CHD1,PTK6
PMS2,NSF,AKT1,CYTH1
PMS2,PPP2CB,SRC,EFNA5
PMS2,CTR9,PLEKHA4,MTERF4,NPY2R
PMS2,EXO1,YWHAQ,UACA,CLINT1
PMS2,CTR9,KRAS,STXBP3
PMS2,PPP2CB,EGFR,GABRA2
PMS2,CTR9,PLEKHA4,MTERF4,CYP2C19
PMS2,EXO1,YWHAB,VPS33B,SLC1A5
PMS2,PPP2CB,PRKCB
PMS2,XRCC3,HSPD1,PACSIN2
PMS2,EXO1,SFN,CYP26C1,SYT17
PMS2,EXO1,YWHAG,RAC2
PMS2,PCNA,PPP1CB,RYR2
PMS2,EXO1,DDB1,DET1,SMPD3
PMS2,CTR9,PLEKHA4,MTERF4,MRGPRD
PMS2,NSF,ROR2,GAA
PMS2,PPP2CB,TGFBR2,MYADM
PMS2,UBC,GRB2,TBC1D3G
PMS2,CTR9,KRAS,STXBP3
PMS2,NSF,VAMP8,SYPL1
PMS2,PPP2CB,SRC,EFNA5
PMS2,PPP2CB,AURKA,IFNLR1
PMS2,CTR9,KRAS,STXBP3
PMS2,PPP2CA,CDC42BPB
PMS2,MSH6,CHD8,CASR
PMS2,EXO1,YWHAG,RAC2
PMS2,NSF,HRAS,PDE4D
PMS2,CTR9,KRAS,STXBP3
PMS2,NSF,PRKAB1,SLC9A5
PMS2,EXO1,YWHAZ,HDAC9,UNC80
PMS2,CTR9,KRAS,STXBP3
PMS2,XRCC3,FKBP5,PI4KA
PMS2,PCNA,RPS27A,ABCG2
PMS2,CTR9,KRAS,STXBP3
PMS2,EXO1,YWHAZ,HDAC9,RXFP2
PMS2,CTR9,KRAS,STXBP3
