POLB,PCNA,RHOF,TIAM1
POLB,PCNA,RHOF,TIAM1
POLB,PCNA,HSCB,ZNF648,LRRC52
POLB,PCNA,RHOF,TIAM1,ITGA10
POLB,PCNA,RHOF,TIAM1,PHKA2
POLB,PCNA,RHOF,TIAM1,SIGLEC9
POLB,XRCC1,KLF6,NR0B2,ATP2B2
POLB,PCNA,P4HB,RIPK1,FPR2
POLB,PCNA,RHOF,TIAM1
POLB,PCNA,RHOF,TIAM1
POLB,H2BC8,CCDC25
POLB,PCNA,CDK5,STXBP1
POLB,PCNA,YBX1,RBMXL2,CDV3
POLB,XRCC1,PARP1,RPA4,RTN3
POLB,PCNA,RHOF,TIAM1,KCNC1
POLB,PCNA,RHOF,TIAM1,APOB
POLB,PCNA,UBA52,ZFYVE19,RIC8A
POLB,PCNA,RHOF,TIAM1,ORAI1
POLB,H2BC21,ZMYM3,MXD3,KLRF1
POLB,PCNA,DHX15,SF3B5,PCDHGB3
POLB,PCNA,RHOF,TIAM1
POLB,PCNA,POLD1,GINS4,MMP14
POLB,PCNA,PRDX3,ATP5F1B
POLB,PCNA,P4HB,RIPK1
POLB,PCNA,UBE2D3,BIRC7,CLCN5
POLB,PCNA,RHOF,TIAM1,SLC24A1
POLB,PCNA,RHOF,TIAM1
POLB,PCNA,RELA,ASB9,NALCN,CHRM3
POLB,XRCC1,PARP1,RPA4,EXOC8
POLB,PCNA,NEDD8,EMG1,DCXR
POLB,PCNA,IGF1R,ADAMTS4,KLB
POLB,XRCC1,PARP1,RPA4,PLEKHG5
POLB,PCNA,EP300,TGS1,FCER1G,CD300C
POLB,PCNA,HSCB,ZNF648,TMED1
POLB,PCNA,EP300,TGS1,FCER2
POLB,PCNA,RHOF,TIAM1,ITGA1
POLB,PCNA,RHOF,TIAM1,STK16
POLB,PCNA,CDK5,STXBP1
POLB,PCNA,RHOF,TIAM1
POLB,PCNA,RHOF,TIAM1
POLB,PCNA,RHOF,TIAM1,PALM2AKAP2
POLB,PCNA,RHOF,TIAM1,CD247
POLB,XRCC1,PARP1,RPA4,LIN7C
POLB,PCNA,P4HB,RIPK1
POLB,PCNA,RELA,ASB9,TESMIN,OR4X2
POLB,PCNA,EP300,TGS1,LRFN2
POLB,PCNA,P4HB,RIPK1
POLB,PCNA,UHRF2,ZNF410,CNNM2
POLB,XRCC1,PARP1,RPA4,BICD2
POLB,PCNA,RHOF,TIAM1,CNNM3
POLB,XRCC1,KLF10,TNS1,STX11
POLB,H2BC21,AKT1,TLR2
POLB,PCNA,PRDX3,ATP5F1B
POLB,PCNA,RPS20,EIF2S1,AQP7
POLB,PCNA,RHOF,TIAM1,PSCA
POLB,PCNA,UBC,TBC1D15,IL17RC
POLB,PCNA,PPP1CC,TOR1AIP1,ADGRL1
POLB,PCNA,RHOF,TIAM1,DPP4
POLB,PCNA,GOLGA1,DVL3,SYTL2
POLB,H2BC21,AKT1,TLR2,OR51E2
POLB,H2BC21,AKT1,TLR2
POLB,PCNA,P4HB,RIPK1,DRD1
POLB,PCNA,KPNA1,TPX2,NUBPL
POLB,LIG3,MDC1,CDH13
POLB,PCNA,KRAS,KPRP,WNT5B
POLB,PCNA,RELA,ASB9,VIPR1
POLB,PCNA,GOLGA1,DVL3,PTP4A2
POLB,PCNA,RHOF,TIAM1,SYT6
POLB,XRCC1,PARP1,RPA4,STRN3
POLB,PCNA,RHOF,TIAM1
POLB,PCNA,KIAA1522,NCK1,RASGRP4
POLB,PCNA,RHOF,TIAM1,NPHS1,NPHS2
POLB,PCNA,RELA,ASB9,CLDN20
POLB,PCNA,RHOF,TIAM1,OSBPL1A
POLB,H2BC8,CSNK2A2,BHLHE41,GRAMD2A
POLB,PCNA,RELA,ASB9,UNC13B,DOC2B
POLB,PCNA,EP300,TGS1,TNFRSF13B
POLB,H2BC21,IGSF3,TSPAN15
POLB,PCNA,RHOF,TIAM1,HTR3A
POLB,H2BC21,AKT1,TLR2
POLB,H2BC8,ZMYM2,C8A
POLB,H2BC8,CHD1L,NT5E
POLB,PCNA,RHOF,TIAM1,SSTR2
POLB,PCNA,RHOF,TIAM1,C3orf52,SLC23A2
POLB,PCNA,EP300,TGS1,SORL1
POLB,PCNA,PHB1
POLB,PCNA,RHOF,TIAM1,AOC3
POLB,XRCC1,KLF10,TNS1,LAPTM5
POLB,PCNA,KIAA1522,NCK1
POLB,PCNA,RHOF,TIAM1,PCDH10
POLB,PCNA,YWHAQ,KSR1,RGS8
POLB,PCNA,RHOF,TIAM1
POLB,PCNA,RHOF,TIAM1,NDC1
POLB,PCNA,RHOF,TIAM1,CLEC4C
POLB,PCNA,P4HB,RIPK1
POLB,PCNA,P4HB,RIPK1,GNA11
POLB,XRCC1,PARP1,RPA4,DGKQ
POLB,H2BC21,PKMYT1,INSRR
POLB,PCNA,RELA,ASB9,CD1C
POLB,PCNA,RHOF,TIAM1,KCNJ4
POLB,PCNA,GOLGA1,DVL3,ANXA4
POLB,XRCC1,PARP1,RPA4,RAB31
POLB,PCNA,RELA,ASB9,AQP8
POLB,PCNA,EZH2,CRY2,KLRK1,RAET1L
POLB,XRCC1,PARP1,RPA4,WDFY3
POLB,PCNA,CALR,TMX3
POLB,PCNA,RHOF,TIAM1,CLDN4
POLB,PCNA,RHOF,TIAM1
POLB,PCNA,UBE2D3,BIRC7,MYCBPAP
POLB,PCNA,KPNA1,TPX2,CLCN3,CNGA4
POLB,XRCC1,PARP1,RPA4,AQP6
POLB,PCNA,PRDX6,SPR,ATP10A
POLB,PCNA,CCND3,CDK16
POLB,PCNA,RELA,ASB9,PI4K2B
POLB,XRCC1,POLI,RIGI,AQP1,SLC39A2
POLB,PCNA,RELA,ASB9,ZAN
POLB,PCNA,MSH6,ANKRD17,GSC2,BEST3
POLB,XRCC1,PARP1,RPA4,RASGEF1B
POLB,PCNA,SUMO1,VHL
POLB,PCNA,RHOF,TIAM1
POLB,PCNA,P4HB,RIPK1,GNG13
POLB,PCNA,UBB,TNFRSF1A
POLB,PCNA,RHOF,TIAM1
POLB,PCNA,P4HB,RIPK1
POLB,PCNA,RHOF,TIAM1
POLB,PCNA,P4HB,RIPK1,SEPHS1
POLB,PCNA,CCND3,CDK16
POLB,XRCC1,PARP1,RPA4,ADI1
POLB,PCNA,UHRF2,ZNF410,DPP6
POLB,PCNA,P4HB,RIPK1
POLB,PCNA,P4HB,RIPK1,TCN2
POLB,PCNA,PRDX6,SPR,CLIC1
POLB,PCNA,IGF1R,ADAMTS4,OXER1
POLB,PCNA,RHOF,TIAM1
POLB,PCNA,P4HB,RIPK1,GNG10
POLB,PCNA,RHOF,TIAM1
POLB,PCNA,PRDX3,ATP5F1B,CLCA4
POLB,XRCC1,PARP1,RPA4,ABCC10
POLB,XRCC1,POLK,SBSN,PACSIN3
POLB,XRCC1,PARP1,RPA4,ARHGDIG
POLB,PCNA,RNASEH2A,ICAM5
POLB,PCNA,KRAS,KPRP,CNTNAP3
POLB,PCNA,PRDX3,ATP5F1B,BLVRB
POLB,PCNA,PRDX3,ATP5F1B
POLB,PCNA,MLH1,PPP3CB
POLB,PCNA,KPNA1,TPX2,ROBO4
POLB,XRCC1,POLI,RIGI,AIFM2
POLB,PCNA,CDK1,CKS2,CSMD3
POLB,XRCC1,PARP1,RPA4,PLIN4
POLB,LIG3,NR3C1,CLPTM1L,SLC39A14
POLB,LIG3,NR3C1,CLPTM1L,C9
POLB,PCNA,RHOF,TIAM1,SHH
POLB,PCNA,RHOF,TIAM1,PAG1
POLB,PCNA,WWOX,CATSPERE,SNX15
POLB,PCNA,EP300,TGS1,SCN8A
POLB,PCNA,RHOF,TIAM1,LPAR4
POLB,PCNA,RHOF,TIAM1,ADRA1B
POLB,XRCC1,PARP1,RPA4,LRRC8D
POLB,PCNA,P4HB,RIPK1,CALCRL,RAMP1
POLB,PCNA,PPP1CB,PAPOLA,FRMPD2
POLB,PCNA,P4HB,RIPK1
POLB,PCNA,RHOF,TIAM1,ZACN
POLB,PCNA,UBC,TBC1D15,COL23A1
POLB,PCNA,RHOF,TIAM1,PIGR
POLB,PCNA,CDK5,STXBP1
POLB,PCNA,PRDX6,SPR,RGS1
POLB,PCNA,EP300,TGS1,KLHL41
POLB,PCNA,RHOF,TIAM1,RAB18
POLB,PCNA,RHOF,TIAM1,RILPL1
POLB,H2BC8,HMG20A,PAWR
POLB,H2BC8,EIF4H,MCC
POLB,PCNA,PRDX6,SPR,KCNC4
POLB,XRCC1,PARP1,RPA4,AQP6,TSPO2
POLB,PCNA,RHOF,TIAM1,GABRA2
POLB,H2BC8,BRD3,LTBP1,GRID1
POLB,XRCC1,KLF6,NR0B2,CACNA1A
POLB,PCNA,RHOF,TIAM1,SLC22A18
POLB,PCNA,RHOF,TIAM1
POLB,XRCC1,PNKP,EIF4ENIF1,PI4KA,TTC7B
POLB,PCNA,RHOF,TIAM1
POLB,PCNA,POLD1,GINS4,NECTIN2
POLB,PCNA,RHOF,TIAM1
POLB,PCNA,RELA,ASB9,ATP8B2
POLB,PCNA,RHOF,TIAM1,VMP1
POLB,XRCC1,PARP1,RPA4,STXBP5
POLB,PCNA,H4C6,ZBTB20,KCNA10
POLB,PCNA,KCTD10,SH3KBP1,RAPSN
POLB,PCNA,P4HB,RIPK1,GHRHR
POLB,PCNA,RHOF,TIAM1,SHC4
POLB,PCNA,WWOX,CATSPERE,TVP23B,YIPF1
POLB,PCNA,P4HB,RIPK1
POLB,PCNA,RHOF,TIAM1,HTR2B
POLB,PCNA,EP300,TGS1,PARP14
POLB,H2BC21,H3-4,CAPN3
POLB,XRCC1,KLF6,NR0B2,CACNA1A,CACNB4
POLB,PCNA,P4HB,RIPK1
POLB,PCNA,UBB,TNFRSF1A
POLB,XRCC1,PARP1,RPA4,ABI3,BAIAP2L2
POLB,PCNA,KPNA1,TPX2,DSCAML1
POLB,H2BC21,AKT1,TLR2
POLB,PCNA,KRAS,KPRP,GYPC
POLB,PCNA,PRDX6,SPR,NHERF4
POLB,PCNA,PRDX3,ATP5F1B,C11orf24
POLB,XRCC1,KLF10,TNS1,CACNA1G
POLB,H2BC21,BCLAF1,CORO2A,SLC16A8
POLB,PCNA,ZBTB38,PPP2R2A,STK32A
POLB,PCNA,RHOF,TIAM1
POLB,H2BC21,H1-4,FBP2
POLB,H2BC8,H2BC9,TEX15,PCDHB12
POLB,PCNA,EP300,TGS1,MC1R
POLB,PCNA,ZBTB38,PPP2R2A,P2RX6
POLB,PCNA,RHOF,TIAM1,PRSS12
POLB,PCNA,RHOF,TIAM1
POLB,XRCC1,KLF10,TNS1,PACSIN1
POLB,PCNA,RHOF,TIAM1,CDH7
POLB,XRCC1,PARP1,RPA4,RTN3,NDRG4
POLB,PCNA,RHOF,TIAM1
POLB,PCNA,UBA52,ZFYVE19,KCNIP4
POLB,PCNA,ATRX,SKA3,MICB
POLB,PCNA,RHOF,TIAM1,CLDN2
POLB,PCNA,RHOF,TIAM1
POLB,PCNA,RHOF,TIAM1
POLB,PCNA,EP300,TGS1,SIRPB1
POLB,PCNA,IGF1R,ADAMTS4,OR6T1
POLB,XRCC1,KLF6,NR0B2,CD274,PDCD1,PDCD1LG2
POLB,PCNA,RHOF,TIAM1,SERPINB4
POLB,XRCC1,KLF6,NR0B2,CACNA1A,CACNB4
POLB,PCNA,RHOF,TIAM1,RGL1
POLB,PCNA,KRAS,KPRP,COL25A1
POLB,PCNA,EP300,TGS1,FCER1G,CD300C
POLB,PCNA,RHOF,TIAM1
POLB,PCNA,RHOF,TIAM1,SORBS1
POLB,PCNA,KPNA1,TPX2,HMOX2
POLB,PCNA,RHOF,TIAM1,KCNJ3
POLB,PCNA,TOP2A,NCAPH,CYBA
POLB,PCNA,RHOF,TIAM1
POLB,PCNA,WWOX,CATSPERE,LY96
POLB,XRCC1,PARP1,RPA4,TNFRSF10A
POLB,PCNA,DHX15,SF3B5,CHRNA5,LYPD1
POLB,XRCC1,PARP1,RPA4,LRP5
POLB,PCNA,RHOF,TIAM1,TMC5
POLB,PCNA,RHOF,TIAM1,OSBPL2
POLB,PCNA,PRDX3,ATP5F1B
POLB,H2BC8,PDS5A
POLB,PCNA,RHOF,TIAM1,ACVR1C
POLB,PCNA,RELA,ASB9,UNC13B
POLB,PCNA,KRAS,KPRP,SLC44A5
POLB,H2BC21,AKT1,TLR2
POLB,XRCC1,KLF10,TNS1,ARRDC4
POLB,PCNA,RHOF,TIAM1,RBSN
POLB,XRCC1,PARP1,RPA4,VAV1
POLB,XRCC1,PARP1,RPA4,SNX20
POLB,PCNA,RHOF,TIAM1,BOC,IHH
POLB,PCNA,EP300,TGS1,NRXN1
POLB,PCNA,PRDX6,SPR,BLTP1
POLB,H2BC8,SMARCA5,FGFR3
POLB,PCNA,RHOF,TIAM1,CD36
POLB,PCNA,KRAS,KPRP,SLC22A16
POLB,PCNA,RHOF,TIAM1,SNTG2
POLB,XRCC1,KLF10,TNS1,PI4K2A
POLB,XRCC1,PNKP,EIF4ENIF1,PI4KA
POLB,PCNA,RHOF,TIAM1,EFNA1
POLB,XRCC1,KLF6,NR0B2,GUCY2F
POLB,PCNA,RELA,ASB9,TNFRSF21
POLB,PCNA,KPNA1,TPX2,GPSM3
POLB,PCNA,RHOF,TIAM1,PTPRT
POLB,PCNA,RELA,ASB9,PIP5KL1
POLB,H2BC21,CASQ2,EPB41L4B
POLB,PCNA,ZBTB38,PPP2R2A,CLDN12
POLB,PCNA,ZBTB38,PPP2R2A,ADAP1
POLB,H2BC8,SRCAP,PTPN3
POLB,H2BC21,AKT1,TLR2
POLB,PCNA,P4HB,RIPK1,GPR139
POLB,PCNA,EP300,TGS1,SLC9A5
POLB,PCNA,P4HB,RIPK1,CNR1
POLB,PCNA,KIAA1522,NCK1,RTKN2
POLB,H2BC8,ZNF629,RGS3
POLB,PCNA,RHOF,TIAM1,CD44
POLB,PCNA,RELA,ASB9,LTA
POLB,PCNA,UBB,TNFRSF1A,CACNA2D2
POLB,PCNA,RHOF,TIAM1
POLB,XRCC1,PNKP,EIF4ENIF1,PI4KA,TTC7B
POLB,H2BC21,UBQLN1
POLB,PCNA,H4C6,ZBTB20,ADGRE5
POLB,PCNA,RHOF,TIAM1,MUC6
POLB,PCNA,H4C6,ZBTB20,ANO8
POLB,PCNA,RHOF,TIAM1,ICOS
POLB,PCNA,ZBTB38,PPP2R2A,CATSPERG
POLB,PCNA,P4HB,RIPK1
POLB,H2BC21,ING4,JADE1
POLB,PCNA,DHX15,SF3B5,PCDHGA9
POLB,XRCC1,PARP1,RPA4,TLR3
POLB,PCNA,PPP1CB,PAPOLA,LRRC45
POLB,PCNA,SUMO1,VHL
POLB,XRCC1,PARP1,RPA4,WASHC2C
POLB,PCNA,SUMO1,VHL
POLB,XRCC1,PARP1,RPA4,WNT5A
POLB,PCNA,RHOF,TIAM1
POLB,PCNA,CDK5,STXBP1
POLB,PCNA,PRDX3,ATP5F1B,COL4A5,SLC10A4
POLB,PCNA,PRDX3
POLB,PCNA,EP300,TGS1,FZD2
POLB,XRCC1,KLF6,NR0B2,LIM2
POLB,PCNA,USP4,YWHAH
POLB,PCNA,RHOF,TIAM1
POLB,H2BC8,ARID4A,KLF9
POLB,H2BC21,AKT1,TLR2
POLB,PCNA,RHOF,TIAM1,RGS9
POLB,PCNA,RHOF,TIAM1,ENPP6
POLB,XRCC1,PARP1,RPA4,COL13A1
POLB,PCNA,UBE2D3,BIRC7,GRIN3B
POLB,PCNA,YBX1,RBMXL2,HAS1
POLB,PCNA,RHOF,TIAM1
POLB,PCNA,RELA,ASB9,IL2RG
POLB,PCNA,P4HB,RIPK1,ADGRD1
POLB,PCNA,RHOF,TIAM1
POLB,PCNA,RHOF,TIAM1
POLB,PCNA,RHOF,TIAM1,IL3RA
POLB,PCNA,KIAA1522,NCK1
POLB,PCNA,RHOF,TIAM1,GNG5
POLB,PCNA,P4HB,RIPK1
POLB,PCNA,RHOF,TIAM1,ATP6AP1
POLB,PCNA,RHOF,TIAM1
POLB,PCNA,FEN1,DNA2,SWAP70
POLB,PCNA,RHOF,TIAM1
POLB,PCNA,RHOF,TIAM1,AGTR1
POLB,PCNA,RHOF,TIAM1
POLB,PCNA,RHOF,TIAM1,EFNA4
POLB,H2BC8,ACTB,DCTN5,CLDN6
POLB,PCNA,DHX15,SF3B5,PCDHGC5
POLB,PCNA,UBE2D3,BIRC7,NLRP6
POLB,PCNA,PRDX6,SPR,ITGAM
POLB,PCNA,PRDX6,SPR,PKP1
POLB,PCNA,RHOF,TIAM1,SLC4A1
POLB,PCNA,CALR,TMX3
POLB,PCNA,RHOF,TIAM1,MUC1
POLB,H2BC8,HELLS,FURIN
POLB,XRCC1,PARP1,RPA4,ITPR2
POLB,PCNA,CDK5,STXBP1
POLB,PCNA,RHOF,TIAM1
POLB,PCNA,PRDX3,ATP5F1B
POLB,H2BC8,HELLS,FURIN
POLB,H2BC8,ACTB,DCTN5,KNTC1
POLB,PCNA,UBB,TNFRSF1A
POLB,H2BC21,AKT1,TLR2
POLB,PCNA,RHOF,TIAM1
POLB,PCNA,PRDX6,SPR,ADRA2A
POLB,PCNA,KPNA1,TPX2,PTGIR
POLB,PCNA,PRDX3,ATP5F1B,PCDHA11
POLB,PCNA,WWOX,CATSPERE,IL1RL1
POLB,PCNA,P4HB,RIPK1
POLB,PCNA,RHOF,TIAM1,ADAMTS13,CELSR1
POLB,PCNA,PRDX6,SPR,GAREM1
POLB,H2BC8,CHD8,CASR
POLB,PCNA,EZH2,CRY2,NTNG2
POLB,PCNA,EP300,TGS1,CD8A
POLB,PCNA,EP300,TGS1,MEP1B
POLB,XRCC1,PARP1,RPA4,NMT2
POLB,H2BC8,BRCA1
POLB,PCNA,KIAA1522,NCK1,LRRC3
POLB,PCNA,CDK5,STXBP1
POLB,PCNA,UBB,TNFRSF1A
POLB,PCNA,RHOF,TIAM1,NBEA
POLB,PCNA,RHOF,TIAM1,ADGRA2
POLB,H2BC21,ATP2B3,ENTPD7,ADAM2
POLB,PCNA,RHOF,TIAM1
POLB,PCNA,P4HB,RIPK1,S1PR5
POLB,PCNA,ZBTB38,PPP2R2A,RTN4R,OMG
POLB,PCNA,RHOF,TIAM1,WLS,WNT7B
POLB,XRCC1,PARP1,RPA4,PARD6A
POLB,PCNA,RHOF,TIAM1,IGSF8
POLB,PCNA,P4HB,RIPK1
POLB,PCNA,RHOF,TIAM1,OR2AG1
POLB,XRCC1,PARP1,RPA4,PDE4A
POLB,H2BC8,HEATR1,SPN
POLB,PCNA,RHOF,TIAM1,GABRA3
POLB,H2BC8,HEATR1,SPN
POLB,PCNA,UBE2D3,BIRC7,FGF10
POLB,PCNA,RHOF,TIAM1,FLT4
POLB,PCNA,P4HB,RIPK1
POLB,PCNA,CALR,TMX3
POLB,LIG3,NR3C1,CLPTM1L,CACNB1
POLB,PCNA,RHOF,TIAM1
POLB,PCNA,RHOF,TIAM1,RAPGEF3
POLB,PCNA,RHOF,TIAM1
POLB,PCNA,RHOF,TIAM1
POLB,PCNA,RHOF,TIAM1,SLAMF6
POLB,PCNA,POLD1,GINS4,FCER1A
POLB,PCNA,UBE2D3,BIRC7,SLC7A7
POLB,PCNA,KIAA1522,NCK1
POLB,H2BC21,AKT1,TLR2
POLB,PCNA,PRDX6,SPR,ADRA2B
POLB,H2BC21,AKT1,TLR2
POLB,XRCC1,PARP1,RPA4,CNKSR1
POLB,H2BC8,CIZ1
POLB,PCNA,RHOF,TIAM1,TMEM30B
POLB,PCNA,RHOF,TIAM1,CD300LB,TYROBP,TREM1
POLB,PCNA,PRDX3,ATP5F1B
POLB,PCNA,UBE2D3,BIRC7,PSD,GLRA2
POLB,H2BC8,ZMYM2,C8A
POLB,PCNA,RHOF,TIAM1,ATIC
POLB,PCNA,POLD1,GINS4,SLC2A10
POLB,PCNA,RHOF,TIAM1,CDH6
POLB,PCNA,CALR,TMX3
POLB,PCNA,RHOF,TIAM1,NCAM2
POLB,PCNA,PRDX6,SPR,SUCLG2
POLB,H2BC8,ZNF687,INTS6,UNC79
POLB,PCNA,RHOF,TIAM1
POLB,PCNA,P4HB,RIPK1,HTR1E
POLB,PCNA,P4HB,RIPK1
POLB,PCNA,RHOF,TIAM1,IL1R1
POLB,PCNA,RHOF,TIAM1,FRS2
POLB,PCNA,UHRF2,ZNF410,CPNE6
POLB,PCNA,RHOF,TIAM1
POLB,PCNA,RHOF,TIAM1
POLB,PCNA,SUMO1,VHL
POLB,PCNA,POLD1,GINS4,ARAF,SLC9A3R2,OR52B2
POLB,XRCC1,PARP1,RPA4,CTNND2
POLB,PCNA,UBB,TNFRSF1A
POLB,PCNA,YBX1
POLB,XRCC1,PARP1,RPA4,ANXA8
POLB,PCNA,P4HB,RIPK1,GCGR
POLB,H2BC8,MPHOSPH8
POLB,PCNA,P4HB,RIPK1
POLB,H2BC21,AKT1,TLR2
POLB,H2BC21,AHNAK,CERS2,SLC22A1
POLB,PCNA,EP300,TGS1,NRXN1,SYT13
POLB,PCNA,PRDX6,SPR,GUCA1B
POLB,XRCC1,PARP1,RPA4,CYB5A,SLC38A6
POLB,PCNA,RHOF,TIAM1,MAG
POLB,PCNA,RHOF,TIAM1,NDUFC2
POLB,PCNA,RHOF,TIAM1,F2RL2
POLB,PCNA,UBB,TNFRSF1A
POLB,PCNA,POLD1,GINS4,PTPRA
POLB,PCNA,MSH2,MGMT,PRRT2
POLB,PCNA,CALR,TMX3,APBA3
POLB,PCNA,RHOF,TIAM1,CYSLTR2
POLB,H2BC21,LARP7,EPB42
POLB,PCNA,RHOF,TIAM1
POLB,PCNA,KIAA1522,NCK1
POLB,PCNA,KRAS,KPRP,GRIK5
POLB,H2BC8,PPIL2
POLB,H2BC21,LARP7,EPB42
POLB,PCNA,PRDX6,SPR,FZD5
POLB,PCNA,RHOF,TIAM1
POLB,PCNA,RHOF,TIAM1
POLB,PCNA,UBB,TNFRSF1A,CHRNA4
POLB,PCNA,IGF1R,ADAMTS4,CNST
POLB,PCNA,RHOF,TIAM1,INPP5B
POLB,PCNA,RHOF,TIAM1,CD84
POLB,PCNA,EP300,TGS1,CD68
POLB,H2BC8,CHD4,MAGEA3,SIRPG
POLB,PCNA,CDK2,TTK,CHRNA1
POLB,PCNA,LIG1
POLB,PCNA,CDK4,PRKAA1,C4BPB
POLB,PCNA,RHOF,TIAM1,WNK2
POLB,PCNA,RHOF,TIAM1
POLB,PCNA,RHOF,TIAM1
POLB,PCNA,RHOF,TIAM1,SEMA7A
POLB,H2BC21,H1-4,FBP2
POLB,PCNA,EZH2,CRY2,C1QTNF5
POLB,PCNA,UBB,TNFRSF1A
POLB,XRCC1,PARP1,RPA4,ARHGEF1
POLB,H2BC21,AKT1,TLR2
POLB,PCNA,KIAA1522,NCK1
POLB,H2BC8,HEATR1,SPN
POLB,PCNA,EP300,TGS1,SLC27A6
POLB,PCNA,KIAA1522,NCK1,PLCH2
POLB,PCNA,EZH2,CRY2,PCSK9
POLB,PCNA,RHOF,TIAM1
POLB,PCNA,RHOF,TIAM1,SORBS2
POLB,PCNA,KRAS,KPRP,CBLB
POLB,PCNA,PPIA,TAGLN2,CD28
POLB,PCNA,RHOF,TIAM1,ABCA6
POLB,PCNA,CHTF18,PSG11
POLB,XRCC1,PARP1,RPA4,ITGB8
POLB,PCNA,EZH2,CRY2,RAB40A
POLB,PCNA,EZH2,CRY2,DGKD
POLB,PCNA,UBB,TNFRSF1A
POLB,PCNA,PRDX3,ATP5F1B
POLB,PCNA,PRDX6,SPR,ITGAD
POLB,XRCC1,PARP1,RPA4,SCN5A
POLB,XRCC1,KLF10,TNS1,OPRM1
POLB,H2BC8,FOXM1,YTHDC1
POLB,XRCC1,PARP1,RPA4,HIF3A
POLB,PCNA,RHOF,TIAM1,RAB35
POLB,PCNA,KRAS,KPRP,ADAM18
POLB,PCNA,KPNA1,TPX2,FCHSD2
POLB,PCNA,ATM,TTI2,RAPGEF4
POLB,PCNA,RHOF,TIAM1,SDK2
POLB,PCNA,P4HB,RIPK1
POLB,PCNA,P4HB,RIPK1,GALR2
POLB,PCNA,KRAS,KPRP,GRIK5,GRIK3
POLB,XRCC1,PARP1,RPA4,ENPP7
POLB,PCNA,POLD1,GINS4,DDR2
POLB,PCNA,RHOF,TIAM1
POLB,H2BC21,CDK14,GDE1
POLB,XRCC1,PARP1,RPA4,PTPRE
POLB,PCNA,EP300,TGS1,C4A
POLB,PCNA,KRAS,KPRP,CYTH4
POLB,PCNA,RHOF,TIAM1,BMP2,RGMA
POLB,PCNA,RHOF,TIAM1,STRA6
POLB,H2BC8,HELLS,FURIN
POLB,PCNA,CHTF18,PSG11
POLB,XRCC1,PARP1,RPA4,ENDOD1,DPEP1
POLB,PCNA,POLD3,MELTF,ENTPD6
POLB,H2BC21,ZNF638,JPH4
POLB,PCNA,RHOF,TIAM1,VAMP7
POLB,PCNA,RHOF,TIAM1,CHRNB4
POLB,PCNA,PPP1CB,PAPOLA,ADH1C
POLB,H2BC8,ACTB,DCTN5,VPS35L
POLB,PCNA,RHOF,TIAM1
POLB,PCNA,RHOF,TIAM1,NOTCH2NLC,KCNS2
POLB,PCNA,PRDX6,SPR,TNFRSF25
POLB,PCNA,RHOF,TIAM1,CDH18
POLB,XRCC1,KLF6,NR0B2,SYT1
POLB,PCNA,RELA,ASB9,CACNA1E
POLB,XRCC1,POLI,RIGI,NOTCH4
POLB,PCNA,CDK4,PRKAA1,CPEB3
POLB,H2BC8,MAZ,DCC
POLB,PCNA,UBB,TNFRSF1A
POLB,PCNA,MSH6,ANKRD17,TLR8
POLB,H2BC21,LARP7,EPB42
POLB,PCNA,PPP1CB,PAPOLA,HAS3
POLB,PCNA,RHOF,TIAM1,LNPEP
POLB,H2BC21,AKT1,TLR2,LSP1
POLB,H2BC21,TMEM192,GNS,MBLAC2
POLB,PCNA,KPNA1,TPX2,MAP1B
POLB,H2BC8,TAF5L,ALOX15B
POLB,PCNA,RHOF,TIAM1
POLB,H2BC21,MYC,ELL,KIR3DL2
POLB,XRCC1,KLF10,TNS1,MPL
POLB,XRCC1,KLF6,NR0B2,DIP2A
POLB,PCNA,RHOF,TIAM1
POLB,PCNA,RHOF,TIAM1,PCDHAC2
POLB,PCNA,P4HB,RIPK1
POLB,PCNA,RHOF,TIAM1,CHRNE
POLB,XRCC1,PARP1,RPA4,NUCB2
POLB,XRCC1,POLI,RIGI,CHRDL1
POLB,PCNA,HOOK3,DCTN1,SLC9C1
POLB,H2BC8,ZNF629,RGS3
POLB,H2BC8,CHD1L,NT5E
POLB,PCNA,RHOF,TIAM1
POLB,PCNA,P4HB,RIPK1,TACR1
POLB,PCNA,CCND3,CDK16,CCNYL1
POLB,PCNA,SUMO1
POLB,PCNA,RHOF,TIAM1,PSG1
POLB,H2BC8,ZNF629,RGS3,HAS2
POLB,XRCC1,POLI,RIGI,MMP2
POLB,PCNA,CDK5
POLB,PCNA,P4HB,RIPK1,GABRA1
POLB,XRCC1,PARP1,RPA4,BFAR
POLB,PCNA,UBB,TNFRSF1A
POLB,PCNA,RHOF,TIAM1,CARMIL1
POLB,PCNA,PRDX6,SPR,TSHZ3
POLB,XRCC1,PARP2,DISC1,SHROOM2
POLB,PCNA,RHOF,TIAM1,TSPAN12
POLB,H2BC21,PKMYT1,INSRR
POLB,PCNA,RHOF,TIAM1
POLB,PCNA,RHOF,TIAM1
POLB,XRCC1,PARP1,RPA4,RTN3,NDRG4
POLB,PCNA,UBB,TNFRSF1A
POLB,PCNA,IGF1R,ADAMTS4,GNAL
POLB,PCNA,RHOF,TIAM1,EPB41L2
POLB,PCNA,POLD1,GINS4,ISLR2
POLB,PCNA,RHOF,TIAM1
POLB,PCNA,PRDX3,ATP5F1B
POLB,PCNA,EP300,TGS1,C5AR1,CR1
POLB,PCNA,UBB
POLB,PCNA,HOOK3,DCTN1,SLC15A2
POLB,PCNA,KIAA1522,NCK1,SLITRK6
POLB,PCNA,ZBTB38,PPP2R2A,ATP8B1
POLB,PCNA,RHOF,TIAM1
POLB,PCNA,P4HB,RIPK1,CALCRL
POLB,PCNA,EP300,TGS1,CD27,CD70
POLB,PCNA,UBA52,ZFYVE19,MVB12B
POLB,PCNA,RHOF,TIAM1,APH1A
POLB,PCNA,EP300,TGS1,ANXA13
POLB,PCNA,P4HB,RIPK1
POLB,PCNA,P4HB,RIPK1
POLB,PCNA,YWHAQ,KSR1,RHBDL1
POLB,PCNA,GOLGA1,DVL3,GPR85
POLB,PCNA,P4HB,RIPK1
POLB,PCNA,RHOF,TIAM1
POLB,PCNA,RHOF,TIAM1,SYTL4
POLB,PCNA,RHOF,TIAM1
POLB,PCNA,P4HB,RIPK1,BDKRB1
POLB,PCNA,RHOF,TIAM1,FCN1
POLB,PCNA,KPNA1,TPX2,FEM1C,OR51B2
POLB,PCNA,RHOF,TIAM1,ARHGEF5
POLB,PCNA,H4C6,ZBTB20,DGAT1
POLB,PCNA,RELA,ASB9,KCNH1
POLB,PCNA,MSH2,MGMT,HLA-DPA1
POLB,PCNA,RHOF,TIAM1,PPFIBP1
POLB,PCNA,P4HB,RIPK1
POLB,PCNA,RELA,ASB9,OLFM4
POLB,PCNA,RHOF,TIAM1,SYNGAP1
POLB,PCNA,RHOF,TIAM1,CEACAM1
POLB,PCNA,RHOF,TIAM1,HSPG2
POLB,PCNA,KRAS,KPRP,CACNA2D1
POLB,H2BC21,UBQLN1,FGF7,ULBP1
POLB,H2BC21,RIF1,CLN3
POLB,PCNA,RHOF,TIAM1,PKD2L1,PKD1L3
POLB,PCNA,PRDX6,SPR,EFHD2,OR2K2
POLB,PCNA,IGF1R,ADAMTS4,ATP23
POLB,PCNA,RHOF,TIAM1,SEMA4G
POLB,PCNA,RHOF,TIAM1,REPS1
POLB,PCNA,RHOF,TIAM1
POLB,PCNA,UBC,TBC1D15,DENND3,RAB12
POLB,PCNA,KIAA1522,NCK1
POLB,PCNA,RHOF,TIAM1,PRICKLE3
POLB,PCNA,UBB,TNFRSF1A
POLB,XRCC1,KLF6,NR0B2,LAPTM4B
POLB,PCNA,PRDX6,SPR,STAB2
POLB,PCNA,RHOF,TIAM1
POLB,PCNA,RHOF,TIAM1
POLB,PCNA,ZBTB38,PPP2R2A,PRCP
POLB,PCNA,CDK5,STXBP1
POLB,XRCC1,KLF6,NR0B2,NEXN
POLB,PCNA,RHOF,TIAM1,CAV2
POLB,PCNA,RELA,ASB9,SCTR
POLB,PCNA,PRDX6,SPR,KCNV1
POLB,PCNA,RHOF,TIAM1
POLB,XRCC1,PARP1,RPA4,LIMD1
POLB,XRCC1,KLF10,TNS1,DFFA
POLB,XRCC1,KLF10,TNS1,TBXA2R
POLB,PCNA,UBC,TBC1D15,SLC7A10
POLB,PCNA,CALR,TMX3,CLEC4G
POLB,H2BC21,CASQ2,EPB41L4B
POLB,PCNA,P4HB,RIPK1,NMUR1
POLB,PCNA,RELA,ASB9,KCNN4
POLB,PCNA,RHOF,TIAM1
POLB,PCNA,UBA52,ZFYVE19,BTN2A2
POLB,PCNA,P4HB,RIPK1,ADGRF1
POLB,PCNA,RHOF,TIAM1
POLB,H2BC21,CDK14,GDE1
POLB,PCNA,RHOF,TIAM1,PHKA1
POLB,PCNA,P4HB,RIPK1,P2RX5
POLB,PCNA,RHOF,TIAM1,BTC
POLB,PCNA,ZBTB38,PPP2R2A,ABTB1
POLB,PCNA,RHOF,TIAM1
POLB,PCNA,RHOF,TIAM1
POLB,PCNA,RHOF,TIAM1,NCR3LG1,CD200R1,CD200
POLB,H2BC8,CSNK2A2,BHLHE41,CATSPER1,CACNA1I
POLB,PCNA,KIAA1522,NCK1,DGKE
POLB,XRCC1,PARP1,RPA4,CYB5A,SLC38A6
POLB,PCNA,RHOF,TIAM1
POLB,XRCC1,KLF6,NR0B2,NUP35
POLB,PCNA,RHOF,TIAM1
POLB,PCNA,RHOF,TIAM1
POLB,XRCC1,PARP1,RPA4,CDH16,SLC39A6
POLB,PCNA,P4HB,RIPK1,NPY4R2
POLB,PCNA,RHOF,TIAM1,RAPGEF1
POLB,PCNA,RHOF,TIAM1,CAMK1G
POLB,PCNA,UBE2D3,BIRC7,PDE9A
POLB,PCNA,RHOF,TIAM1,ITGA6
POLB,PCNA,RHOF,TIAM1
POLB,PCNA,CCND3,CDK16
POLB,H2BC21,IGSF3,TSPAN15
POLB,PCNA,EP300,TGS1,PAQR9
POLB,H2BC8,BRD4,UBLCP1,KCNAB3
POLB,PCNA,RELA,ASB9,ADORA2A,ADORA2B
POLB,PCNA,RHOF,TIAM1,ORAI3
POLB,PCNA,ZBTB38,PPP2R2A,SLC8A3
POLB,PCNA,EP300,TGS1,TNFRSF17
POLB,PCNA,RHOF,TIAM1,CSPG4
POLB,XRCC1,KLF10,TNS1,ITGA2
POLB,PCNA,P4HB,RIPK1
POLB,PCNA,TOP2A,NCAPH,RGS7
POLB,PCNA,RHOF,TIAM1,ITGA9
POLB,H2BC8,YWHAB,PPEF1,SLC17A8
POLB,PCNA,P4HB,RIPK1
POLB,PCNA,RHOF,TIAM1,KCNH2
POLB,PCNA,UBB,TNFRSF1A
POLB,XRCC1,PARP1,RPA4,APBB1IP
POLB,XRCC1,KLF6,NR0B2,SLC12A5
POLB,PCNA,KPNA1,TPX2,SSTR5
POLB,H2BC8,ACTB,DCTN5,PAQR8
POLB,PCNA,RHOF,TIAM1
POLB,PCNA,RHOF,TIAM1
POLB,H2BC21,LARP7,EPB42
POLB,PCNA,KRAS,KPRP,PIK3R5
POLB,PCNA,RHOF,TIAM1,CDH12
POLB,XRCC1,POLK,SBSN,TNFRSF18,TNFSF18
POLB,PCNA,RHOF,TIAM1,THY1
POLB,PCNA,KIAA1522,NCK1,TBC1D24
POLB,PCNA,RHOF,TIAM1
POLB,PCNA,RHOF,TIAM1,CACNB2
POLB,XRCC1,PARP1,RPA4,PCDHGB2
POLB,PCNA,RHOF,TIAM1,EDNRB
POLB,PCNA,ZBTB38,PPP2R2A,EPHB1
POLB,PCNA,EZH2,CRY2,ABCA12
POLB,XRCC1,POLK,SBSN,MRC1
POLB,PCNA,UBB,TNFRSF1A,KCNIP1
POLB,XRCC1,PARP1,RPA4,ARHGAP45
POLB,XRCC1,PARP1,RPA4,PIEZO2
POLB,PCNA,PRDX6,SPR,BMF
POLB,PCNA,RELA,ASB9,CD1A
POLB,PCNA,RHOF,TIAM1,ADCY5
POLB,PCNA,EP300,TGS1,CLDN5
POLB,XRCC1,KLF10,TNS1,RERG
POLB,PCNA,P4HB,RIPK1,NPY1R
POLB,H2BC8,HEATR1,SPN
POLB,PCNA,CALR,TMX3
POLB,PCNA,ZBTB38,PPP2R2A,FCHO1
POLB,PCNA,RHOF,TIAM1,SYNJ2
POLB,PCNA,RHOF,TIAM1,NTM
POLB,PCNA,RHOF,TIAM1,FRMD7
POLB,PCNA,RHOF,TIAM1,LGR5
POLB,PCNA,EZH2,CRY2,NPPA,NPR3
POLB,H2BC8,HELLS,FURIN
POLB,PCNA,RHOF,TIAM1,SERPINB12
POLB,PCNA,EP300,TGS1,PTGER4
POLB,PCNA,WWOX,CATSPERE,ZDHHC22
POLB,PCNA,P4HB,RIPK1,S1PR3
POLB,PCNA,RHOF,TIAM1
POLB,XRCC1,PARP1,RPA4,ARHGAP35
POLB,PCNA,EP300,TGS1,ABCG1
POLB,PCNA,RHOF,TIAM1
POLB,PCNA,GOLGA1,DVL3,DTNBP1
POLB,PCNA,UBB,TNFRSF1A
POLB,PCNA,RHOF,TIAM1,CACNA1C
POLB,PCNA,RHOF,TIAM1,JAM3
POLB,PCNA,RHOF,TIAM1
POLB,PCNA,H4C6,ZBTB20,OR14J1
POLB,PCNA,RHOF,TIAM1
POLB,PCNA,CDK5,STXBP1
POLB,PCNA,UBB,TNFRSF1A,NRXN2
POLB,XRCC1,PARP1,RPA4,KCNA3
POLB,PCNA,UHRF2,ZNF410,SKAP1
POLB,PCNA,RHOF,TIAM1,SLC31A1
POLB,PCNA,H3C12,TPR,ADAM15
POLB,PCNA,KIAA1522,NCK1
POLB,PCNA,UBC,TBC1D15,LRP10
POLB,PCNA,RHOF,TIAM1,NCR3LG1,CD200R1
POLB,PCNA,RHOF,TIAM1
POLB,H2BC8,ZNF768,SLC16A6
POLB,PCNA,RHOF,TIAM1
POLB,PCNA,ZBTB38,PPP2R2A,RTN4RL1
POLB,XRCC1,KLF10,TNS1,TGFBR3
POLB,PCNA,CDK5,STXBP1
POLB,PCNA,CREBBP,GMEB2,KL
POLB,H2BC8,TAF5L,ALOX15B
POLB,PCNA,RHOF,TIAM1
POLB,H2BC8,SMARCA5,FGFR3
POLB,PCNA,RHOF,TIAM1,RGS20
POLB,PCNA,UBE2D3,BIRC7,C2CD5
POLB,PCNA,EP300,TGS1,SLC4A2
POLB,PCNA,CCND3,CDK16
POLB,PCNA,RHOF,TIAM1,SYPL1
POLB,H2BC8,DIDO1,IFI6
POLB,PCNA,USP4,YWHAH
POLB,PCNA,UHRF1,PRKAR1A,GPR161
POLB,PCNA,RHOF,TIAM1,CALM2
POLB,PCNA,IGF1R,ADAMTS4,CD300LF
POLB,H2BC8,BRD2,RAB2B
POLB,PCNA,UBE2D3,BIRC7,CHMP7
POLB,PCNA,RELA,ASB9,LRP1B
POLB,PCNA,PRDX6,SPR,ACSL5
POLB,PCNA,UBA52
POLB,PCNA,KIAA1522,NCK1,OR2T10
POLB,XRCC1,PARP1,RPA4,IRAG2
POLB,PCNA,RHOF,TIAM1
POLB,PCNA,RHOF,TIAM1
POLB,PCNA,UBB,TNFRSF1A
POLB,PCNA,IGF1R,ADAMTS4,BTNL8
POLB,PCNA,RHOF,TIAM1
POLB,PCNA,RHOF,TIAM1,SLC30A2
POLB,PCNA,IGF1R,ADAMTS4,PLEKHH2
POLB,PCNA,PRDX3,ATP5F1B
POLB,PCNA,P4HB,RIPK1
POLB,PCNA,CDK1,CKS2,PSG6
POLB,PCNA,H2AZ2,FH,TLCD3A
POLB,H2BC21,AKT1,TLR2
POLB,PCNA,SUMO1,VHL
POLB,PCNA,KRAS,KPRP,NTN4
POLB,PCNA,RHOF,TIAM1,GOLGA7B
POLB,PCNA,RHOF,TIAM1
POLB,PCNA,RHOF,TIAM1,TIRAP
POLB,PCNA,PRDX3,ATP5F1B,GPRC5C
POLB,PCNA,RHOF,TIAM1
POLB,XRCC1,PARP1,RPA4,FZD6,TMPRSS12
POLB,PCNA,CALR,TMX3
POLB,PCNA,RHOF,TIAM1,CLEC4A
POLB,XRCC1,KLF10,TNS1,CDH8
POLB,XRCC1,PARP1,RPA4,INPP5E
POLB,XRCC1,KLF10,TNS1,ADAM10
POLB,PCNA,RHOF,TIAM1
POLB,XRCC1,KLF10,TNS1,SH3GL2,ADAM9
POLB,PCNA,EP300,TGS1,FCER1G,CD300C
POLB,PCNA,RHOF,TIAM1
POLB,XRCC1,POLK,SBSN,SLC22A8
POLB,PCNA,DHX15,SF3B5,SYT4
POLB,H2BC21,H3-4,CAPN3
POLB,H2BC8,ZNF629,RGS3
POLB,PCNA,RHOF,TIAM1
POLB,PCNA,EP300,TGS1,CXCR2
POLB,PCNA,RHOF,TIAM1,SLC12A6
POLB,PCNA,P4HB,RIPK1,GABRA1,GABRG3
POLB,PCNA,CALR,TMX3
POLB,PCNA,PMS2,PPP2CA
POLB,H2BC8,KAT5,DUSP23,ZNF804A
POLB,PCNA,RHOF,TIAM1,CXCL12,CCR10
POLB,H2BC21,IGSF3,TSPAN15
POLB,PCNA,PRDX6,SPR,ITGB1BP1
POLB,PCNA,RHOF,TIAM1,LIMS2
POLB,PCNA,RHOF,TIAM1
POLB,PCNA,POLD1,GINS4,RASD1
POLB,PCNA,P4HB,RIPK1
POLB,PCNA,UBB,TNFRSF1A
POLB,PCNA,IGF1R,ADAMTS4,GNA15
POLB,PCNA,RHOF,TIAM1,TNFSF13B
POLB,XRCC1,POLK,SBSN,TMPRSS5
POLB,PCNA,RHOF,TIAM1,SLC1A1,SLC1A4
POLB,H2BC21,LARP7,EPB42
POLB,H2BC21,ZNF644,ATP9A
POLB,PCNA,RHOF,TIAM1
POLB,PCNA,RHOF,TIAM1
POLB,PCNA,RHOF,TIAM1
POLB,PCNA,RHOF,TIAM1,ADRA1D
POLB,PCNA,H3C12,TPR,HLA-DRA
POLB,PCNA,RHOF,TIAM1,ACP3
POLB,H2BC21,ZNF644,ATP9A
POLB,XRCC1,PARP1,RPA4,GNB4,FZD10
POLB,PCNA,YWHAQ,KSR1,GPR152
POLB,PCNA,RHOF,TIAM1,ARHGAP17
POLB,PCNA,RELA,ASB9,KIR3DL1
POLB,H2BC21,LARP7,EPB42
POLB,PCNA,RHOF,TIAM1,ENTHD1
POLB,H2BC21,ATP2B3
POLB,PCNA,RHOF,TIAM1,MOG
POLB,PCNA,GOLGA1,DVL3,PRKD3
POLB,PCNA,RHOF,TIAM1
POLB,PCNA,IGF1R,ADAMTS4,GJC1
POLB,PCNA,RAD23A,SPANXN3,NLGN4X
POLB,PCNA,KPNA1,TPX2,ADRB1
POLB,XRCC1,POLK,SBSN,SIGLEC12
POLB,PCNA,RHOF,TIAM1,XPO6
POLB,PCNA,KPNA1,TPX2,CLCN3
POLB,PCNA,RHOF,TIAM1,SNTB2
POLB,H2BC21,CGAS
POLB,PCNA,KRAS,KPRP,PRPH2,ROM1
POLB,PCNA,P4HB,RIPK1
POLB,PCNA,EP300,TGS1,DRD4
POLB,PCNA,UBA52,ZFYVE19,VPS37B
POLB,XRCC1,PARP1,RPA4,SYT7
POLB,PCNA,CALR,TMX3
POLB,PCNA,RHOF,TIAM1
POLB,PCNA,RHOF,TIAM1
POLB,H2BC8,HELLS,FURIN
POLB,PCNA,MSH6,ANKRD17,BCHE
POLB,PCNA,CHTF18,PSG11
POLB,PCNA,SUMO1,VHL
POLB,PCNA,EXO1
POLB,PCNA,RHOF,TIAM1
POLB,PCNA,RELA,ASB9,CX3CR1
POLB,H2BC8,HELLS,FURIN
POLB,PCNA,RHOF,TIAM1
POLB,PCNA,H3C12,TPR,TMBIM6
POLB,XRCC1,POLK,SBSN,SIGLEC10
POLB,PCNA,RHOF,TIAM1
POLB,PCNA,RHOF,TIAM1
POLB,PCNA,RHOF,TIAM1,AGTR1,AGTRAP
POLB,H2BC21,AKT1,TLR2
POLB,PCNA,RHOF,TIAM1
POLB,H2BC21,AKT1,TLR2
POLB,PCNA,RHOF,TIAM1,TMEM179B
POLB,H2BC8,ZNF629,RGS3
POLB,LIG3,MDC1,CDH13
POLB,H2BC21,AKT1,TLR2
POLB,H2BC8,RCC2
POLB,PCNA,RHOF,TIAM1,TMEM30A
POLB,PCNA,KRAS,KPRP,SPINT1
POLB,PCNA,RHOF,TIAM1
POLB,PCNA,XPA,GTF2H1,CD59
POLB,PCNA,RHOF,TIAM1,GNAT3
POLB,H2BC8,ZNF687,INTS6,NALF1
POLB,H2BC8,DHX16,EHD2
POLB,H2BC21,AKT1,TLR2
POLB,PCNA,RHOF,TIAM1,WNT1
POLB,XRCC1,PARP1,RPA4,PCP2
POLB,PCNA,RHOF,TIAM1,SPPL2B
POLB,H2BC21,AKT1,TLR2
POLB,PCNA,FEN1,DNA2,HEPHL1
POLB,PCNA,RHOF,TIAM1,TMPRSS11B
POLB,PCNA,PRDX3,ATP5F1B
POLB,PCNA,UBB,TNFRSF1A
POLB,PCNA,GOLGA1,DVL3,REM2
POLB,H2BC21,AKT1,TLR2
POLB,PCNA,RHOF,TIAM1,NEGR1
POLB,PCNA,KIAA1522,NCK1
POLB,PCNA,PRDX3,ATP5F1B
POLB,PCNA,KPNA1,TPX2,KCNQ1
POLB,PCNA,ZBTB1,PALLD
POLB,PCNA,RHOF,TIAM1,CNTN2
POLB,PCNA,RHOF,TIAM1,UNC5D
POLB,H2BC8,YWHAB,PPEF1,CALN1
POLB,XRCC1,PARP1,RPA4,RAB24
POLB,PCNA,KIAA1522,NCK1,SIGLEC6
POLB,H2BC21,AKT1,TLR2
POLB,PCNA,RHOF,TIAM1,TMPRSS11A
POLB,PCNA,KIAA1522,NCK1,PCDH18
POLB,PCNA,H3C12,TPR,TULP1
POLB,PCNA,RHOF,TIAM1,CYTH2
POLB,PCNA,RELA,ASB9,TTLL12
POLB,PCNA,PRDX3,ATP5F1B
POLB,H2BC8,ZNF768,SLC16A6
POLB,PCNA,RHOF,TIAM1,PCDHB3
POLB,H2BC8,CHD1L
POLB,PCNA,ATM,TTI2,RAPGEF5
POLB,PCNA,PMS2,PPP2CA,NUBP2,GGT7
POLB,PCNA,PRDX6,SPR,KLK10,SERPINB10
POLB,XRCC1,PARP1,RPA4,VAV2
POLB,PCNA,UBE2I,CAMK2D,SLC39A12
POLB,PCNA,RHOF,TIAM1,CD300LB,TYROBP
POLB,H2BC21,ZNF644,ATP9A
POLB,XRCC1,PARP1,RPA4,RABAC1
POLB,PCNA,RHOF,TIAM1
POLB,PCNA,YWHAQ,KSR1,SYT3
POLB,XRCC1,KLF10,TNS1,SLC20A1
POLB,PCNA,WWOX,CATSPERE,GBP1
POLB,PCNA,PRDX6,SPR,GLO1
POLB,PCNA,IGF1R,ADAMTS4,GFRAL
POLB,PCNA,IGF1R,ADAMTS4,CDH19
POLB,PCNA,RHOF,TIAM1,PKD2L1
POLB,PCNA,POLD1,GINS4,CD63
POLB,PCNA,EP300,TGS1,TNFRSF13C
POLB,PCNA,UBB,TNFRSF1A
POLB,PCNA,RHOF,TIAM1
POLB,PCNA,UBB,TNFRSF1A
POLB,PCNA,PRDX6,SPR,AQP9
POLB,XRCC1,PARP1,RPA4,SYT11
POLB,PCNA,RHOF,TIAM1
POLB,PCNA,RHOF,TIAM1,RAB28
POLB,H2BC21,AKT1,TLR2
POLB,PCNA,FBH1,SKP1,IL22RA1
POLB,PCNA,RHOF,TIAM1,SCN2B
POLB,PCNA,KPNA1,TPX2,CXCR3
POLB,H2BC8,ZMYM2,C8A,CELSR2
POLB,PCNA,DHX15,SF3B5,NOSTRIN
POLB,XRCC1,PARP1,RPA4,RGS14
POLB,PCNA,RHOF,TIAM1,CD79B
POLB,XRCC1,POLI,RIGI,ANKRD27
POLB,XRCC1,PARP1,RPA4,ARHGAP10
POLB,PCNA,H3C12,TPR,CAPNS1
POLB,PCNA,RFC3,RPP40,IFITM1
POLB,PCNA,RHOF,TIAM1
POLB,H2BC8,SDCBP,TEKT1,GRM4
POLB,PCNA,RHOF,TIAM1,KLRC4,CLPTM1
POLB,PCNA,P4HB,RIPK1
POLB,XRCC1,KLF10,TNS1,KIT
POLB,PCNA,UBB,TNFRSF1A
POLB,PCNA,KRAS,KPRP,EFNA3
POLB,H2BC8,HELLS,FURIN
POLB,PCNA,RHOF,TIAM1,PARVG
POLB,PCNA,KIAA1522,NCK1,ACE2,SLC6A19
POLB,XRCC1,KLF6,NR0B2,CD274
POLB,PCNA,CCND3,CDK16
POLB,PCNA,IGF1R,ADAMTS4,PCDHB5
POLB,PCNA,RELA,ASB9,RNF34
POLB,PCNA,RHOF,TIAM1,EFNA5
POLB,PCNA,UBB,TNFRSF1A
POLB,H2BC21,LARP7,EPB42
POLB,PCNA,MLH1,PPP3CB
POLB,H2BC8,HMG20A,PAWR
POLB,PCNA,RHOF,TIAM1,VAMP1
POLB,PCNA,RHOF,TIAM1
POLB,XRCC1,PARP1,RPA4,SCNN1G
POLB,PCNA,RHOF,TIAM1
POLB,PCNA,RHOF,TIAM1,KCNJ6
POLB,PCNA,RHOF,TIAM1
POLB,PCNA,ZBTB38,PPP2R2A,KCNAB1
POLB,PCNA,EZH2,CRY2,KCNA6
POLB,PCNA,RHOF,TIAM1,ATP1B2
POLB,PCNA,UBC,TBC1D15,LRP3
POLB,H2BC21,IGSF3,TSPAN15
POLB,PCNA,POLD1,GINS4,SLC22A3
POLB,PCNA,RHOF,TIAM1,EGF
POLB,PCNA,RHOF,TIAM1,MAP3K12
POLB,PCNA,RHOF,TIAM1,TLR10
POLB,PCNA,PRDX6,SPR,CCN2
POLB,PCNA,RHOF,TIAM1,SLC22A15
POLB,PCNA,PRDX3,ATP5F1B
POLB,PCNA,CDK1,CKS2,KITLG
POLB,H2BC8,ZMYM2,C8A
POLB,PCNA,RHOF,TIAM1,CHRND
POLB,PCNA,PRDX6,SPR,KLK10,SERPINB10
POLB,H2BC21,LARP7,EPB42
POLB,PCNA,RHOF,TIAM1
POLB,H2BC8,ACTB,DCTN5,PIP4P1
POLB,PCNA,RHOF,TIAM1
POLB,PCNA,EZH2,CRY2,TFR2
POLB,PCNA,P4HB,RIPK1,GNG11
POLB,PCNA,UBA52,ZFYVE19,SLC22A23
POLB,PCNA,RHOF,TIAM1,EPB41
POLB,PCNA,RHOF,TIAM1,LAT
POLB,PCNA,POLE
POLB,PCNA,P4HB,RIPK1
POLB,H2BC21,H3-4,CAPN3
POLB,PCNA,RHOF,TIAM1,CDH10
POLB,PCNA,KIAA1522,NCK1,PCDH19
POLB,PCNA,EZH2,CRY2,NLGN1
POLB,PCNA,H3C12,TPR,ATP8A2
POLB,PCNA,KPNA1,TPX2,CLCN3,CNGA4
POLB,PCNA,ATM,TTI2,DGLUCY,GPR45
POLB,PCNA,KIAA1522,NCK1,ACE2,SLC6A19
POLB,PCNA,KPNA1,TPX2,GAP43
POLB,PCNA,P4HB,RIPK1,GIPR
POLB,PCNA,CALR,TMX3
POLB,PCNA,SUMO1,VHL
POLB,PCNA,RHOF,TIAM1,DOK3
POLB,H2BC21,ATAD1,AQP3
POLB,PCNA,CDK2,TTK,LANCL2
POLB,PCNA,EP300,TGS1,ADAM23
POLB,H2BC21,ZNF644,ATP9A,IL17RE
POLB,PCNA,P4HB,RIPK1,KLRC3
POLB,H2BC21,AKT1,TLR2
POLB,PCNA,KPNA1,TPX2,GNG2
POLB,H2BC21,AKT1,TLR2,IPCEF1
POLB,PCNA,RHOF,TIAM1
POLB,PCNA,RHOF,TIAM1
POLB,PCNA,PRDX6,SPR,CSMD1,C4B
POLB,PCNA,RHOF,TIAM1,KCNJ12
POLB,PCNA,RHOF,TIAM1
POLB,PCNA,RHOF,TIAM1,MTNR1A
POLB,PCNA,RELA,ASB9,IL2RB
POLB,PCNA,RHOF,TIAM1,DGKZ
POLB,PCNA,WWOX,CATSPERE,TUSC3
POLB,PCNA,RNASEH2A,ICAM5
POLB,PCNA,KRAS,KPRP,CXCR5
POLB,PCNA,RHOF,TIAM1
POLB,PCNA,RHOF,TIAM1,RYR1
POLB,PCNA,RHOF,TIAM1,STX2
POLB,PCNA,DHX9,GRSF1,SV2B
POLB,H2BC21,AKT1,TLR2
POLB,PCNA,PRDX3,ATP5F1B,SLC22A12
POLB,PCNA,RHOF,TIAM1,PARVA
POLB,PCNA,P4HB,RIPK1,LTB4R
POLB,PCNA,POLD1,GINS4,ARAF,SLC9A3R2
POLB,PCNA,RHOF,TIAM1
POLB,PCNA,DHX15,SF3B5,SDCBP2
POLB,PCNA,RHOF,TIAM1,VIPR2
POLB,PCNA,RHOF,TIAM1,OPRPN,SLC5A4
POLB,PCNA,RHOF,TIAM1,LPAR2
POLB,H2BC21,CDK14,GDE1
POLB,PCNA,RHOF,TIAM1,DLL1
POLB,PCNA,RHOF,TIAM1
POLB,PCNA,KIAA1522,NCK1,ACE2
POLB,PCNA,RHOF,TIAM1
POLB,PCNA,RHOF,TIAM1
POLB,PCNA,WWOX,CATSPERE,DUOX2,DUOXA2
POLB,PCNA,RHOF,TIAM1,GUCY2D
POLB,PCNA,UBE2I,CAMK2D,SCARA5
POLB,H2BC8,HEATR1,SPN
POLB,H2BC8,ZMYM2,C8A
POLB,H2BC8,ZNF629,RGS3
POLB,PCNA,P4HB,RIPK1
POLB,PCNA,UBB,TNFRSF1A
POLB,PCNA,ZBTB1,PALLD
POLB,H2BC21,AKT1,TLR2
POLB,H2BC21,AKT1,TLR2
POLB,PCNA,RHOF,TIAM1
POLB,PCNA,POLD2,NIBAN1
POLB,PCNA,H3C12,TPR,PLSCR4
POLB,PCNA,UBB,TNFRSF1A
POLB,PCNA,KIAA1522,NCK1,OR52I1
POLB,XRCC1,KLF10,TNS1,CD151,ZDHHC20
POLB,PCNA,RHOF,TIAM1,SLC22A4,SLC5A6
POLB,PCNA,KIAA1522,NCK1,RASA4
POLB,PCNA,YWHAQ,KSR1,FCRL5
POLB,PCNA,RHOF,TIAM1
POLB,PCNA,DHX15,SF3B5,NEURL1
POLB,PCNA,P4HB,RIPK1,HTR1F
POLB,PCNA,RHOF,TIAM1,SLC12A3
POLB,PCNA,H3C12,TPR,CLDN18
POLB,PCNA,RHOF,TIAM1
POLB,PCNA,P4HB,RIPK1,TBC1D10A
POLB,PCNA,KRAS,KPRP,GSDMA
POLB,PCNA,DHX15,SF3B5,TMC2
POLB,H2BC8,YWHAB,PPEF1,SLC32A1
POLB,PCNA,MSH6,ANKRD17,TLR7
POLB,PCNA,RHOF,TIAM1,TSPAN33
POLB,PCNA,KPNA1,TPX2,CERCAM
POLB,H2BC21,AKT1,TLR2
POLB,H2BC8,CHD1L,NT5E
POLB,PCNA,RELA,ASB9,SLC35A4,SLC13A4
POLB,H2BC8,FOXM1,YTHDC1
POLB,PCNA,POLD1,GINS4,ASAP2
POLB,PCNA,H4C6,ZBTB20,MYO1A
POLB,PCNA,RHOF,TIAM1,OCRL
POLB,PCNA,RAD23A,SPANXN3,KCNA1
POLB,PCNA,GOLGA1,DVL3,LRRC4C
POLB,PCNA,RHOF,TIAM1,RP2
POLB,PCNA,RHOF,TIAM1
POLB,PCNA,RHOF,TIAM1,CHRNB2
POLB,XRCC1,PARP1,RPA4,SLC30A4
POLB,PCNA,POLD1,GINS4,GLRB
POLB,PCNA,RHOF,TIAM1,C3orf52
POLB,PCNA,KRAS,KPRP,ADCY2
POLB,PCNA,P4HB,RIPK1
POLB,PCNA,USP4,YWHAH,RIMS1
POLB,PCNA,DHX15,SF3B5,PCDHGC4
POLB,PCNA,RELA,ASB9,ADORA2A
POLB,PCNA,UBC,TBC1D15,PLEKHF2,GPBP1
POLB,PCNA,RHOF,TIAM1,GPC1
POLB,H2BC21,AKT1,TLR2
POLB,PCNA,RHOF,TIAM1
POLB,XRCC1,PARP1,RPA4,SDC3
POLB,PCNA,UBE2D3,BIRC7,DLL4
POLB,PCNA,RHOF,TIAM1,ADGRG5
POLB,PCNA,YBX1,RBMXL2,ANKRD20A1
POLB,XRCC1,PARP1,RPA4,PRR3
POLB,PCNA,POLD1,GINS4,MRAS
POLB,PCNA,RHOF,TIAM1,ADGRA3
POLB,PCNA,RHOF,TIAM1,MUC12
POLB,PCNA,RHOF,TIAM1,STOML1
POLB,PCNA,RHOF,TIAM1,FCRL3,SLC2A5
POLB,PCNA,RHOF,TIAM1,CHMP2B
POLB,XRCC1,KLF10,TNS1,GRM5
POLB,XRCC1,POLI,RIGI,LRBA
POLB,H2BC21,AKT1,TLR2
POLB,PCNA,PRDX3,ATP5F1B
POLB,PCNA,RHOF,TIAM1,FMN1
POLB,PCNA,UBB,TNFRSF1A
POLB,PCNA,RHOF,TIAM1,PCDH11Y
POLB,PCNA,CDK5,STXBP1
POLB,PCNA,RHOF,TIAM1,GNAS,RXFP3
POLB,PCNA,RELA,ASB9,CD209
POLB,XRCC1,POLK,SBSN,NCEH1
POLB,PCNA,RHOF,TIAM1,XPR1
POLB,PCNA,EP300,TGS1,POMC,MC3R
POLB,PCNA,CDK5,STXBP1
POLB,XRCC1,PARP1,RPA4,LGR4
POLB,XRCC1,KLF10,TNS1,OPRD1
POLB,PCNA,PRDX3,ATP5F1B
POLB,PCNA,CDK5,STXBP1
POLB,H2BC21,AKT1,TLR2
POLB,PCNA,P4HB,RIPK1,CCKAR
POLB,H2BC21,PPP1R10,CAPN13,CAPNS2
POLB,PCNA,RHOF,TIAM1
POLB,PCNA,KRAS,KPRP,DLGAP3
POLB,XRCC1,KLF10,TNS1,HTR1B
POLB,XRCC1,PARP1,RPA4,PLCG2
POLB,PCNA,H3C12,TPR,ADAM12
POLB,XRCC1,POLK,SBSN,TMC6
POLB,PCNA,RHOF,TIAM1,CLEC7A
POLB,H2BC21,AKT1,TLR2
POLB,PCNA,RHOF,TIAM1
POLB,PCNA,RHOF,TIAM1,ADORA1
POLB,PCNA,RHOF,TIAM1,ACSBG1
POLB,PCNA,EP300,TGS1,CHRNB1
POLB,PCNA,RHOF,TIAM1
POLB,PCNA,UBB,TNFRSF1A,WNT6
POLB,PCNA,PMS2,PPP2CA,KISS1R
POLB,H2BC8,ZMYM2,C8A
POLB,PCNA,PRDX6,SPR,IL17RD
POLB,PCNA,UBB,TNFRSF1A
POLB,PCNA,KRAS,KPRP,CNGA3
POLB,PCNA,CALR,TMX3
POLB,PCNA,FEN1,DNA2,GPR39
POLB,PCNA,PRDX3,ATP5F1B,AQP10
POLB,PCNA,PRDX6,SPR,MYO7A,RPE65
POLB,PCNA,P4HB,RIPK1
POLB,PCNA,YBX1,RBMXL2,RPL36A-HNRNPH2
POLB,PCNA,H3C12,TPR,LYPD6
POLB,PCNA,RHOF,TIAM1
POLB,PCNA,RHOF,TIAM1
POLB,PCNA,EP300,TGS1,BFSP2
POLB,PCNA,RHOF,TIAM1
POLB,PCNA,RHOF,TIAM1,ASPH
POLB,PCNA,RHOF,TIAM1,SNX4
POLB,PCNA,RHOF,TIAM1,MAGI2
POLB,PCNA,RHOF,TIAM1,LRRC8C
POLB,PCNA,HLTF
POLB,PCNA,IGF1R,ADAMTS4,IL27RA
POLB,XRCC1,KLF6,NR0B2,CACNA1A,CACNB4
POLB,PCNA,UBB,TNFRSF1A
POLB,PCNA,XPA,GTF2H1,IGDCC4
POLB,PCNA,RHOF,TIAM1,RGS13
POLB,PCNA,KPNA1,TPX2,CDH23,PCDH15
POLB,H2BC21,AKT1,TLR2
POLB,PCNA,ZBTB38,PPP2R2A,MUC20
POLB,H2BC21,AKT1,TLR2,SLC44A1
POLB,PCNA,PRDX6,SPR,LRRC4
POLB,H2BC21,ORC4,PARM1
POLB,PCNA,SETDB1,ATF7IP2,MS4A14
POLB,H2BC21,AKT1,TLR2
POLB,PCNA,UBE2I,CAMK2D,GUCY2C
POLB,PCNA,RHOF,TIAM1,PCDHGA3
POLB,PCNA,RHOF,TIAM1,SHC3
POLB,PCNA,RHOF,TIAM1,CYP2C18
POLB,PCNA,RHOF,TIAM1,EPHB3
POLB,PCNA,RHOF,TIAM1
POLB,PCNA,UBC
POLB,PCNA,RHOF,TIAM1
POLB,PCNA,P4HB,RIPK1,GNG12
POLB,XRCC1,KLF10,TNS1,IFITM5
POLB,H2BC8,HEATR1,SPN
POLB,PCNA,PRDX6,SPR,LGALS4
POLB,PCNA,UBB,TNFRSF1A
POLB,H2BC8,SDCBP,TEKT1,SLC39A3
POLB,PCNA,RHOF,TIAM1,TBC1D10B
POLB,PCNA,KRAS,KPRP,COA6
POLB,PCNA,ARHGDIA,RHOH
POLB,PCNA,HOOK3,DCTN1,AGPAT2
POLB,H2BC8,ZMYM2,C8A
POLB,PCNA,RHOF,TIAM1,CHL1,CNTN6
POLB,PCNA,KPNA1,TPX2,DSCAM
POLB,PCNA,RHOF,TIAM1
POLB,PCNA,RHOF,TIAM1,RXFP1
POLB,PCNA,USP11,MTHFD1,ABCC9
POLB,PCNA,H4C6,ZBTB20,ATP1B4
POLB,PCNA,EP300,TGS1,SLC22A6
POLB,XRCC1,POLI,RIGI,AQP1
POLB,PCNA,UBE2I,CAMK2D,SLC6A2
POLB,H2BC8,CSNK2A2,BHLHE41,CATSPER1
POLB,XRCC1,PARP1,RPA4,ADD3
POLB,XRCC1,PARP1,RPA4,AQP6,TSPO2
POLB,H2BC8,CHD1L,NT5E
POLB,H2BC21,TTN,ACTN3
POLB,PCNA,MLH1,PPP3CB
POLB,PCNA,YWHAQ,KSR1,SELP
POLB,PCNA,POLD1,GINS4,AFAP1L2
POLB,PCNA,RHOF,TIAM1,DLL3
POLB,H2BC8,EIF4H,MCC
POLB,PCNA,POLD2,NIBAN1
POLB,PCNA,RHOF,TIAM1,KCNB1
POLB,PCNA,RHOF,TIAM1,RALGPS1
POLB,PCNA,KRAS,KPRP,SLC9A2
POLB,H2BC8,FOXC1,PBX2,GPC5
POLB,H2BC21,LARP7,EPB42
POLB,PCNA,EP300,TGS1,GRIN2D
POLB,PCNA,RHOF,TIAM1,TLN2
POLB,PCNA,P4HB,RIPK1
POLB,XRCC1,PARP1,RPA4,PTPRS
POLB,PCNA,PRDX6,SPR,MYO1F
POLB,H2BC21,AKT1,TLR2
POLB,PCNA,RHOF,TIAM1,TMEFF1
POLB,PCNA,P4HB,RIPK1
POLB,PCNA,RHOF,TIAM1,SIGLEC7
POLB,PCNA,RHOF,TIAM1,COLEC12
POLB,PCNA,CDK5,STXBP1
POLB,PCNA,PRDX3,ATP5F1B
POLB,PCNA,EZH2,CRY2,S1PR2
POLB,PCNA,POLD1,GINS4,GLRB,GLRA3
POLB,H2BC21,LARP7,EPB42
POLB,PCNA,ZBTB38,PPP2R2A,SLC17A5
POLB,PCNA,DHX15,SF3B5,ELMO1
POLB,XRCC1,PARP1,RPA4,SLC25A11
POLB,H2BC8,SSRP1,SETD5,RTN4RL2
POLB,PCNA,UBB,TNFRSF1A
POLB,XRCC1,PARP1,RPA4,CYB5A,SLC38A6
POLB,PCNA,EZH2,CRY2,KLRK1,RAET1L
POLB,PCNA,EP300,TGS1,CD27
POLB,PCNA,PRDX6,SPR,KCNQ4
POLB,H2BC21,CDK14
POLB,PCNA,RHOF,TIAM1,TAX1BP3
POLB,XRCC1,KLF10,TNS1,EFNB2
POLB,XRCC1,PARP1,RPA4,CEP112
POLB,PCNA,PRDX6,SPR,CLCA1
POLB,H2BC8,SDCBP
POLB,PCNA,DHX15,SF3B5,PCDHGB5
POLB,PCNA,WRNIP1,ELP2,IL1RL2
POLB,PCNA,KRAS,KPRP,SLC22A2
POLB,PCNA,IGF1R,ADAMTS4,GFRA2
POLB,PCNA,EP300,TGS1,ADM,RAMP2
POLB,XRCC1,PARP1,RPA4,EPS8
POLB,PCNA,ERCC6,POLR2H,BORCS5
POLB,PCNA,KIAA1522,NCK1
POLB,PCNA,RHOF,TIAM1,CCKBR
POLB,PCNA,H4C6,ZBTB20,PIEZO1
POLB,PCNA,RELA,ASB9,CD1B
POLB,H2BC21,AKT1,TLR2
POLB,PCNA,CDK5,STXBP1
POLB,PCNA,NEDD8,EMG1,PXDNL
POLB,PCNA,RELA,ASB9,LRRN1
POLB,PCNA,RHOF,TIAM1,EXOC7
POLB,H2BC21,AKT1,TLR2
POLB,PCNA,RHOF,TIAM1
POLB,PCNA,RHOF,TIAM1,MPZL1
POLB,PCNA,H3C12,TPR,TBC1D3G
POLB,PCNA,EP300,TGS1,TNFRSF4,TNFSF4
POLB,PCNA,KPNA1,TPX2,OPN1LW
POLB,PCNA,PRDX6,SPR,RNASEK
POLB,PCNA,EP300,TGS1,PTGER1
POLB,PCNA,EZH2,CRY2,IFNGR2
POLB,PCNA,RHOF,TIAM1
POLB,PCNA,RELA,ASB9,PLXNB3
POLB,PCNA,P4HB,RIPK1
POLB,PCNA,YWHAQ,KSR1,DYSF
POLB,PCNA,RHOF,TIAM1,PCDHAC1
POLB,PCNA,MSH3,LMO2,LDB2
POLB,PCNA,UBB,TNFRSF1A
POLB,PCNA,CALR,TMX3
POLB,PCNA,RHOF,TIAM1,KCNJ2
POLB,PCNA,RHOF,TIAM1,VIPR2,ADCYAP1,ADCYAP1R1
POLB,PCNA,RECQL4,NSMCE3,A1BG
POLB,H2BC8,BRD3,LTBP1,TMEM219
POLB,PCNA,RHOF,TIAM1,BTN3A3
POLB,PCNA,EP300,TGS1,CD8A,CD8B
POLB,PCNA,UBB,TNFRSF1A
POLB,LIG3,NR3C1,CLPTM1L,C5AR2
POLB,PCNA,RHOF,TIAM1
POLB,XRCC1,PARP1,RPA4,NRG1
POLB,PCNA,RHOF,TIAM1,TGFA
POLB,PCNA,ZBTB38,PPP2R2A,IL31RA
POLB,XRCC1,KLF10,TNS1,KCNC3
POLB,PCNA,YWHAQ,KSR1,MPO,APCDD1
POLB,PCNA,PRDX3,ATP5F1B
POLB,PCNA,EZH2,CRY2,PCDHB2
POLB,PCNA,CDK5,STXBP1
POLB,PCNA,RHOF,TIAM1,ASIC3
POLB,PCNA,UBE2D3,BIRC7,GPR55
POLB,PCNA,RHOF,TIAM1,PCDHGA6
POLB,PCNA,RHOF,TIAM1,ATP5PO
POLB,PCNA,POLD1,GINS4,ANPEP
POLB,PCNA,RHOF,TIAM1
POLB,PCNA,PIDD1,HSD17B14,RAB3A
POLB,PCNA,RHOF,TIAM1,CDON
POLB,PCNA,EP300,TGS1,SERPINE1
POLB,PCNA,ZBTB38,PPP2R2A,CRACR2A
POLB,PCNA,ARHGDIA,RHOH
POLB,PCNA,EP300,TGS1,SELENOK
POLB,PCNA,UBE2D3,BIRC7,ADCY4
POLB,H2BC8,DIDO1,IFI6
POLB,H2BC8,XRCC5,CEP128,P2RY1
POLB,PCNA,RHOF,TIAM1,PLPPR1
POLB,PCNA,RHOF,TIAM1
POLB,PCNA,HOOK2,ZNF107,KCNK1
POLB,PCNA,MSH6,ANKRD17,CD109
POLB,PCNA,SUMO1,VHL
POLB,PCNA,RELA,ASB9,TRPV1,SYT9
POLB,XRCC1,PARP1,RPA4,SKAP2
POLB,PCNA,RHOF,TIAM1,ECE1
POLB,H2BC21,LARP7,EPB42
POLB,H2BC21,ING5,VAMP5
POLB,PCNA,PRDX3,ATP5F1B
POLB,PCNA,RHOF,TIAM1
POLB,PCNA,UBA52,ZFYVE19,ZDHHC4
POLB,PCNA,PRDX6,SPR,CNR2
POLB,PCNA,DHX15,SF3B5,LDLR
POLB,XRCC1,KLF10,TNS1,CD151
POLB,PCNA,RHOF,TIAM1
POLB,PCNA,RHOF,TIAM1,SHC2
POLB,PCNA,KRAS,KPRP,SLC34A2
POLB,PCNA,RHOF,TIAM1,SCHIP1
POLB,H2BC8,CSNK2A2,BHLHE41,CATSPER1,CACNA1I,CATSPER2
POLB,PCNA,KIAA1522,NCK1
POLB,PCNA,RHOF,TIAM1
POLB,PCNA,UBA52,ZFYVE19,CLCA2
POLB,PCNA,PRDX6,SPR,ULBP3
POLB,H2BC21,AKT1,TLR2
POLB,PCNA,EZH2,CRY2,RASSF3
POLB,PCNA,CDK5,STXBP1
POLB,PCNA,RHOF,TIAM1
POLB,PCNA,RHOF,TIAM1
POLB,H2BC21,AKT1,TLR2
POLB,PCNA,RHOF,TIAM1,PHLDB2
POLB,PCNA,RHOF,TIAM1,LRIG1
POLB,PCNA,UBB,TNFRSF1A
POLB,PCNA,H3C12,TPR,CNTNAP1
POLB,PCNA,SUMO1,VHL
POLB,PCNA,KPNA1,TPX2,FHOD3
POLB,PCNA,RHOF,TIAM1,OR3A1
POLB,XRCC1,PARP1,RPA4,MOSPD2
POLB,PCNA,KPNA1,TPX2,AP1M2,ATRN
POLB,H2BC21,H1-4,FBP2
POLB,PCNA,RHOF,TIAM1,PDCD10
POLB,H2BC21,AKT1,TLR2
POLB,PCNA,UBE2D3
POLB,PCNA,POLD3,MELTF
POLB,PCNA,RHOF,TIAM1,NCR3LG1
POLB,PCNA,DHX15,SF3B5,PCDHGA10
POLB,PCNA,UBE2D3,BIRC7,ARRDC2
POLB,PCNA,EP300,TGS1,NTSR1
POLB,PCNA,EP300,TGS1,HCRTR1
POLB,PCNA,RHOF,TIAM1,EEPD1
POLB,PCNA,UBC,TBC1D15,TMPRSS11D
POLB,H2BC8,BCORL1
POLB,H2BC8,ZMYM2,C8A
POLB,PCNA,YBX1,RBMXL2,KCNK7
POLB,PCNA,UBB,TNFRSF1A
POLB,PCNA,PRDX3,ATP5F1B
POLB,H2BC21,AKT1,TLR2
POLB,H2BC8,CHD4,MAGEA3,CPNE1
POLB,PCNA,KRAS,KPRP,SLC17A2
POLB,XRCC1,PARP1,RPA4,PTPRH
POLB,PCNA,CDK5,STXBP1
POLB,PCNA,RHOF,TIAM1
POLB,PCNA,EP300,TGS1,SLC6A12
POLB,PCNA,H3C12,TPR,TBC1D3B
POLB,PCNA,RHOF,TIAM1
POLB,PCNA,RHOF,TIAM1,ADGRA1
POLB,PCNA,RHOF,TIAM1,APBA1
POLB,PCNA,RHOF,TIAM1,MARCHF2
POLB,XRCC1,KLF10,TNS1,IFNAR1
POLB,PCNA,DHX15,SF3B5,APLP1,CNTN5
POLB,PCNA,RHOF,TIAM1,STX19
POLB,XRCC1,PARP1,RPA4,GMIP
POLB,XRCC1,PARP1,RPA4,STX4
POLB,PCNA,NR2C2,PYCR3,SLC26A11
POLB,PCNA,RHOF,TIAM1,TSHR
POLB,XRCC1,PARP1,RPA4,PRRG2
POLB,PCNA,RHOF,TIAM1,PON2
POLB,PCNA,EZH2,CRY2,CST3
POLB,XRCC1,KLF10,TNS1,SPART
POLB,H2BC21,IGSF3,TSPAN15
POLB,PCNA,KRAS,KPRP,SLC9A4
POLB,H2BC21,TTN,ACTN3
POLB,PCNA,PRDX3,ATP5F1B,GNAT2
POLB,PCNA,RHOF,TIAM1,SNX30
POLB,PCNA,P4HB,RIPK1
POLB,PCNA,PPP1CB,PAPOLA,DNAL4
POLB,PCNA,UHRF2,ZNF410,PCDHA4
POLB,PCNA,RHOF,TIAM1,PCDHB16,SLC39A11
POLB,PCNA,RHOF,TIAM1,PLAU
POLB,PCNA,RHOF,TIAM1,BOC
POLB,PCNA,NR2C2,PYCR3,SYNGR1
POLB,PCNA,RHOF,TIAM1
POLB,PCNA,RHOF,TIAM1
POLB,PCNA,RHOF,TIAM1
POLB,PCNA,RHOF,TIAM1,FHIT
POLB,PCNA,RHOF,TIAM1,LINGO1
POLB,H2BC21,AKT1,TLR2
POLB,PCNA,RHOF,TIAM1
POLB,PCNA,RHOF,TIAM1,IL1RAP
POLB,PCNA,RHOF,TIAM1
POLB,PCNA,IGF1R,ADAMTS4,ADGRG1
POLB,PCNA,RHOF,TIAM1,SLC13A1
POLB,PCNA,KIAA1522,NCK1,ACE2,SLC6A19
POLB,PCNA,RHOF,TIAM1,NOTCH2NLC,KCNS2
POLB,PCNA,RHOF,TIAM1
POLB,PCNA,PPIA,TAGLN2,SLC39A1
POLB,PCNA,RHOF,TIAM1
POLB,PCNA,DHX15,SF3B5,DXO
POLB,H2BC8,HMG20A,PAWR
POLB,PCNA,EP300,TGS1,GNAQ
POLB,PCNA,RHOF,TIAM1,SULF1
POLB,H2BC8,ZMYM2,C8A
POLB,XRCC1,POLK,SBSN,ASTL
POLB,PCNA,KRAS,KPRP,RIC8B
POLB,PCNA,RHOF,TIAM1,IL7R
POLB,PCNA,RHOF,TIAM1,ATP8B3
POLB,PCNA,EP300,TGS1,TNFRSF11A
POLB,H2BC8,ZMYM2,C8A
POLB,XRCC1,KLF6,NR0B2,SLC19A2
POLB,H2BC8,HMG20A,PAWR
POLB,PCNA,DHX9,GRSF1,SCUBE3
POLB,PCNA,RHOF,TIAM1
POLB,PCNA,P4HB,RIPK1
POLB,PCNA,GOLGA1,DVL3,PLCD3
POLB,PCNA,RHOF,TIAM1,FLRT1
POLB,PCNA,UBE2D3,BIRC7,OR4N2
POLB,PCNA,P4HB,RIPK1,HCRTR2
POLB,PCNA,KPNA1,TPX2,EPS8L2
POLB,H2BC8,HMG20A,PAWR
POLB,PCNA,UBE2I,CAMK2D,MDGA1
POLB,PCNA,IGF1R,ADAMTS4,CDH24
POLB,PCNA,KRAS,KPRP,ADAM32
POLB,PCNA,EP300,TGS1,WARS2
POLB,PCNA,RHOF,TIAM1,TIRAP,TNFSF9
POLB,PCNA,RHOF,TIAM1
POLB,XRCC1,KLF10,TNS1,NEDD9
POLB,LIG3,NR3C1,CLPTM1L,CNGB1
POLB,PCNA,CREBBP,GMEB2,ADRB3
POLB,PCNA,RHOF,TIAM1,CDH4
POLB,XRCC1,PARP1,RPA4,RASL10A
POLB,XRCC1,PARP1,RPA4,AQP6,TSPO2
POLB,PCNA,H2AZ2,FH,SEZ6
POLB,PCNA,RHOF,TIAM1
POLB,PCNA,RHOF,TIAM1
POLB,XRCC1,KLF10,TNS1,GP6
POLB,PCNA,RELA,ASB9,TRPC7
POLB,PCNA,RHOF,TIAM1,ANXA3
POLB,PCNA,UHRF2,ZNF410,CD1D
POLB,PCNA,KPNA1,TPX2,BASP1
POLB,PCNA,RHOF,TIAM1,PLPP4
POLB,PCNA,P4HB,RIPK1
POLB,PCNA,RHOF,TIAM1
POLB,PCNA,EZH2,CRY2,VLDLR
POLB,XRCC1,KLF10,TNS1,SCNN1B
POLB,PCNA,RHOF,TIAM1,ITGAL
POLB,PCNA,RHOF,TIAM1,ACVR1
POLB,PCNA,RHOF,TIAM1,SLC1A2
POLB,H2BC8,HELLS,FURIN
POLB,H2BC8,H2AX,ZBTB11,GABRQ
POLB,PCNA,RHOF,TIAM1,ERLIN2
POLB,PCNA,CALR,TMX3
POLB,H2BC21,AKT1,TLR2
POLB,PCNA,RHOF,TIAM1,LPCAT1
POLB,PCNA,UBE2D3,BIRC7,PDAP1
POLB,PCNA,UBB,TNFRSF1A
POLB,PCNA,ZBTB38,PPP2R2A,NRG2
POLB,PCNA,RHOF,TIAM1
POLB,PCNA,P4HB,RIPK1
POLB,PCNA,H3C12,TPR,PSENEN
POLB,H2BC21,TTN,ACTN3
POLB,PCNA,RHOF,TIAM1,PDZD2
POLB,PCNA,RHOF,TIAM1,CTLA4
POLB,PCNA,RHOF,TIAM1
POLB,PCNA,GOLGA1,DVL3,SLC6A4,GPM6B
POLB,XRCC1,PARP1,RPA4,LGR4,SLC27A1
POLB,PCNA,KIAA1522,NCK1
POLB,PCNA,H4C6,ZBTB20,CHRNB3
POLB,XRCC1,KLF10,TNS1,NGFR
POLB,PCNA,KIAA1522,NCK1,ARHGAP18
POLB,PCNA,KPNA1,TPX2,EPM2A
POLB,H2BC8,H2AC13,DAW1,CHRNG
POLB,XRCC1,PARP1,RPA4,GP1BB
POLB,PCNA,RHOF,TIAM1
POLB,PCNA,KPNA1,TPX2,GRID2
POLB,PCNA,P4HB,RIPK1,MUC17
POLB,XRCC1,PARP1,RPA4,CYP2W1
POLB,PCNA,ZBTB38,PPP2R2A,NEU3
POLB,PCNA,RELA,ASB9,KCNQ2
POLB,XRCC1,PARP1,RPA4,EPHA5
POLB,PCNA,RHOF,TIAM1,CYP2E1,ABCA5
POLB,PCNA,IGF1R,ADAMTS4,PCSK6
POLB,XRCC1,KLF10,TNS1,FRS3
POLB,PCNA,RHOF,TIAM1,BTN2A1
POLB,H2BC21,AKT1,TLR2
POLB,PCNA,RHOF,TIAM1
POLB,H2BC21,AKT1,TLR2
POLB,PCNA,RHOF,TIAM1,IL7R,TSLP,CRLF2
POLB,PCNA,DNMT1,DNAJC18,KCNK16
POLB,PCNA,RHOF,TIAM1
POLB,PCNA,RHOF,TIAM1,RALB
POLB,PCNA,P4HB,RIPK1
POLB,PCNA,RHOF,TIAM1,IL20RB
POLB,PCNA,UBB,TNFRSF1A
POLB,PCNA,RHOF,TIAM1
POLB,H2BC21,CASQ2,EPB41L4B
POLB,PCNA,KIAA1522,NCK1
POLB,LIG3,TDP1
POLB,PCNA,H3C12,TPR,SCN4A,CSPG5
POLB,PCNA,TOP2A,NCAPH,SMPD1
POLB,PCNA,WWOX,CATSPERE,TVP23B,YIPF1
POLB,H2BC21,AKT1,TLR2
POLB,H2BC21,ZNF638,JPH4
POLB,PCNA,RHOF,TIAM1
POLB,H2BC21,ATAD1,AQP3
POLB,PCNA,RHOF
POLB,PCNA,CDK5,STXBP1
POLB,PCNA,RHOF,TIAM1,JAM3,JAM2
POLB,PCNA,RHOF,TIAM1,FCGR2B
POLB,XRCC1,KLF6,NR0B2,SPRED1
POLB,PCNA,EP300,TGS1,TNFRSF14
POLB,PCNA,RHOF,TIAM1
POLB,PCNA,PRDX6,SPR,NKD2
POLB,PCNA,PRDX6,SPR,PLEKHG4B
POLB,PCNA,UBB,TNFRSF1A
POLB,PCNA,KIAA1522,NCK1,ACE2,SLC6A19
POLB,PCNA,RHOF,TIAM1,LY9
POLB,XRCC1,PARP2,DISC1,PRTG
POLB,PCNA,PRDX3,ATP5F1B
POLB,PCNA,RHOF,TIAM1,PLEK
POLB,PCNA,PRDX3,ATP5F1B
POLB,H2BC8,H2BC9,TEX15,TIP-LINK complex,LHFPL5
POLB,PCNA,POLD3,MELTF
POLB,PCNA,PRDX6,SPR,TMC3
POLB,H2BC21,AKT1,TLR2
POLB,PCNA,RHOF,TIAM1
POLB,PCNA,RHOF,TIAM1
POLB,PCNA,H3C1,KRR1,LDLRAP1
POLB,PCNA,P4HB,RIPK1,HTR5A
POLB,XRCC1,PARP2,DISC1,PRKAR1B
POLB,PCNA,RHOF,TIAM1,WNT3A
POLB,H2BC8,BABAM2,UGGT2,BTN1A1
POLB,PCNA,CREBBP,GMEB2,P2RX4
POLB,PCNA,UHRF2,ZNF410,ADGRB1
POLB,PCNA,P4HB,RIPK1
POLB,PCNA,PRDX6,SPR,KCND2
POLB,PCNA,PMS2,PPP2CA
POLB,H2BC8,CHD1,PTK6
POLB,PCNA,CDK5,STXBP1
POLB,PCNA,MYSM1,STING1
POLB,PCNA,RHOF,TIAM1,CNTN3
POLB,PCNA,POLD3,MELTF
POLB,PCNA,UBB,TNFRSF1A
POLB,XRCC1,KLF6,NR0B2,ITGA2B
POLB,PCNA,RHOF,TIAM1
POLB,PCNA,RHOF,TIAM1,GABRR1
POLB,PCNA,EP300,TGS1,CDH17
POLB,PCNA,RHOF,TIAM1,PRF1
POLB,H2BC21,H1-4,FBP2
POLB,PCNA,RHOF,TIAM1
POLB,PCNA,YBX1,RBMXL2,PSG7
POLB,H2BC21,KAT2B,CIITA,HLA-DOA
POLB,PCNA,CDK5,STXBP1
POLB,PCNA,RHOF,TIAM1
POLB,PCNA,RPS27A,FBXO25,SLC10A6
POLB,PCNA,POLD1,GINS4,EDNRA
POLB,PCNA,MYSM1,STING1,CLEC5A
POLB,PCNA,P4HB,RIPK1,GHSR
POLB,H2BC8,SDCBP,TEKT1,WNT3
POLB,PCNA,RHOF,TIAM1,ADRA1A
POLB,PCNA,EZH2,CRY2,KLRK1,RAET1L
POLB,PCNA,RHOF,TIAM1
POLB,PCNA,CDK5,STXBP1
POLB,XRCC1,PARP1,RPA4,PLEKHG4
POLB,PCNA,RHOF,TIAM1,GNAS
POLB,PCNA,RHOF,TIAM1,NCKAP1L
POLB,PCNA,UBB,TNFRSF1A
POLB,H2BC21,AKT1,TLR2
POLB,PCNA,CDK5,STXBP1
POLB,PCNA,RHOF,TIAM1,GRIN2C
POLB,PCNA,RHOF,TIAM1
POLB,PCNA,PRDX6,SPR,PTP4A1,CNNM1
POLB,XRCC1,PARP1,RPA4,ARHGEF25
POLB,PCNA,RELA,ASB9,RECK
POLB,PCNA,GOLGA1,DVL3,TSC22D1
POLB,PCNA,GOLGA1,DVL3,WNT7A
POLB,PCNA,EP300,TGS1,POMC,MC3R
POLB,PCNA,RHOF,TIAM1,EPS8L1
POLB,PCNA,RHOF,TIAM1,NPHS1
POLB,PCNA,UHRF1,PRKAR1A,ADK
POLB,H2BC8,CHD8,CASR
POLB,PCNA,KPNA1,TPX2,GPR12
POLB,PCNA,P4HB,RIPK1
POLB,PCNA,RHOF,TIAM1,MAL
POLB,PCNA,KIAA1522,NCK1,ACE2,SLC6A19
POLB,PCNA,RHOF,TIAM1,DTNB
POLB,H2BC21,BCOR,NFS1,JPH2
POLB,PCNA,UBA52,ZFYVE19,ACHE
POLB,PCNA,CDK5,STXBP1
POLB,PCNA,RHOF,TIAM1
POLB,PCNA,H3C12,TPR,DNER
POLB,H2BC8,ZNF768,SLC16A6
POLB,PCNA,IGF1R,ADAMTS4,RGS5
POLB,PCNA,DNMT1,DNAJC18,PTPRN
POLB,H2BC21,TTN,ACTN3
POLB,H2BC8,DHX16,EHD2
POLB,PCNA,ZBTB38,PPP2R2A,JOSD1
POLB,PCNA,POLD1,GINS4,DGKA
POLB,PCNA,KIAA1522,NCK1,ARHGEF40
POLB,XRCC1,KLF6,NR0B2,MYO1C
POLB,XRCC1,PARP1,RPA4,HCLS1
POLB,PCNA,RHOF,TIAM1,RGS18
POLB,PCNA,RHOF,TIAM1,TRPC1
POLB,PCNA,P4HB,RIPK1,SMPDL3B
POLB,PCNA,RHOF,TIAM1,FABP5
POLB,H2BC21,LARP7,EPB42
POLB,PCNA,RFC4,CD58
POLB,PCNA,DHX15,SF3B5,CHRNA5
POLB,PCNA,TOP2A,NCAPH,ITGB7
POLB,PCNA,ZBTB1,PALLD
POLB,PCNA,EP300,TGS1,SIT1
POLB,PCNA,RHOF,TIAM1
POLB,PCNA,P4HB,RIPK1
POLB,PCNA,P4HB,RIPK1,OXTR
POLB,PCNA,KIAA1522,NCK1
POLB,H2BC8,STAG1
POLB,PCNA,RHOF,TIAM1
POLB,PCNA,RHOF,TIAM1,CACNG7
POLB,PCNA,UBB,TNFRSF1A
POLB,PCNA,P4HB,RIPK1,TREML2
POLB,XRCC1,KLF10,TNS1,HAVCR2,TSPAN7
POLB,PCNA,UBB,TNFRSF1A
POLB,H2BC8,SMARCA5,FGFR3,MYD88
POLB,PCNA,CDK6,UBE2W,SLC4A4
POLB,H2BC8,VDAC1,RNPEPL1,AOC1
POLB,PCNA,SUMO1,VHL
POLB,PCNA,KRAS,KPRP,RAB19
POLB,H2BC8,HEATR1,SPN
POLB,PCNA,RHOF,TIAM1,GRK3
POLB,PCNA,DHX15,SF3B5,PCDHGA4
POLB,PCNA,CDK2,TTK,LRRC8B
POLB,PCNA,KRAS,KPRP,EFNA2
POLB,PCNA,RHOF,TIAM1
POLB,PCNA,P4HB,RIPK1,GNG7
POLB,PCNA,RHOF,TIAM1,ATP7A
POLB,PCNA,RHOF,TIAM1,TMPRSS4
POLB,PCNA,RHOF,TIAM1,PTGER3
POLB,PCNA,P4HB,RIPK1,TRHR
POLB,PCNA,RHOF,TIAM1,CDH9
POLB,XRCC1,PARP1,RPA4,EHD4
POLB,PCNA,RHOF,TIAM1
POLB,PCNA,ZBTB38,PPP2R2A,ABCB4
POLB,PCNA,RHOF,TIAM1
POLB,PCNA,UBB,TNFRSF1A
POLB,PCNA,CDK5,STXBP1
POLB,PCNA,RHOF,TIAM1,ATP6V1D
POLB,PCNA,UBB,TNFRSF1A
POLB,XRCC1,PARP1,RPA4,ANOS1
POLB,PCNA,CDK5,STXBP1,AGTR2
POLB,PCNA,H3C12,TPR,EFR3B
POLB,PCNA,SMARCAD1,ZNF669,SLC2A9
POLB,PCNA,UBB,TNFRSF1A
POLB,PCNA,UBB,TNFRSF1A,CYP2C8
POLB,PCNA,IGF1R,ADAMTS4,ADAM21
POLB,PCNA,FEN1,DNA2,ZNRF3
POLB,PCNA,PRDX6,SPR,FNBP1L
POLB,PCNA,RHOF,TIAM1,RGL3
POLB,PCNA,IGF1R,ADAMTS4,LILRB3
POLB,H2BC8,VDAC1,RNPEPL1,FXYD6
POLB,PCNA,PRDX3,ATP5F1B,NEU1
POLB,PCNA,KIAA1522,NCK1
POLB,PCNA,RHOF,TIAM1
POLB,H2BC21,AKT1,TLR2
POLB,H2BC8,CHD8,CASR
POLB,PCNA,EP300,TGS1,SGIP1
POLB,H2BC21,CASQ2,EPB41L4B
POLB,PCNA,RHOF,TIAM1,C1orf210
POLB,PCNA,RHOF,TIAM1
POLB,XRCC1,KLF10,TNS1,CCR1
POLB,PCNA,RHOF,TIAM1,CD40
POLB,PCNA,P4HB,RIPK1,C4BPA
POLB,H2BC21,LARP7,EPB42
POLB,LIG3,NR3C1,CLPTM1L,UGT8
POLB,PCNA,RHOF,TIAM1,ABCA6,ABCA8
POLB,PCNA,RELA,ASB9,MUC2
POLB,PCNA,POLD1,GINS4,IFNGR1
POLB,PCNA,UBA52,ZFYVE19,CD82
POLB,PCNA,RHOF,TIAM1,EPB41L1
POLB,PCNA,DHX15,SF3B5,SLC17A7
POLB,PCNA,UBE2D3,BIRC7,PLSCR5
POLB,PCNA,RHOF,TIAM1
POLB,H2BC21,LARP7,EPB42
POLB,PCNA,RHOF,TIAM1,PCDHB16
POLB,PCNA,RHOF,TIAM1,HTR3C
POLB,PCNA,RHOF,TIAM1
POLB,PCNA,CDK6,UBE2W,DRP2
POLB,PCNA,UBA52,ZFYVE19,CHMP6
POLB,XRCC1,PARP1,RPA4,CRIM1
POLB,PCNA,RELA,ASB9,ABCA2
POLB,PCNA,RHOF,TIAM1,PIK3AP1
POLB,PCNA,RELA,ASB9,PHKB
POLB,XRCC1,KLF6,NR0B2,STX1B
POLB,PCNA,RHOF,TIAM1,HTR2C
POLB,PCNA,UBE2I,CAMK2D,ARL4A
POLB,PCNA,RHOF,TIAM1,TMPRSS2
POLB,PCNA,PRDX6,SPR,ALPP
POLB,PCNA,EP300,TGS1,APOA1
POLB,PCNA,PRDX3,ATP5F1B
POLB,PCNA,EP300,TGS1,FGG
POLB,PCNA,RHOF,TIAM1,RAB3GAP2
POLB,PCNA,RHOF,TIAM1,CHP2
POLB,PCNA,EXO1,KLC3,CHRNA3
POLB,H2BC21,LARP7,EPB42
POLB,PCNA,RHOF,TIAM1,PCDHA7
POLB,PCNA,P4HB,RIPK1,GCA
POLB,PCNA,RHOF,TIAM1
POLB,H2BC8,CHD8,CASR
POLB,H2BC21,AKT1,TLR2
POLB,H2BC8,SMARCA5,FGFR3
POLB,PCNA,RHOF,TIAM1,DRD3
POLB,PCNA,PRDX6,SPR,KLRG1
POLB,PCNA,H3C12,TPR,KCNH7
POLB,PCNA,EP300,TGS1,CDAN1
POLB,PCNA,PRDX6,SPR,RAB40C
POLB,XRCC1,PARP1,RPA4,CNTN4
POLB,PCNA,RHOF,TIAM1,KCNN2
POLB,PCNA,EP300,TGS1,GPR3
POLB,PCNA,RHOF,TIAM1,PCDHB1
POLB,PCNA,PRDX6,SPR,PKD1
POLB,PCNA,UBB,TNFRSF1A
POLB,PCNA,RHOF,TIAM1,ATP11C
POLB,PCNA,PRDX6,SPR,ZP2
POLB,PCNA,SUMO1,VHL
POLB,PCNA,ZBTB38,PPP2R2A,HTRA1
POLB,PCNA,RHOF,TIAM1
POLB,PCNA,RELA,ASB9,CD1E
POLB,PCNA,RHOF,TIAM1
POLB,XRCC1,PNKP,EIF4ENIF1,PI4KA,TTC7B
POLB,PCNA,RHOF,TIAM1,OSBPL7
POLB,PCNA,KRAS,KPRP,STS
POLB,PCNA,RHOF,TIAM1
POLB,XRCC1,PNKP,EIF4ENIF1,PRRC2A
POLB,PCNA,UBB,TNFRSF1A
POLB,H2BC8,HEATR1,SPN
POLB,H2BC8,HEATR1,SPN
POLB,PCNA,EP300,TGS1,TNFRSF19
POLB,PCNA,KPNA1,TPX2,TGFB3
POLB,H2BC21,IGSF3,TSPAN15
POLB,PCNA,SUMO1,VHL
POLB,PCNA,RHOF,TIAM1,LRIG3
POLB,PCNA,ZBTB1,PALLD
POLB,PCNA,RHOF,TIAM1,WLS
POLB,XRCC1,POLK,SBSN,PCDHA10
POLB,H2BC21,AKT1,TLR2
POLB,PCNA,EP300,TGS1,UCN,CRHR2
POLB,PCNA,UBE2D3,BIRC7,STK17A
POLB,PCNA,RHOF,TIAM1,IL12RB1
POLB,PCNA,P4HB,RIPK1,MC2R
POLB,XRCC1,PARP1,RPA4,AQP6,TSPO2
POLB,PCNA,P4HB,RIPK1
POLB,PCNA,RHOF,TIAM1
POLB,H2BC8,BRD2,RAB2B
POLB,PCNA,UBE2D3,BIRC7,GPR37L1
POLB,PCNA,PRDX6,SPR,AGPAT3
POLB,PCNA,RHOF,TIAM1
POLB,PCNA,POLD1,GINS4,TMPRSS11E
POLB,PCNA,RHOF,TIAM1,VARS2,AMACR
POLB,PCNA,RHOF,TIAM1,MPP2
POLB,PCNA,RHOF,TIAM1,MUC5B
POLB,PCNA,UBB,TNFRSF1A
POLB,XRCC1,PARP1,RPA4,PREX2
POLB,PCNA,POLD1,GINS4,TRIM16
POLB,PCNA,KCTD10,SH3KBP1
POLB,PCNA,PRDX6,SPR,LIFR
POLB,PCNA,KRAS,KPRP,SLC8A1
POLB,PCNA,KRAS,KPRP,PLA2G4C
POLB,PCNA,CDK6,UBE2W,EPS8L3
POLB,PCNA,KPNA1,TPX2,ROBO3
POLB,PCNA,EP300,TGS1,SLC3A1
POLB,PCNA,RHOF,TIAM1,RXFP1,LRP12,NMRK2
POLB,PCNA,UHRF1,PRKAR1A,FPGT,NLN
POLB,PCNA,CDKN1A,IKZF3,SLC15A4
POLB,H2BC8,SMARCA5,FGFR3
POLB,H2BC21,WDTC1,SLC25A22,NAA35
POLB,PCNA,RHOF,TIAM1,GABBR2
POLB,PCNA,P4HB,RIPK1
POLB,PCNA,RHOF,TIAM1
POLB,PCNA,RHOF,TIAM1,BTN3A1
POLB,PCNA,RHOF,TIAM1
POLB,XRCC1,PARP1,RPA4,EHD3
POLB,PCNA,RHOF,TIAM1
POLB,PCNA,EP300,TGS1,MS4A2
POLB,PCNA,RHOF,TIAM1
POLB,PCNA,P4HB,RIPK1
POLB,XRCC1,PARP1,RPA4,PCDHB14
POLB,XRCC1,PARP1,RPA4,BTNL2
POLB,PCNA,RHOF,TIAM1,SLC1A1
POLB,PCNA,H4C6,ZBTB20,ENTPD2
POLB,H2BC8,CHD8,CASR
POLB,PCNA,WWOX,CATSPERE,DUOX2
POLB,PCNA,UBB,TNFRSF1A
POLB,PCNA,EP300,TGS1,SLC26A3
POLB,PCNA,RHOF,TIAM1
POLB,H2BC21,TTN,ACTN3,FCMR
POLB,H2BC21,AKT1,TLR2
POLB,PCNA,CDK2,TTK,HTR3E
POLB,PCNA,RHOF,TIAM1
POLB,PCNA,RHOF,TIAM1,RAB33A
POLB,PCNA,EZH2,CRY2,SLC6A13
POLB,XRCC1,PARP1,RPA4,SLC2A8
POLB,PCNA,RHOF,TIAM1,CFP,NCR1
POLB,PCNA,PRDX3,ATP5F1B,MIGA1
POLB,PCNA,RHOF,TIAM1
POLB,PCNA,P4HB,RIPK1
POLB,PCNA,RHOF,TIAM1,CD300LB,TYROBP,TREM1
POLB,PCNA,RHOF,TIAM1,HPR,CD40LG
POLB,PCNA,USP4,YWHAH,ZGPAT
POLB,XRCC1,PARP1,RPA4,LAMTOR2
POLB,PCNA,RHOF,TIAM1,LMBR1L
POLB,PCNA,H2AZ2,FH,KNSTRN
POLB,PCNA,P4HB,RIPK1,GPR52
POLB,PCNA,RHOF,TIAM1,MICAL1
POLB,H2BC21,CDK14,GDE1,CAPRIN2
POLB,PCNA,RHOF,TIAM1
POLB,PCNA,RHOF,TIAM1
POLB,PCNA,RHOF,TIAM1
POLB,PCNA,P4HB,RIPK1,CCR6
POLB,PCNA,RHOF,TIAM1,RELT
POLB,PCNA,ZBTB38,PPP2R2A,PTN
POLB,PCNA,WWOX,CATSPERE,TNFRSF11B
POLB,PCNA,RHOF,TIAM1,KIRREL3
POLB,H2BC21,AKT1,TLR2
POLB,H2BC21,AKT1,TLR2
POLB,PCNA,POLD1,GINS4,BDKRB2
POLB,H2BC8,RCC2,NCSTN
POLB,PCNA,POLD1,GINS4,LPCAT2
POLB,PCNA,DHX15,SF3B5,RNPEP
POLB,PCNA,RHOF,TIAM1,HFE
POLB,H2BC8,H2AZ1,MYH15,KCNIP2
POLB,PCNA,KRAS,KPRP,MARCKSL1
POLB,PCNA,RHOF,TIAM1
POLB,PCNA,RHOF,TIAM1,FYB1
POLB,PCNA,UBB,TNFRSF1A
POLB,PCNA,RHOF,TIAM1
POLB,PCNA,RHOF,TIAM1,KCNQ5
POLB,PCNA,RELA,ASB9,IL6R
POLB,PCNA,UBA52,ZFYVE19,SERINC5
POLB,PCNA,RHOF,TIAM1,MALL
POLB,PCNA,UBB,TNFRSF1A,NTF3,NTRK3
POLB,PCNA,RHOF,TIAM1
POLB,XRCC1,KLF6,NR0B2,SLC16A2
POLB,PCNA,RHOF,TIAM1,SPINT2
POLB,PCNA,POLD1,GINS4,PLXNA4
POLB,PCNA,RHOF,TIAM1
POLB,PCNA,DHX15,SF3B5,LILRB4
POLB,PCNA,RELA,ASB9,PLGRKT
POLB,PCNA,P4HB,RIPK1
POLB,PCNA,IGF1R,ADAMTS4,GFRA3
POLB,PCNA,KCTD10,SH3KBP1
POLB,H2BC8,TAF5L,ALOX15B
POLB,PCNA,RHOF,TIAM1,DOCK3
POLB,H2BC21,IGSF3,TSPAN15
POLB,PCNA,RHOF,TIAM1,AKAP11
POLB,PCNA,APEX1,TXN,MMP16
POLB,H2BC8,GTF3C2,FOXS1,TUB
POLB,PCNA,EZH2,CRY2,SLC14A2
POLB,PCNA,ZRANB3,TPCN2,GPC3
POLB,PCNA,RHOF,TIAM1,RGS10
POLB,PCNA,UBB,TNFRSF1A
POLB,PCNA,UBE2D3,BIRC7,SLC22A11
POLB,H2BC8,CHD4,MAGEA3,CDSN
POLB,PCNA,MLH1,PPP3CB
POLB,PCNA,PRDX6,SPR,SERPINB6
POLB,H2BC8,CHD1,PTK6,ARAP1
POLB,PCNA,RHOF,TIAM1,CSF1R
POLB,PCNA,EP300,TGS1,TNFSF11
POLB,PCNA,NSD2,RPL4,TMEM63B
POLB,PCNA,PRDX6,SPR,SLC26A8
POLB,XRCC1,PARP1,RPA4,ENDOD1,DPEP1
POLB,PCNA,PRDX3,ATP5F1B
POLB,PCNA,ZBTB38,PPP2R2A,P2RY11
POLB,H2BC8,RBBP4,MBD3L1,BTBD17
POLB,PCNA,EP300,TGS1,PLAUR
POLB,PCNA,EP300,TGS1,PTGER2
POLB,PCNA,RHOF,TIAM1,TRPC6
POLB,PCNA,CDK5,STXBP1,RAB29
POLB,H2BC21,AKT1,TLR2
POLB,PCNA,KPNA1,TPX2,CLCN3,CNGA4
POLB,H2BC21,AKT1,TLR2
POLB,PCNA,RNASEH2A,ICAM5
POLB,PCNA,RHOF,TIAM1,MC4R
POLB,PCNA,H3C12,TPR,GJB2
POLB,PCNA,ATM,TTI2,PNPLA2
POLB,PCNA,RHOF,TIAM1
POLB,PCNA,SUMO1,VHL
POLB,PCNA,RHOF,TIAM1
POLB,PCNA,RHOF,TIAM1
POLB,PCNA,POLD1,GINS4,CHRNA7
POLB,PCNA,RHOF,TIAM1,TDGF1,LRFN3
POLB,PCNA,RHOF,TIAM1
POLB,PCNA,RHOF,TIAM1,OPCML
POLB,PCNA,KIAA1522,NCK1,ACE2,SLC6A19
POLB,PCNA,RHOF,TIAM1,KCNB2
POLB,PCNA,RHOF,TIAM1,CD33
POLB,H2BC21,AKT1,TLR2
POLB,PCNA,RHOF,TIAM1,LINGO1,LY86,CD180
POLB,PCNA,RHOF,TIAM1,EXOC6
POLB,PCNA,UBE2I,CAMK2D,INPP5J
POLB,PCNA,RHOF,TIAM1,ASIC2
POLB,PCNA,RHOF,TIAM1,SLC6A1
POLB,H2BC21,RIF1,CLN3
POLB,XRCC1,PARP1,RPA4,HAUS4,HAUS7
POLB,PCNA,RHOF,TIAM1
POLB,PCNA,SUMO1,VHL
POLB,PCNA,POLD1,GINS4,CLTC
POLB,PCNA,UBB,TNFRSF1A
POLB,PCNA,HOOK3,DCTN1,KCNF1
POLB,PCNA,EP300,TGS1,GCG
POLB,PCNA,DHX15,SF3B5,HHIP
POLB,H2BC21,RIF1
POLB,PCNA,RHOF,TIAM1,CFC1
POLB,H2BC8,CHD8,CASR
POLB,PCNA,RNASEH2A,ICAM5
POLB,PCNA,CALR,TMX3
POLB,PCNA,RHOF,TIAM1,BTLA
POLB,PCNA,RHOF,TIAM1,RAB3D
POLB,PCNA,KPNA1,TPX2,SLC7A14
POLB,PCNA,UBB,TNFRSF1A
POLB,PCNA,RNASEH2A,ICAM5
POLB,PCNA,UBB,TNFRSF1A
POLB,LIG3,MDC1,CDH13
POLB,PCNA,RHOF,TIAM1,ACKR3
POLB,PCNA,RHOF,TIAM1,MERTK
POLB,PCNA,RHOF,TIAM1,DUOX1,DUOXA1
POLB,PCNA,POLD1,GINS4,PCDHB15
POLB,XRCC1,POLK,SBSN,DHH
POLB,PCNA,RHOF,TIAM1,RAB3B
POLB,PCNA,P4HB,RIPK1
POLB,PCNA,UBB,TNFRSF1A
POLB,H2BC21,AKT1,TLR2
POLB,PCNA,RHOF,TIAM1
POLB,H2BC21,LARP7,EPB42
POLB,H2BC21,IGSF3,TSPAN15
POLB,PCNA,RHOF,TIAM1,CDH15
POLB,PCNA,PRDX6,SPR,RASGRP2
POLB,H2BC21,LARP7,EPB42
POLB,PCNA,ZBTB38,PPP2R2A,TRARG1
POLB,PCNA,RHOF,TIAM1,MAGI3
POLB,PCNA,RHOF,TIAM1
POLB,PCNA,RHOF,TIAM1
POLB,PCNA,RHOF,TIAM1,SERINC3
POLB,PCNA,UHRF2,ZNF410,SMPD2
POLB,PCNA,RHOF,TIAM1
POLB,PCNA,KIAA1522,NCK1,PAK3
POLB,H2BC21,UBQLN1,FGF7,CDHR3
POLB,PCNA,CDK5,STXBP1
POLB,PCNA,KRAS,KPRP,ERVMER34-1
POLB,PCNA,P4HB,RIPK1
POLB,PCNA,EP300,TGS1,ABCG4
POLB,PCNA,RHOF,TIAM1
POLB,XRCC1,PARP1,RPA4,LIN7B
POLB,PCNA,RHOF,TIAM1,SCN1B
POLB,LIG3,NR3C1,CLPTM1L,HYAL3
POLB,PCNA,HOOK3,DCTN1,CTSF
POLB,PCNA,TOP2A,NCAPH,UNC5A
POLB,PCNA,IGF1R
POLB,PCNA,P4HB,RIPK1
POLB,PCNA,RHOF,TIAM1
POLB,PCNA,RHOF,TIAM1,CELSR3
POLB,PCNA,POLD1,GINS4,CLNS1A
POLB,PCNA,SUMO1,VHL
POLB,PCNA,EP300,TGS1,WNK3,SLC12A4
POLB,PCNA,RHOF,TIAM1,SLC22A4,SLC5A6
POLB,XRCC1,PARP1,RPA4,MTFR1
POLB,PCNA,UBB,TNFRSF1A
POLB,XRCC1,KLF10,TNS1,LPP
POLB,PCNA,KRAS,KPRP,CBLIF,CUBN
POLB,PCNA,ZBTB1,PALLD
POLB,PCNA,RHOF,TIAM1
POLB,PCNA,SUMO1,VHL
POLB,PCNA,UBE2A,KEAP1,TRPV5
POLB,PCNA,H4C6,ZBTB20,TMEM106A
POLB,H2BC21,AKT1,TLR2,PLB1
POLB,H2BC21,AHNAK
POLB,H2BC21,ING4,JADE1
POLB,PCNA,HOOK3,DCTN1,TMEM87A
POLB,PCNA,RHOF,TIAM1
POLB,PCNA,RHOF,TIAM1
POLB,PCNA,CALR,TMX3
POLB,PCNA,CALR,TMX3
POLB,PCNA,P4HB,RIPK1
POLB,PCNA,RHOF,TIAM1,PRG3
POLB,PCNA,RHOF,TIAM1
POLB,PCNA,RELA,ASB9,APOLD1
POLB,PCNA,SUMO1,VHL
POLB,PCNA,PIDD1,HSD17B14,SLC16A5
POLB,PCNA,ZBTB38,PPP2R2A,CMYA5
POLB,PCNA,RHOF,TIAM1
POLB,H2BC8,ZMYM2,C8A
POLB,PCNA,RHOF,TIAM1,DLGAP1
POLB,PCNA,RHOF,TIAM1,ATP6V0A4
POLB,XRCC1,POLK,SBSN,TYRO3
POLB,XRCC1,KLF10,TNS1,PTP4A3
POLB,PCNA,RELA,ASB9,TRPM7
POLB,H2BC8,CHD1,PTK6
POLB,H2BC21,AKT1,TLR2
POLB,PCNA,RHOF,TIAM1
POLB,PCNA,POLD1,GINS4,IL10RB
POLB,PCNA,P4HB,RIPK1,NPY2R
POLB,PCNA,RHOF,TIAM1,CLINT1
POLB,PCNA,RELA,ASB9,TRAK2
POLB,PCNA,KPNA1,TPX2,ADA
POLB,PCNA,P4HB,RIPK1
POLB,PCNA,RHOF,TIAM1,SLC1A5
POLB,PCNA,PRDX3,ATP5F1B
POLB,PCNA,RHOF,TIAM1
POLB,XRCC1,POLL,FAM9B,SYT17
POLB,PCNA,RHOF,TIAM1
POLB,PCNA,RHOF,TIAM1,GPNMB
POLB,PCNA,P4HB,RIPK1,MRGPRD
POLB,PCNA,RHOF,TIAM1,ENAH
POLB,XRCC1,KLF10,TNS1,ENG
POLB,PCNA,RHOF,TIAM1,PCDHA8
POLB,PCNA,RHOF,TIAM1,SPRY1
POLB,PCNA,EP300,TGS1,PSG9
POLB,PCNA,RHOF,TIAM1,GP9
POLB,PCNA,RHOF,TIAM1,CDC42
POLB,PCNA,RHOF,TIAM1
POLB,XRCC1,POLK,SBSN,TNFRSF18
POLB,XRCC1,KLF10,TNS1,SLC19A3
POLB,PCNA,H4C6,ZBTB20,GOLM1
POLB,H2BC8,CHD8,CASR
POLB,PCNA,RHOF,TIAM1
POLB,PCNA,CDKN1C,LIMK1,RXFP2
POLB,H2BC21,AKT1,TLR2
POLB,H2BC21,MYC,ELL,KIR2DL4
POLB,XRCC1,POLL,FAM9B,HLA-DRB1
POLB,PCNA,KCTD10,SH3KBP1
POLB,H2BC21,LARP7,EPB42
POLB,PCNA,CDK4,PRKAA1,MGLL
POLB,PCNA,RHOF,TIAM1,DDR1
POLB,PCNA,UBB,TNFRSF1A
POLB,H2BC8,HEATR1,SPN
POLB,H2BC8,CHD8,CASR
POLB,PCNA,RHOF,TIAM1,TBC1D30
POLB,PCNA,UBB,TNFRSF1A
POLB,XRCC1,PARP1,RPA4,ARHGAP19
POLB,PCNA,RHOF,TIAM1
POLB,PCNA,KRAS,KPRP,SYTL3
POLB,PCNA,ZBTB1,PALLD
POLB,PCNA,RHOF,TIAM1
POLB,PCNA,POLD3,MELTF
POLB,PCNA,RHOF,TIAM1
POLB,PCNA,NEDD8,EMG1,PRSS41
POLB,PCNA,YWHAQ,KSR1,NSMF
POLB,XRCC1,PARP1,RPA4,LAMTOR1
POLB,PCNA,RHOF,TIAM1
POLB,PCNA,RHOF,TIAM1,DLGAP2
POLB,PCNA,CCND3,CDK16
POLB,H2BC21,LARP7,EPB42
POLB,PCNA,RHOF,TIAM1,CFAP95
POLB,XRCC1,POLL,FAM9B,RAB17
POLB,H2BC21,IGSF3,TSPAN15,ADGRG6
POLB,PCNA,ZBTB38,PPP2R2A,VSTM4
POLB,PCNA,EZH2,CRY2,KLRK1,RAET1L
POLB,PCNA,RHOF,TIAM1,GPA33
POLB,PCNA,RHOF,TIAM1
POLB,PCNA,CDK5,STXBP1
POLB,PCNA,H3C12,TPR,DENND2B
POLB,PCNA,P4HB,RIPK1
POLB,PCNA,RHOF,TIAM1,RGS2
POLB,XRCC1,POLK,SBSN,SLC7A8
POLB,PCNA,RHOF,TIAM1,JAML
POLB,XRCC1,PARP1,RPA4,PIGU
POLB,PCNA,NEDD8,EMG1,SEMA4F
POLB,PCNA,DHX15,SF3B5,SLC7A9
POLB,PCNA,KRAS,KPRP,CNGA3,CNGB3
POLB,PCNA,RHOF,TIAM1,GDF5
POLB,XRCC1,PARP1,RPA4,LRP2
POLB,H2BC21,AKT1,TLR2
POLB,PCNA,EP300,TGS1,ZNF397
POLB,PCNA,RELA,ASB9,KIR2DL3
POLB,PCNA,RHOF,TIAM1,CDH11
POLB,PCNA,USP4
POLB,XRCC1,PARP1,RPA4,GSDMD
POLB,PCNA,RHOF,TIAM1,HTR2A
POLB,PCNA,RHOF,TIAM1,CALM1
POLB,PCNA,RHOF,TIAM1,TMEM179B,SLC47A1
POLB,PCNA,PRDX6,SPR,FTO
POLB,H2BC8,ACTL6A
POLB,H2BC8,CHD1L,NT5E
POLB,PCNA,RHOF,TIAM1,SELPLG
POLB,PCNA,RHOF,TIAM1,CD19
POLB,PCNA,RHOF,TIAM1,SH2B3
POLB,PCNA,RHOF,TIAM1
POLB,PCNA,RHOF,TIAM1,RYK
POLB,XRCC1,PARP1,RPA4,DPP10
POLB,PCNA,UBB,TNFRSF1A
POLB,PCNA,RHOF,TIAM1,MBP
POLB,PCNA,RHOF,TIAM1
POLB,PCNA,IGF1R,ADAMTS4,GFRA1
POLB,XRCC1,PARP1,RPA4,DYNC2H1
POLB,PCNA,YBX1,RBMXL2,ARHGEF39
POLB,H2BC21,H1-4,FBP2
POLB,PCNA,SHPRH,BCL11B,ADGRB2
POLB,PCNA,RHOF,TIAM1,SSTR3
POLB,PCNA,RHOF,TIAM1,NTM,QRFPR
POLB,PCNA,H4C6,ZBTB20,ARL6IP5
POLB,PCNA,RHOF,TIAM1,PCDHB7
POLB,PCNA,P4HB,RIPK1,NMUR2
POLB,H2BC21,RIF1,CLN3
POLB,PCNA,P4HB,RIPK1,GNG4
POLB,H2BC8,HEATR1,SPN
POLB,PCNA,RHOF,TIAM1
POLB,PCNA,P4HB,RIPK1
POLB,PCNA,SHPRH,BCL11B,ADGRB3
POLB,XRCC1,KLF10,TNS1,LPL
POLB,PCNA,EZH2,CRY2,CDHR4
POLB,PCNA,RHOF,TIAM1,PTH2R
POLB,PCNA,EP300,TGS1,SLC4A3
POLB,PCNA,RHOF,TIAM1,SLC16A14
POLB,PCNA,PRDX3,ATP5F1B
POLB,PCNA,CDK5,STXBP1
POLB,PCNA,NR2C2,PYCR3,C3AR1
POLB,PCNA,RHOF,TIAM1,L1CAM
POLB,H2BC21,ATAD1,AQP3
POLB,PCNA,H4C6,ZBTB20,VNN2
POLB,XRCC1,PARP1,RPA4,RAB39A
POLB,H2BC8,CENPH,IFT20,CLEC4M
POLB,PCNA,MLH1,PPP3CB
POLB,PCNA,KRAS,KPRP,S1PR4
POLB,PCNA,RHOF,TIAM1,WASHC2A
POLB,LIG3,NR3C1,CLPTM1L,CD38
POLB,PCNA,POLD1,GINS4,XK
POLB,PCNA,PMS2,PPP2CA,KNG1
POLB,PCNA,RHOF,TIAM1
POLB,PCNA,POLD1,GINS4,UNC5C
POLB,PCNA,UBB,TNFRSF1A
POLB,XRCC1,PARP1,RPA4,NISCH
POLB,XRCC1,PARP1,RPA4,PTPRO
POLB,PCNA,UBB,TNFRSF1A
POLB,PCNA,RHOF,TIAM1
POLB,PCNA,RHOF,TIAM1,RASL12
POLB,PCNA,KPNA1,TPX2,F5
POLB,PCNA,RHOF,TIAM1,ARHGAP33
POLB,PCNA,RHOF,TIAM1
POLB,PCNA,RPS27A,FBXO25,SLC10A1
POLB,PCNA,P4HB,RIPK1,SSTR4
POLB,PCNA,RHOF,TIAM1
POLB,PCNA,DHX15,SF3B5,PCDHGA11
POLB,PCNA,P4HB,RIPK1,GPR88
POLB,XRCC1,PARP1,RPA4,SLC2A13
POLB,PCNA,UBB,TNFRSF1A,SLC26A1
POLB,PCNA,RHOF,TIAM1,CYP2S1,TPRA1
POLB,PCNA,RHOF,TIAM1,WLS,WNT7B
POLB,PCNA,UBB,TNFRSF1A
POLB,PCNA,ARHGDIA,RHOH
POLB,H2BC8,BRD1,GAS6,PCDHA3
POLB,PCNA,RHOF,TIAM1,PARVB
POLB,PCNA,RHOF,TIAM1
POLB,H2BC21,AKT1,TLR2,CYBRD1
POLB,XRCC1,PARP1,RPA4,ABCC10,SV2C
POLB,PCNA,P4HB,RIPK1,OR1M1
POLB,PCNA,ZBTB1,PALLD
POLB,PCNA,EP300,TGS1,KLRB1
POLB,PCNA,KIAA1522,NCK1,RGS12
POLB,PCNA,H4C6,ZBTB20,GBA2
POLB,PCNA,GOLGA1,DVL3,KLHL13,KIRREL2
POLB,PCNA,PRDX6,SPR,KCNJ1
POLB,PCNA,H3C12,TPR,SNX33
POLB,XRCC1,PARP1,RPA4,ANGPT1
POLB,PCNA,RHOF,TIAM1,GRAP
POLB,PCNA,PRDX3,ATP5F1B,MMP15
POLB,PCNA,IGF1R,ADAMTS4,ATP11B
POLB,H2BC8,EIF4H,MCC
POLB,PCNA,RHOF,TIAM1,CNKSR2
POLB,PCNA,RHOF,TIAM1
POLB,H2BC8,ACTB
POLB,PCNA,RHOF,TIAM1
POLB,PCNA,ZBTB38,PPP2R2A,DNAAF4
POLB,PCNA,H3C12,TPR,LAG3
POLB,PCNA,KRAS,KPRP,PDE6G
POLB,PCNA,RHOF,TIAM1
POLB,PCNA,KRAS,KPRP,PRLHR
POLB,H2BC21,AKT1,TLR2
POLB,PCNA,EP300,TGS1,CCR5
POLB,PCNA,EZH2,CRY2,RGMB
POLB,PCNA,SUMO1,VHL
POLB,PCNA,RHOF,TIAM1,STYK1
POLB,PCNA,P4HB,RIPK1,HTR4
POLB,PCNA,RHOF,TIAM1
POLB,PCNA,RHOF,TIAM1,MIGA2
POLB,H2BC21,AKT1,TLR2
POLB,H2BC21,AKT1,TLR2
POLB,PCNA,KRAS,KPRP,CDHR2
POLB,PCNA,RHOF,TIAM1,IQCJ-SCHIP1
POLB,PCNA,RHOF,TIAM1,GRIN1
POLB,PCNA,RHOF,TIAM1,RABGGTA
POLB,PCNA,KRAS,KPRP,DRD5
POLB,H2BC8,CIZ1,TCTE1,TP53I13
POLB,XRCC1,PARP1,RPA4,ATAD3B
POLB,H2BC21,LARP7,EPB42
POLB,PCNA,RHOF,TIAM1,SPTBN4
POLB,PCNA,UBB,TNFRSF1A,NRXN3
POLB,H2BC8,ZNF629,RGS3
POLB,H2BC8,ACTB,DCTN5,TPSG1
POLB,XRCC1,POLI,RIGI,CD55
POLB,H2BC21,AKT1,TLR2
POLB,PCNA,KPNA1,TPX2,PKD2
POLB,PCNA,RHOF,TIAM1,JPH3
POLB,PCNA,UBE2D3,BIRC7,CCL1,CCR8
POLB,PCNA,P4HB,RIPK1
POLB,PCNA,RELA,ASB9,ABCC4
POLB,PCNA,EZH2,CRY2,CCR2
POLB,H2BC21,AKT1,TLR2
POLB,PCNA,RHOF,TIAM1,DIRAS1
POLB,PCNA,RHOF,TIAM1,NPR2
POLB,PCNA,KRAS,KPRP,ADIPOR2
POLB,PCNA,RHOF,TIAM1,RGL4
POLB,XRCC1,KLF6,NR0B2,ACVR2B
POLB,H2BC21,NUMA1
POLB,PCNA,KPNA1,TPX2,GPR142
POLB,PCNA,POLD1,GINS4,DZIP1L,LRRN4
POLB,PCNA,RELA,ASB9,TRPC5
POLB,H2BC8,BRD8,EMSY,GPBAR1
POLB,XRCC1,POLI,RIGI,TNFRSF10B
POLB,PCNA,RHOF,TIAM1
POLB,PCNA,RHOF,TIAM1,NRCAM
POLB,PCNA,IGF1R,ADAMTS4,SLC24A3
POLB,PCNA,RHOF,TIAM1
POLB,H2BC8,CHD1,PTK6
POLB,H2BC21,ZNF638,JPH4
POLB,PCNA,ZBTB38,PPP2R2A,CA14
POLB,XRCC1,PARP1,RPA4,MUSK
POLB,PCNA,UBC,TBC1D15,ECEL1
POLB,PCNA,RHOF,TIAM1,AVPR1A
POLB,PCNA,CDK5,STXBP1
POLB,XRCC1,KLF6,NR0B2,GNAZ
POLB,H2BC21,IGSF3,TSPAN15,ADGRE2
POLB,PCNA,UBE2I,CAMK2D,SLC34A1
POLB,XRCC1,POLI,RIGI,S100A12
POLB,PCNA,RHOF,TIAM1
POLB,XRCC1,KLF6,NR0B2,CD274,PDCD1
POLB,PCNA,KPNA1,TPX2,PCDH11X
POLB,PCNA,RHOF,TIAM1,BLNK
POLB,PCNA,RHOF,TIAM1
POLB,PCNA,RHOF,TIAM1
POLB,PCNA,RHOF,TIAM1,SDK2,RAET1E
POLB,PCNA,KIAA1522,NCK1,NFASC
POLB,H2BC8,EIF4H,MCC
POLB,XRCC1,PARP1,RPA4,SLC35G1
POLB,PCNA,KPNA1,TPX2,NOX5
POLB,PCNA,EP300,TGS1,C5AR1
POLB,PCNA,ZBTB38,PPP2R2A,CRB1
POLB,PCNA,RHOF,TIAM1,SDHB
POLB,XRCC1,KLF6,NR0B2,PRKAR2B
POLB,PCNA,UBE2I,CAMK2D,PLA2G4E
POLB,PCNA,RHOF,TIAM1
POLB,PCNA,KRAS,KPRP,KCNJ10
POLB,PCNA,CALR,TMX3
POLB,PCNA,CALR,TMX3
POLB,H2BC21,AIRE,CCDC87,ATP4B
POLB,PCNA,RHOF,TIAM1,CNTN1
POLB,PCNA,RHOF,TIAM1
POLB,PCNA,RPS27A
POLB,PCNA,RHOF,TIAM1,MTNR1B
POLB,PCNA,RHOF,TIAM1
POLB,PCNA,KPNA1,TPX2,MSRA
POLB,PCNA,KPNA1,TPX2,TSSK3,GP2
POLB,PCNA,RHOF,TIAM1
POLB,PCNA,PRDX6,SPR,PCDHB6
POLB,PCNA,RELA,ASB9,LILRB1
POLB,PCNA,RHOF,TIAM1
POLB,PCNA,UBB,TNFRSF1A
POLB,PCNA,RHOF,TIAM1
POLB,PCNA,RHOF,TIAM1,INPP5D
POLB,PCNA,WWOX,CATSPERE,SLC34A3
POLB,PCNA,CALR,TMX3,AMBP
POLB,PCNA,RHOF,TIAM1,PLCG1
POLB,PCNA,HOOK3,DCTN1,SLC23A1
POLB,PCNA,RHOF,TIAM1,FLT1
POLB,H2BC8,SMARCD1,TBR1,REEP2
POLB,PCNA,RHOF,TIAM1,GAS7
POLB,XRCC1,POLI,RIGI,NLRC4
POLB,PCNA,H3C12,TPR,APH1B
POLB,PCNA,YBX1,RBMXL2,SLC16A9
POLB,PCNA,RHOF,TIAM1
POLB,PCNA,RHOF,TIAM1
POLB,PCNA,UBB,TNFRSF1A
POLB,PCNA,CALR,TMX3,GABRG2
POLB,PCNA,RELA,ASB9,CLCN7,MCOLN3
POLB,H2BC21,LARP7,EPB42
POLB,PCNA,KIAA1522,NCK1,DOCK2
POLB,PCNA,P4HB,RIPK1,GNG3
POLB,PCNA,RHOF,TIAM1,LRP8
POLB,H2BC21,LARP7,EPB42
POLB,PCNA,ZBTB1,PALLD
POLB,PCNA,UBB,TNFRSF1A
POLB,PCNA,KPNA1,TPX2,KCND3
POLB,PCNA,RHOF,TIAM1
POLB,PCNA,RHOF,TIAM1,ADAM17
POLB,H2BC8,BRD2,RAB2B
POLB,PCNA,RHOF,TIAM1,DUOX1
POLB,PCNA,UBB,TNFRSF1A
POLB,PCNA,RHOF,TIAM1
POLB,PCNA,KIAA1522,NCK1
POLB,PCNA,CDK5,STXBP1
POLB,PCNA,RHOF,TIAM1
POLB,PCNA,H4C6,ZBTB20,CHRNA9
POLB,H2BC21,PHIP,DBT,TECTA
POLB,PCNA,RHOF,TIAM1,RGS16
POLB,XRCC1,KLF10,TNS1,GHR
POLB,PCNA,RHOF,TIAM1
POLB,PCNA,RELA,ASB9,TRPC3
POLB,PCNA,RNASEH2A,ICAM5
POLB,PCNA,UBC,TBC1D15,PLXND1
POLB,PCNA,CDK5,STXBP1
POLB,PCNA,UBE2I,CAMK2D,SLC16A7
POLB,PCNA,RHOF,TIAM1,TIE1
POLB,PCNA,POLD1,GINS4,PRSS8
POLB,H2BC21,UBQLN1,FGF7,GABRA4
POLB,PCNA,RHOF,TIAM1,ANKS4B
POLB,PCNA,RAD23A,SPANXN3,FZD4
POLB,PCNA,RHOF,TIAM1
POLB,XRCC1,PNKP,EIF4ENIF1,CNOT2
POLB,PCNA,RHOF,TIAM1,RAB22A
POLB,PCNA,CCND3,CDK16
POLB,XRCC1,KLF6,NR0B2,CACNA1A,CACNB4
POLB,PCNA,P4HB,RIPK1
POLB,PCNA,PRDX6,SPR,CEMIP
POLB,PCNA,ZBTB38,PPP2R2A,AMER2
POLB,PCNA,TOP2A,NCAPH,SLC29A1
POLB,PCNA,RHOF,TIAM1
POLB,PCNA,EP300,TGS1,FCER1G
POLB,H2BC8,ZMYM2,C8A
POLB,H2BC21,AKT1,TLR2
POLB,PCNA,RELA,ASB9,SLC13A5
POLB,H2BC8,HP1BP3,PTPRB
POLB,PCNA,P4HB,RIPK1
POLB,PCNA,UBB,TNFRSF1A
POLB,PCNA,RHOF,TIAM1,GRIN1,GRIN3A
POLB,XRCC1,PARP1,RPA4,ALPI
POLB,PCNA,IGF1R,ADAMTS4,TSPAN2
POLB,PCNA,EZH2,CRY2,JPT2
POLB,PCNA,KPNA1,TPX2,INSC
POLB,PCNA,EP300,TGS1,ANXA9
POLB,XRCC1,POLK,SBSN,B3GNT3
POLB,PCNA,USP11,MTHFD1,SERPINA12
POLB,PCNA,ARHGDIA,RHOH
POLB,PCNA,RHOF,TIAM1
POLB,PCNA,FEN1,DNA2,LTBR,TNFSF14
POLB,PCNA,ZBTB38,PPP2R2A,TBC1D2
POLB,PCNA,KRAS,KPRP,GPR35
POLB,H2BC21,CDK14,GDE1
POLB,PCNA,IGF1R,ADAMTS4,RGS17
POLB,PCNA,PRDX6,SPR,CNR2,GPR18
POLB,PCNA,USP4,YWHAH,KCNK18
POLB,PCNA,UBE2I,CAMK2D,KCNJ11
POLB,PCNA,RHOF,TIAM1,LRIG2
POLB,H2BC8,XRCC5,CEP128,PLPPR4
POLB,PCNA,ZBTB38,PPP2R2A,PLXNA3
POLB,PCNA,RHOF,TIAM1
POLB,PCNA,EP300,TGS1,IL15RA
POLB,PCNA,RHOF,TIAM1,HCN2
POLB,H2BC8,YWHAB,PPEF1,ABHD6
POLB,PCNA,IGF1R,ADAMTS4,TM9SF2
POLB,XRCC1,KLF10,TNS1,CACYBP,ITPRIP
POLB,XRCC1,KLF6,NR0B2,KCNMA1,KCNMB1
POLB,PCNA,RHOF,TIAM1
POLB,PCNA,RHOF,TIAM1
POLB,PCNA,ZBTB1,PALLD
POLB,PCNA,RHOF,TIAM1,TRHDE
POLB,H2BC21,CASQ2,EPB41L4B
POLB,LIG3,NR3C1,CLPTM1L,SLC9A7
POLB,LIG3,NR3C1,CLPTM1L,SLC5A1
POLB,PCNA,SUMO1,VHL
POLB,PCNA,YBX1,RBMXL2,NPDC1
POLB,PCNA,P4HB,RIPK1
POLB,PCNA,PRDX3,ATP5F1B
POLB,PCNA,RHOF,TIAM1
POLB,PCNA,ARHGDIA,RHOH
POLB,PCNA,PRDX3,ATP5F1B
POLB,XRCC1,PARP1,RPA4,FZD6
POLB,XRCC1,KLF10,TNS1,CABP1
POLB,PCNA,UBB,TNFRSF1A
POLB,PCNA,P4HB,RIPK1,TRPM3
POLB,XRCC1,KLF10,TNS1,SNX18
POLB,XRCC1,PARP1,RPA4,RASGRP1
POLB,H2BC21,AKT1,TLR2
POLB,PCNA,RHOF,TIAM1
POLB,PCNA,KRAS,KPRP,PALM
POLB,PCNA,RHOF,TIAM1,EXOC2
POLB,PCNA,EP300,TGS1,DCT
POLB,PCNA,CDK5,STXBP1
POLB,PCNA,UBB,TNFRSF1A
POLB,PCNA,UBA52,ZFYVE19,CLEC1B
POLB,PCNA,PRDX3,ATP5F1B
POLB,H2BC21,LARP7,EPB42
POLB,PCNA,P4HB,RIPK1,MPP3
POLB,PCNA,SUMO1,VHL,CD320
POLB,H2BC8,SDCBP,TEKT1,GPR17
POLB,PCNA,P4HB,RIPK1
POLB,H2BC21,DAXX,PIBF1,MYADM
POLB,PCNA,RHOF,TIAM1,PON2,ASIC4
POLB,PCNA,RHOF,TIAM1,SLA
POLB,PCNA,UBB,TNFRSF1A
POLB,PCNA,EP300,TGS1,CD3G
POLB,PCNA,EZH2,CRY2,ABCA3
POLB,PCNA,P4HB,RIPK1
POLB,PCNA,EZH2,CRY2,CSF2RA
POLB,PCNA,CDK5,STXBP1
POLB,PCNA,UBB,TNFRSF1A
POLB,PCNA,RHOF,TIAM1,ATP6AP2
POLB,PCNA,ZBTB38,PPP2R2A,RTN4R
POLB,PCNA,RHOF,TIAM1
POLB,PCNA,RHOF,TIAM1,GPM6A
POLB,H2BC8,CHD8,CASR
POLB,XRCC1,PARP1,RPA4,RAP2B
POLB,PCNA,RHOF,TIAM1,RRAD
POLB,XRCC1,PARP1,RPA4,SHANK2
POLB,PCNA,RHOF,TIAM1,CD72
POLB,XRCC1,PNKP,EIF4ENIF1,PI4KA,TTC7B
POLB,PCNA,UBE2D3,BIRC7,TICAM2
POLB,PCNA,RHOF,TIAM1
POLB,XRCC1,PARP1,RPA4,IL2RA
POLB,PCNA,RHOF,TIAM1,STXBP5L
POLB,PCNA,RHOF,TIAM1,MARCHF1
POLB,H2BC21,ZNF644,ATP9A
POLB,PCNA,RHOF,TIAM1
POLB,PCNA,H4C6,ZBTB20,GPRC5D
POLB,PCNA,KPNA1,TPX2,SNUPN
POLB,PCNA,DHX15,SF3B5,APLP1
POLB,PCNA,EP300,TGS1,PSTPIP2
POLB,PCNA,KRAS,KPRP,NLGN2
POLB,PCNA,RHOF,TIAM1,LANCL1
POLB,PCNA,MSH2,MGMT,HLA-DQA1
POLB,H2BC21,WDR5,SPECC1,JTB
POLB,PCNA,RHOF,TIAM1
POLB,PCNA,RHOF,TIAM1,SLC16A13
POLB,PCNA,RHOF,TIAM1
POLB,PCNA,RHOF,TIAM1,PACSIN2
POLB,PCNA,KRAS,KPRP,SLC22A5
POLB,PCNA,FEN1,DNA2,LTBR
POLB,PCNA,PRDX3,ATP5F1B,RAB27B
POLB,PCNA,RHOF,TIAM1
POLB,PCNA,RHOF,TIAM1,IL12RB1,IL12RB2
POLB,H2BC21,LARP7,EPB42
POLB,XRCC1,PARP1,RPA4,HLA-DQB2
POLB,H2BC21,AKT1,TLR2
POLB,PCNA,RELA,ASB9,GLP1R
POLB,PCNA,RHOF,TIAM1,MYO16
POLB,H2BC8,BRD3,LTBP1,CKAP4
POLB,PCNA,RHOF,TIAM1
POLB,XRCC1,PNKP,EIF4ENIF1,ITGB4
POLB,XRCC1,KLF10,TNS1,PTCH1
POLB,XRCC1,KLF10,TNS1,SH3GL2
POLB,PCNA,UBB,TNFRSF1A
POLB,PCNA,RHOF,TIAM1
POLB,PCNA,RHOF,TIAM1
POLB,H2BC8,CHD1L,NT5E
POLB,H2BC8,CHD8,CASR
POLB,PCNA,POLD1,GINS4,EXTL3
POLB,XRCC1,KLF10,TNS1,CD22
POLB,PCNA,RHOF,TIAM1
POLB,XRCC1,KLF6,NR0B2,KCNMA1
POLB,PCNA,PRDX6,SPR,EFHD2,OR2K2
POLB,PCNA,RHOF,TIAM1,TRPV6
POLB,PCNA,P4HB,RIPK1
POLB,PCNA,RELA,ASB9,IL6ST,CNTFR
POLB,PCNA,ZBTB38,PPP2R2A,WDR6
POLB,PCNA,RHOF,TIAM1,TRPM8
POLB,PCNA,KPNA1,TPX2,RANGRF
POLB,PCNA,CALR,TMX3
POLB,H2BC8,DHX16,EHD2
POLB,PCNA,EP300,TGS1,COPRS
POLB,XRCC1,PARP1,RPA4,SH3BGRL
POLB,XRCC1,KLF10,TNS1,TRPC4
POLB,PCNA,RHOF,TIAM1,SYT12
POLB,PCNA,PRDX6,SPR,CD163
POLB,PCNA,PRDX3,ATP5F1B,AQP10,LYVE1
POLB,PCNA,EZH2,CRY2,ELAPOR1
POLB,H2BC8,POTEE,AP4B1,PCDHA5
POLB,LIG3,NR3C1,CLPTM1L,MPP4
POLB,PCNA,RHOF,TIAM1,CISH
POLB,PCNA,ZBTB38,PPP2R2A,TMC7
POLB,PCNA,RELA,ASB9,CASP4
POLB,PCNA,PRDX6,SPR,NOXO1
POLB,PCNA,RHOF,TIAM1,SMAP1
POLB,PCNA,UBB,TNFRSF1A
POLB,PCNA,RHOF,TIAM1
POLB,PCNA,P4HB,RIPK1
POLB,PCNA,RHOF,TIAM1
POLB,PCNA,HOOK3,DCTN1,KATNB1
POLB,XRCC1,PARP1,RPA4,VAV3
POLB,PCNA,RHOF,TIAM1,SLC2A12
POLB,PCNA,RHOF,TIAM1,NRP1
POLB,XRCC1,KLF10,TNS1,SCNN1A
POLB,PCNA,KRAS,KPRP,CXCR1
POLB,PCNA,DHX15,SF3B5,SLAMF7
POLB,PCNA,EP300,TGS1,TIMD4
POLB,PCNA,RHOF,TIAM1
POLB,PCNA,MLH1,PPP3CB,KSR2
POLB,PCNA,RHOF,TIAM1,CD300A
POLB,PCNA,RHOF,TIAM1,GRIN1,GRIN3A
POLB,PCNA,RHOF,TIAM1
POLB,PCNA,P4HB,RIPK1
POLB,PCNA,CALR,TMX3,ADGRL3,TENM2
POLB,PCNA,P4HB,RIPK1
POLB,XRCC1,PNKP,EIF4ENIF1,WHRN
POLB,PCNA,RHOF,TIAM1,CSF2RB
POLB,PCNA,DHX15,SF3B5,DCUN1D3
POLB,PCNA,EP300,TGS1,ZDHHC24,STOML3
POLB,XRCC1,PARP1,RPA4,PRAM1
POLB,PCNA,CCND3,CDK16
POLB,PCNA,RHOF,TIAM1,CLEC12A
POLB,XRCC1,PARP1,RPA4,YIPF3
POLB,PCNA,PMS2,PPP2CA
POLB,PCNA,PPIA,TAGLN2,SLC12A9
POLB,PCNA,UBE2I,CAMK2D,ATP10B
POLB,PCNA,P4HB,RIPK1,HTR1D
POLB,PCNA,RHOF,TIAM1,STK10
POLB,PCNA,RHOF,TIAM1,LAIR1
POLB,PCNA,RHOF,TIAM1,AKAP5
POLB,PCNA,KRAS
POLB,PCNA,KRAS,KPRP,RAB3C
POLB,PCNA,ZBTB1,PALLD
POLB,PCNA,PRDX6,SPR,SOCS7
POLB,PCNA,RHOF,TIAM1,SELL
POLB,XRCC1,KLF10,TNS1,TRPV4
POLB,PCNA,RHOF,TIAM1,SYT6,SYT10
POLB,H2BC21,AKT1,TLR2,GRK4
POLB,PCNA,POLD1,GINS4,MYOF
POLB,XRCC1,PARP1,RPA4,ENDOD1,DPEP1
POLB,PCNA,SUMO1,VHL
POLB,PCNA,ARHGDIA,RHOH
POLB,PCNA,CDK1,CKS2,DCST1
POLB,H2BC21,AKT1,TLR2
POLB,PCNA,P4HB,RIPK1,GALR1
POLB,PCNA,GOLGA1,DVL3,SLC6A4
POLB,PCNA,RHOF,TIAM1
POLB,PCNA,RHOF,TIAM1,SLC10A7
POLB,PCNA,KPNA1,TPX2,TJP3
POLB,PCNA,H4C6,ZBTB20,GPR22
POLB,PCNA,RHOF,TIAM1
POLB,PCNA,H2AZ2,FH,SLC16A10
POLB,PCNA,RHOF,TIAM1,SLA2
POLB,H2BC21,AKT1,TLR2
POLB,PCNA,KRAS,KPRP,SPPL3
POLB,PCNA,HSCB,ZNF648,P2RX1
POLB,PCNA,EP300,TGS1,PPIP5K1
POLB,PCNA,IGF1R,ADAMTS4,APLNR
POLB,PCNA,RHOF,TIAM1
POLB,PCNA,PRDX6,SPR,PTP4A1,CNNM1
POLB,PCNA,RHOF,TIAM1
POLB,PCNA,RELA,ASB9,CCR3
POLB,PCNA,RHOF,TIAM1
POLB,PCNA,RELA,ASB9,TNFRSF1B
POLB,PCNA,RHOF,TIAM1,OR1D2
POLB,PCNA,RHOF,TIAM1
POLB,PCNA,POLD3,MELTF
POLB,PCNA,P4HB,RIPK1
POLB,PCNA,RHOF,TIAM1,CP
POLB,PCNA,P4HB,RIPK1
POLB,PCNA,UBA52,ZFYVE19,VPS28
POLB,PCNA,RELA,ASB9,GLP2R
POLB,PCNA,P4HB,RIPK1
POLB,H2BC8,ACTB,DCTN5,CLDN8
POLB,PCNA,RHOF,TIAM1,CD5
POLB,PCNA,POLD1,GINS4,SEZ6L2
POLB,XRCC1,KLF6,NR0B2,SIDT2
POLB,PCNA,SUMO1,VHL
POLB,PCNA,P4HB,RIPK1
POLB,XRCC1,PARP1,RPA4,ABCB6
POLB,PCNA,UBB,TNFRSF1A
POLB,H2BC8,BRD2,RAB2B
POLB,PCNA,RHOF,TIAM1,F7
POLB,XRCC1,KLF10,TNS1,GDPD5
POLB,H2BC21,TMEM192,GNS,GLDC
POLB,PCNA,RHOF,TIAM1,LPAR6
POLB,PCNA,RHOF,TIAM1,SVIP
POLB,XRCC1,POLK,SBSN,ASGR1
POLB,PCNA,RHOF,TIAM1,SLC30A2,SLC30A10
POLB,PCNA,EP300,TGS1,TNFRSF4
POLB,PCNA,CALR,TMX3
POLB,PCNA,RHOF,TIAM1,AP2S1
POLB,PCNA,KRAS,KPRP,HJV
POLB,PCNA,UBE2D3,BIRC7,BCAM
POLB,H2BC21,ATAD1,AQP3
POLB,PCNA,EP300,TGS1,EDA2R
POLB,PCNA,RHOF,TIAM1,CRHR1
POLB,PCNA,ZBTB38,PPP2R2A,CATIP
POLB,PCNA,P4HB,RIPK1
POLB,PCNA,ZBTB38,PPP2R2A,IRAK4
POLB,PCNA,PRDX3,ATP5F1B
POLB,H2BC21,PKMYT1,INSRR
POLB,PCNA,EP300,TGS1,PCDH1
POLB,H2BC21,ZNF644,ATP9A
POLB,XRCC1,PARP1,RPA4,ENO3
POLB,PCNA,RHOF,TIAM1,LIN7A
POLB,PCNA,UBE2I,CAMK2D,PLA2G6
POLB,PCNA,RHOF,TIAM1,TLR1
POLB,PCNA,RHOF,TIAM1,PTPRD
POLB,PCNA,RHOF,TIAM1
POLB,H2BC21,IGSF3,TSPAN15,PROM2
POLB,PCNA,RHOF,TIAM1,SPTBN5
POLB,PCNA,UHRF2,ZNF410,DOK7
POLB,PCNA,CALR,TMX3
POLB,PCNA,POLD1,GINS4,SERPINB3
POLB,PCNA,P4HB,RIPK1,ADGRG3
POLB,PCNA,RHOF,TIAM1,PCDHGA5
POLB,PCNA,PRDX6,SPR,KLK10,SERPINB10
POLB,PCNA,RHOF,TIAM1,PECAM1
POLB,PCNA,RHOF,TIAM1,NDUFB11,GPR42
POLB,H2BC8,CHMP5,SGTB,SLC20A2
POLB,PCNA,PRDX6,SPR,KCNV2
POLB,PCNA,DHX15,SF3B5,RGS11
POLB,PCNA,EZH2,CRY2,FLCN
POLB,PCNA,RELA,ASB9,KLRC2
POLB,PCNA,RHOF,TIAM1
POLB,PCNA,RHOF,TIAM1,PTH1R
POLB,PCNA,ZBTB38,PPP2R2A,OR52L1
POLB,PCNA,MLH1,PPP3CB
POLB,PCNA,KIAA1522,NCK1,SLC9A6
POLB,PCNA,RHOF,TIAM1,LRCH4
POLB,H2BC21,TTN,ACTN3
POLB,PCNA,RHOF,TIAM1,EPHA6
POLB,PCNA,RHOF,TIAM1,PLD2
POLB,H2BC21,AKT1,TLR2
POLB,PCNA,CDK4,PRKAA1,RAB40AL
POLB,PCNA,EP300,TGS1,FGA
POLB,PCNA,RHOF,TIAM1,CLEC2B
POLB,PCNA,KPNA1,TPX2,RAB39B
POLB,PCNA,RHOF,TIAM1,DSG3
POLB,PCNA,POLD2,NIBAN1
POLB,H2BC21,LARP7,EPB42
POLB,XRCC1,POLK,SBSN,ASGR2
POLB,PCNA,YWHAQ,KSR1,TLR5
POLB,PCNA,PPP1CC,TOR1AIP1,SYT5
POLB,PCNA,FIBP,RNF32,FGFBP1
POLB,PCNA,FEN1,DNA2,LMAN2
POLB,PCNA,KRAS,KPRP,ABCC8
POLB,PCNA,RHOF,TIAM1,GRPR
POLB,PCNA,RHOF,TIAM1,LRP1
POLB,H2BC21,AKT1,TLR2
POLB,H2BC21,AKT1,TLR2,PSG4
POLB,PCNA,RHOF,TIAM1
POLB,PCNA,RNASEH2A,ICAM5
POLB,PCNA,CALR,TMX3
POLB,PCNA,RHOF,TIAM1
POLB,XRCC1,PARP1,RPA4,UBL3
POLB,PCNA,RHOF,TIAM1
POLB,PCNA,RHOF,TIAM1,CD244
POLB,PCNA,KRAS,KPRP,CPNE5
POLB,PCNA,PPP1CB,PAPOLA,WDPCP
POLB,PCNA,RHOF,TIAM1
POLB,XRCC1,KLF6,NR0B2,PDE2A
POLB,PCNA,UBE2I,CAMK2D,SLC17A1
POLB,H2BC21,LARP7,EPB42
POLB,PCNA,RHOF,TIAM1
POLB,XRCC1,POLK,SBSN,PROZ,OR52W1
POLB,PCNA,RHOF,TIAM1,LSAMP
POLB,PCNA,UBB,TNFRSF1A
POLB,PCNA,HSCB,ZNF648,ALG10B
POLB,PCNA,RHOF,TIAM1,CACNG2
POLB,PCNA,RHOF,TIAM1
POLB,XRCC1,PARP1,RPA4,PTPRS,GPC2
POLB,H2BC21,TMEM192,GNS,LARGE1
POLB,H2BC21,H1-4,FBP2
POLB,XRCC1,POLK,SBSN,RAB9B
POLB,PCNA,RHOF,TIAM1,RXFP1,LRP12
POLB,H2BC8,ARID4A
POLB,XRCC1,PARP1,RPA4,PANX1
POLB,LIG3,NR3C1,CLPTM1L,CNGB1,CNGA1
POLB,PCNA,RHOF,TIAM1,CACNA1D
POLB,PCNA,WWOX,CATSPERE,ADAM30
POLB,PCNA,UBB,TNFRSF1A
POLB,XRCC1,PARP1,RPA4,NOD1
POLB,PCNA,RHOF,TIAM1,SLC12A1
POLB,PCNA,FEN1,DNA2,MYOT
POLB,H2BC21,AIRE,CCDC87,SLC26A9
POLB,PCNA,KPNA1,TPX2,SLC6A5
POLB,PCNA,RHOF,TIAM1,HCN4
POLB,PCNA,NR2C2,PYCR3,ADAM11
POLB,PCNA,KRAS,KPRP,ARF1
POLB,PCNA,EP300,TGS1,IL12A,EBI3
POLB,PCNA,RHOF,TIAM1,ICAM2
POLB,PCNA,H3C12,TPR,SCN4A
POLB,PCNA,RHOF,TIAM1,SLC22A4
POLB,H2BC21,AKT1,TLR2
POLB,PCNA,RHOF,TIAM1,CPNE8
POLB,PCNA,KPNA1,TPX2,ACE
POLB,H2BC8,CHD8,CASR
POLB,PCNA,P4HB,RIPK1
POLB,XRCC1,PARP1,RPA4,CIP2A
POLB,PCNA,EP300,TGS1,SCN9A
POLB,H2BC8,XRCC5
POLB,PCNA,RELA,ASB9,MR1
POLB,PCNA,GOLGA1,DVL3,WNT4
POLB,PCNA,RHOF,TIAM1
POLB,XRCC1,PARP1,RPA4,FCGR2A
POLB,PCNA,H4C6,ZBTB20,SLC35A1
POLB,XRCC1,PARP1,RPA4,KCNA2
POLB,PCNA,SUMO1,VHL
POLB,H2BC8,CHD1L,NT5E
POLB,PCNA,RHOF,TIAM1,AVPR2
POLB,PCNA,EZH2,CRY2,TTLL5
POLB,PCNA,P4HB,RIPK1,FPR1
POLB,H2BC8,VDAC1
POLB,PCNA,UHRF2,ZNF410,MANSC4
POLB,H2BC21,AKT1
POLB,PCNA,RHOF,TIAM1
POLB,XRCC1,PARP1,RPA4,MIEN1
POLB,PCNA,RELA,ASB9,KIR2DL1
POLB,PCNA,RELA,ASB9,TRPV1
POLB,XRCC1,KLF10,TNS1,STX11,SCNN1D
POLB,PCNA,RHOF,TIAM1,AKAP10
POLB,PCNA,H3C12,TPR,FAT3
POLB,H2BC8,DHX16,EHD2
POLB,H2BC8,HMG20A,PAWR,ADAP2
POLB,PCNA,RHOF,TIAM1
POLB,PCNA,RHOF,TIAM1,DAG1
POLB,PCNA,RHOF,TIAM1,RHEBL1
POLB,H2BC8,ZNF768,SLC16A6
POLB,PCNA,P4HB,RIPK1
POLB,PCNA,RHOF,TIAM1,MRPL42
POLB,PCNA,EZH2,CRY2,KLRK1
POLB,PCNA,ZBTB38,PPP2R2A,CR2
POLB,XRCC1,KLF10,TNS1,RHO
POLB,H2BC21,LARP7,EPB42
POLB,PCNA,UBB,TNFRSF1A
POLB,H2BC21,OBSL1,MTMR2,SGCD
POLB,PCNA,NR2C2,PYCR3,KCTD3
POLB,PCNA,UBB,TNFRSF1A
POLB,PCNA,CALR,TMX3,SLC40A1
POLB,PCNA,MSH6,ANKRD17,ADGRV1
POLB,PCNA,RELA,ASB9,TRPM6
POLB,H2BC21,LARP7,EPB42
POLB,PCNA,PMS2,PPP2CA
POLB,PCNA,PRDX3,ATP5F1B
POLB,PCNA,RELA,ASB9,TRPM2
POLB,XRCC1,KLF10,TNS1,TF
POLB,PCNA,KIAA1522,NCK1
POLB,H2BC21,CASQ2,EPB41L4B
POLB,PCNA,P4HB,RIPK1
POLB,PCNA,EZH2,CRY2,PRLR
POLB,PCNA,RHOF,TIAM1,SLC1A3
POLB,XRCC1,PNKP,EIF4ENIF1,MYO10
POLB,PCNA,DHX15,SF3B5,TFPI
POLB,H2BC8,FOXM1,YTHDC1
POLB,PCNA,RHOF,TIAM1,GABBR1
POLB,PCNA,RHOF,TIAM1,TAMALIN
POLB,H2BC8,CHMP5
POLB,PCNA,GOLGA1,DVL3,SERINC1
POLB,PCNA,RHOF,TIAM1
POLB,PCNA,UBE2D3,BIRC7,SYTL5
POLB,PCNA,POLD1,GINS4,ERAS
POLB,PCNA,EP300,TGS1,SCN10A
POLB,H2BC8,SRCAP,PTPN3
POLB,PCNA,KIAA1522,NCK1,LRP4
POLB,PCNA,RHOF,TIAM1,MEGF10
POLB,PCNA,P4HB,RIPK1,HTR7
POLB,PCNA,PRDX6,SPR,ZP4
POLB,PCNA,UBE2D3,BIRC7,F11
POLB,PCNA,RHOF,TIAM1,SIGLEC11
POLB,PCNA,RHOF,TIAM1
POLB,PCNA,RHOF,TIAM1
POLB,PCNA,PRDX6,SPR,FZD1
POLB,PCNA,RHOF,TIAM1,CYSTM1
POLB,PCNA,PRDX3,ATP5F1B,OR1C1
POLB,PCNA,RELA,ASB9,CACNG8
POLB,PCNA,P4HB,RIPK1,TAS1R2
POLB,H2BC21,UBQLN1,FGF7,GABRA6
POLB,PCNA,PRDX6,SPR,ZBTB42
POLB,PCNA,UBE2D3,BIRC7,HOMER2
POLB,PCNA,PMS2,PPP2CA
POLB,PCNA,GOLGA1,DVL3,SLC30A8
POLB,H2BC21,AKT1,TLR2
POLB,PCNA,UBE2B
POLB,PCNA,IGF1R,ADAMTS4,RGS4
POLB,PCNA,P4HB,RIPK1
POLB,H2BC21,LARP7,EPB42
POLB,PCNA,UBB,TNFRSF1A
POLB,PCNA,P4HB,RIPK1
POLB,PCNA,HSCB,ZNF648,HTR3B
POLB,PCNA,RELA,ASB9,IL6ST
POLB,PCNA,DHX15,SF3B5,ELAPOR2
POLB,PCNA,EP300,TGS1,TMC8
POLB,XRCC1,PARP1,RPA4,SLC6A3
POLB,PCNA,RHOF,TIAM1,MICALL2
POLB,PCNA,DHX15,SF3B5,ACSL6
POLB,PCNA,EZH2,CRY2,ABCG8
POLB,PCNA,UBE2D3,BIRC7,CYTH3
POLB,PCNA,RELA,ASB9,MARCHF4,ABCA7
POLB,PCNA,RHOF,TIAM1
POLB,H2BC21,MYC,ELL,KREMEN1
POLB,XRCC1,KLF10,TNS1,LDLRAD3
POLB,PCNA,RHOF,TIAM1
POLB,XRCC1,PARP1,RPA4,SLC30A5
POLB,PCNA,P4HB,RIPK1,CALCRL,RAMP1
POLB,PCNA,POLD1,GINS4,DHRS3,OR10H2
POLB,PCNA,RELA,ASB9,UNC13A
POLB,PCNA,UBB,TNFRSF1A
POLB,PCNA,KRAS,KPRP,KCNJ5
POLB,PCNA,POLD3,MELTF
POLB,PCNA,GOLGA1,DVL3,YIPF4
POLB,H2BC21,CASQ2,EPB41L4B
POLB,XRCC1,PARP1,RPA4,SLMAP
POLB,PCNA,ZBTB38,PPP2R2A,S100A2,DGKH
POLB,PCNA,EP300,TGS1,CD3E
POLB,PCNA,RHOF,TIAM1
POLB,PCNA,RHOF,TIAM1,FGFR2
POLB,XRCC1,PARP1,RPA4,PAFAH1B2
POLB,PCNA,PRDX6,SPR,ARHGAP15
POLB,XRCC1,POLI,RIGI,PHB
POLB,H2BC21,KAT2A,SLC44A2
POLB,PCNA,ZBTB38,PPP2R2A,RAB25
POLB,H2BC21,IGSF3,TSPAN15
POLB,XRCC1,KLF6,NR0B2,ATP12A
POLB,PCNA,PRDX3,ATP5F1B,PIGN
POLB,PCNA,XPA,GTF2H1,IL17RB
POLB,PCNA,PRDX6,SPR,NECTIN4
POLB,PCNA,UBB,TNFRSF1A
POLB,PCNA,RHOF,TIAM1,PTPRU
POLB,PCNA,RHOF,TIAM1,KCNE3
POLB,PCNA,RHOF,TIAM1,NCR3LG1,CD200R1
POLB,H2BC21,LARP7,EPB42
POLB,PCNA,MYSM1,STING1
POLB,PCNA,H3C12,TPR,SNF8
POLB,PCNA,RHOF,TIAM1,CA9
POLB,PCNA,ZBTB38,PPP2R2A,KCNG3
POLB,H2BC8,HMG20A,PAWR
POLB,PCNA,RHOF,TIAM1
POLB,PCNA,UBC,TBC1D15,GJA4
POLB,PCNA,EP300,TGS1,PTAFR
POLB,PCNA,CALR,TMX3,PLPP1
POLB,PCNA,UBE2D3,BIRC7,LAMP3
POLB,H2BC21,BRPF1
POLB,PCNA,SUMO1,VHL
POLB,PCNA,RHOF,TIAM1
POLB,PCNA,RELA,ASB9,PLP2
POLB,PCNA,CALR,TMX3,ADGRL3
POLB,PCNA,P4HB,RIPK1,RGS6
POLB,PCNA,RHOF,TIAM1,EMC6,MMD
POLB,H2BC21,AKT1,TLR2
POLB,PCNA,RHOF,TIAM1,NCF4
POLB,H2BC21,LARP7,EPB42
POLB,PCNA,PRDX6,SPR,RAP1GAP2
POLB,PCNA,UBB,TNFRSF1A
POLB,PCNA,RHOF,TIAM1,AQP5
POLB,PCNA,P4HB,RIPK1
POLB,PCNA,RELA,ASB9,NALCN
POLB,PCNA,RHOF,TIAM1,SIRPD
POLB,PCNA,RHOF,TIAM1,SLC7A3
POLB,PCNA,GOLGA1,DVL3,KLHL13,KIRREL2
POLB,PCNA,PRDX6,SPR,ITGAX
POLB,XRCC1,PARP1,RPA4,HPN
POLB,PCNA,PRDX3,ATP5F1B
POLB,H2BC21,CDK14,GDE1
POLB,XRCC1,KLF6,NR0B2,NLRX1
POLB,PCNA,CDK5,STXBP1
POLB,PCNA,RHOF,TIAM1
POLB,PCNA,P4HB,RIPK1
POLB,PCNA,RHOF,TIAM1
POLB,PCNA,RHOF,TIAM1
POLB,H2BC8,ZMYM2,C8A,C8B
POLB,LIG3,NR3C1,CLPTM1L,TSPAN4
POLB,PCNA,RHOF,TIAM1,GPD1L
POLB,PCNA,P4HB,RIPK1
POLB,XRCC1,KLF6,NR0B2,OSMR
POLB,PCNA,ZBTB38,PPP2R2A,FAM120A
POLB,PCNA,ZBTB38,PPP2R2A,CDC42EP4
POLB,PCNA,RHOF,TIAM1,SLC16A4
POLB,XRCC1,POLL,FAM9B,SLC16A3
POLB,PCNA,P4HB,RIPK1
POLB,PCNA,RHOF,TIAM1,TDGF1
POLB,PCNA,RHOF,TIAM1
POLB,PCNA,KPNA1,TPX2,PTPRCAP
POLB,H2BC21,PKMYT1,INSRR
POLB,PCNA,UBB,TNFRSF1A
POLB,PCNA,RHOF,TIAM1
POLB,PCNA,RHOF,TIAM1
POLB,PCNA,IGF1R,ADAMTS4,OR2M7
POLB,H2BC8,HEATR1,SPN
POLB,H2BC8,ACTB,DCTN5,OR4E2
POLB,PCNA,PRDX3,ATP5F1B
POLB,PCNA,DHX15,SF3B5,CRLF3
POLB,XRCC1,KLF10,TNS1,ENPP1
POLB,H2BC8,CTCF,ZMYM1,PLEKHM3
POLB,PCNA,PRDX3,ATP5F1B
POLB,H2BC8,TAF5L,ALOX15B
POLB,PCNA,PRDX3,ATP5F1B
POLB,PCNA,RELA,ASB9,KCNQ3
POLB,PCNA,RHOF,TIAM1
POLB,PCNA,RHOF,TIAM1
POLB,PCNA,RHOF,TIAM1
POLB,PCNA,CALR,TMX3
POLB,XRCC1,PARP1,RPA4,ARHGEF18
POLB,XRCC1,KLF10,TNS1,SLC9A3
POLB,PCNA,RHOF,TIAM1
POLB,PCNA,EP300,TGS1,MEP1A
POLB,PCNA,EZH2,CRY2,PLCE1
POLB,PCNA,RHOF,TIAM1,EFNB3
POLB,PCNA,RHOF,TIAM1,RAB15
POLB,PCNA,P4HB,RIPK1
POLB,XRCC1,PARP1,RPA4,NOX4
POLB,PCNA,RHOF,TIAM1,EPOR
POLB,PCNA,UBB,TNFRSF1A
POLB,H2BC21,AKT1,TLR2
POLB,PCNA,CDK5,STXBP1
POLB,PCNA,RHOF,TIAM1,SLC4A8
POLB,PCNA,RHOF,TIAM1,CACNA1S
