REV3L,NR3C1,HSPA8,TLR4
REV3L,NR3C1,RAB11A,PODXL2
REV3L,NR3C1,PTPN9,VSIG8,RAB40AL
REV3L,NR3C1,JUN,CEBPE,CPNE2
REV3L,NR3C1,CAV1,MPP7,CLEC2B
REV3L,NR3C1,CAV1,MPP7,DSG3
REV3L,CHEK2,PPP2CA,RDH8
REV3L,NR3C1,ITGA5,ACVRL1
REV3L,H3-3B,FGF2,FGFBP1
REV3L,RRM1,SUMO2,SERPINB6
REV3L,NR3C1,LCK,RBM3,TLR5
REV3L,NR3C1,MAPK1,GNPTAB,SYT5
REV3L,H3-3B,FGF2,FGFBP1
REV3L,H3-3B,GSK3B,ACSBG1
REV3L,NR3C1,VDAC1,MRPL58
REV3L,NR3C1,EGFR,STIL,ABCC8
REV3L,NR3C1,ERK1/2,APBB1
REV3L,CHEK2,PPP2CA,RDH8
REV3L,NR3C1,IRAK3,IRAK1
REV3L,NR3C1,AKT1,PPL,PSG4
REV3L,MEF2A,HDAC7,UBL3
REV3L,NR3C1,ELOVL5,TMEM59
REV3L,NR3C1,ELOVL5,TMEM59,CPNE5
REV3L,NR3C1,FYN,SLC4A8
REV3L,NR3C1,STIP1,HINT1,PDE2A
REV3L,H3-3B,VCP,LRRC15
REV3L,NR3C1,AKT1,PPL,SLC17A1
REV3L,NR3C1,PPP5C,PLD3,WDPCP
REV3L,NR3C1,POGZ,TCIRG1
REV3L,NR3C1,JUN,CEBPE
REV3L,NR3C1,FYN,SLC4A8
REV3L,NR3C1,HSPA5,LOC102723407,OR52W1
REV3L,NR3C1,VDAC1,MRPL58
REV3L,SLC16A10,ACTA1,CADM4,LSAMP
REV3L,MAD2L1,TRAFD1,ALG10B
REV3L,NR3C1,CAV1,MPP7,CACNG2
REV3L,NR3C1,FYN,SLC4A8
REV3L,NR3C1,RHOA,SYNPO2,GPC2
REV3L,NR3C1,HSPA9,AQP12B,LARGE1
REV3L,NR3C1,IRS2
REV3L,NR3C1,NFKB1,NPEPPS,RAB9B
REV3L,NR3C1,JUN,CEBPE
REV3L,NR3C1,ERK1/2,APBB1,RXFP1,LRP12
REV3L,SLC16A10,ACTA1,CADM4,PANX1
REV3L,NR3C1,MAPK14,RALB
REV3L,NR3C1,ABCA4,CNGB1,CNGA1
REV3L,PMS1,UBC,PHPT1
REV3L,NR3C1,MAPK3,PEA15,CACNA1D
REV3L,MAD2L1,ERCC4,FANCG
REV3L,NR3C1,RHOA,SYNPO2,ADAM30
REV3L,NR3C1,PDCD6IP,SRI,MYOT
REV3L,NR3C1,ERK1/2,APBB1
REV3L,NR3C1,MAPK3,PEA15,SLC12A1
REV3L,NR3C1,KTN1,SLC16A7
REV3L,NR3C1,MDM2,PDS5A,SLC6A5
REV3L,NR3C1,CAV1,MPP7,SLC26A9
REV3L,NR3C1,ARF6,AP1B1,ADAM11
REV3L,NR3C1,RAB4A,MON2,ARF1
REV3L,NR3C1,ERK1/2,APBB1,IL6ST,EBI3
REV3L,NR3C1,FYN,SLC4A8
REV3L,NR3C1,ZBTB3,AP1M1
REV3L,NR3C1,MAPK8,PRPSAP1,ICAM2
REV3L,SLC16A10,SLC22A9,ABCB8,SLC22A4
REV3L,NR3C1,AKT1,PPL
REV3L,H3-3B,GSK3B,ACSBG1
REV3L,NR3C1,MAPK14,RALB,CPNE8
REV3L,NR3C1,RAB11A,PODXL2
REV3L,NR3C1,DAXX,CHMP3
REV3L,SLC16A10,ACTA1,CADM4,ACE
REV3L,NR3C1,SMARCD1,COL26A1
REV3L,NR3C1,NFIL3,CREB3L3,WNT4
REV3L,NR3C1,LCK,RBM3,MR1
REV3L,NR3C1,FYN,SLC4A8
REV3L,NR3C1,HSPA8,TLR4,SLC35A1
REV3L,NR3C1,HSPA8,TLR4
REV3L,NR3C1,HNRNPA1,XRN1
REV3L,MAD2L1,DSTYK,CD226
REV3L,NR3C1,JUN,CEBPE
REV3L,H3-3B,VCP,LRRC15
REV3L,SLC16A10,ACTA1,CADM4,FPR1
REV3L,NR3C1,VDAC1
REV3L,NR3C1,TRIM28,ZNF19,TTLL5
REV3L,NR3C1,MAPK3,PEA15,MANSC4
REV3L,NR3C1,AKT1
REV3L,NR3C1,PPP5C
REV3L,NR3C1,RAB10,MICAL3
REV3L,H3-3B,AKIRIN2,S100A16
REV3L,NR3C1,ERK1/2,APBB1
REV3L,NR3C1,RELA,COMMD10,KIR2DL1
REV3L,NR3C1,JUN,CEBPE
REV3L,NR3C1,JUN,CEBPE,AKAP10
REV3L,NR3C1,ERK1/2,APBB1,SCNN1D
REV3L,H3-3B,TRIM66,FAT3
REV3L,NR3C1,DSG4,ITGAD
REV3L,NR3C1,HSPA8,TLR4,ADAP2
REV3L,NR3C1,MAPK14,RALB
REV3L,SLC16A10,ACTA1,CADM4,DAG1
REV3L,NR3C1,DAXX,CHMP3
REV3L,MAD2L2,FZR1,RGS11
REV3L,NR3C1,FYN,SLC4A8
REV3L,NR3C1,AXL
REV3L,NR3C1,SMARCB1,CPSF6,KLRK1
REV3L,NR3C1,FYN,SLC4A8
REV3L,NR3C1,HSPA8,TLR4
REV3L,NR3C1,TRIM63,LMCD1,SGCD
REV3L,NR3C1,HSPA8,TLR4,KCTD3
REV3L,NR3C1,HSPA8,TLR4
REV3L,NR3C1,JUN,CEBPE
REV3L,NR3C1,DNAAF1
REV3L,NR3C1,JUN,CEBPE
REV3L,NR3C1,MAPK8,PRPSAP1,SLC40A1
REV3L,A1BG,KLK10,SERPINB10
REV3L,NR3C1,NCOR1,NELFE
REV3L,NR3C1,PPARG,MECP2,TRO
REV3L,NR3C1,HSPA8,TLR4
REV3L,NR3C1,MAPK14,RALB
REV3L,CHEK2,PPP2CA
REV3L,NR3C1,HDAC1,RBL2,TRPM2
REV3L,NR3C1,STAT5B,PRLR
REV3L,NR3C1,MAPK8,PRPSAP1,EPB41L4B
REV3L,NR3C1,RAF1
REV3L,NR3C1,ZBTB3,AP1M1
REV3L,CHEK2,FOXM1,SLC27A2
REV3L,NR3C1,AKT1,PPL
REV3L,SLC16A10,ACTA1,CADM4,GABBR1
REV3L,NR3C1,FYN,SLC4A8
REV3L,RRM1,SUMO2,SERPINB6
REV3L,NR3C1,HSPA8,TLR4
REV3L,NR3C1,BSN,ERC2,SYTL5
REV3L,NR3C1,ERK1/2,APBB1
REV3L,NR3C1,NEDD4L,ARRDC4
REV3L,NR3C1,PER1,DRC3
REV3L,NR3C1,AKT1,PPL
REV3L,NR3C1,METTL7A,RTN1,SLC22A13
REV3L,RRM1,PPP1CC,PDE6B
REV3L,NR3C1,FYN,SLC4A8
REV3L,NR3C1,FYN,SLC4A8,HTR7
REV3L,NR3C1,NEDD4L,ARRDC4
REV3L,NR3C1,FYN,SLC4A8
REV3L,NR3C1,MAPK3,PEA15,SIGLEC11
REV3L,NR3C1,JUN,CEBPE
REV3L,NR3C1,ERK1/2,APBB1
REV3L,NR3C1,JUN,CEBPE
REV3L,H3-3B,GSK3B,ACSBG1
REV3L,NR3C1,SLC16A1,CYSTM1
REV3L,NR3C1,AKT1,PPL
REV3L,NR3C1,LARP7,SEPTIN9,CACNG8
REV3L,MAD2L2,FZR1,RGS11
REV3L,NR3C1,ERK1/2,APBB1
REV3L,NR3C1,ZMPSTE24,SEC62,TAS1R2
REV3L,NR3C1,RHOB,KIF26A,GABRA6
REV3L,NR3C1,RHOA,SYNPO2,HOMER2
REV3L,NR3C1,AKT1,PPL
REV3L,NR3C1,AKT1,PPL
REV3L,NR3C1,RHOA,SYNPO2,SLC30A8
REV3L,NR3C1,JUN,CEBPE
REV3L,MAD2L1,ESR2,LRRC8E
REV3L,NR3C1,COX5B,NDUFC1,GPR42,MGAM
REV3L,NR3C1,FOXJ3,SERPINA12
REV3L,NR3C1,RAB6A
REV3L,NR3C1,RHOA,SYNPO2,RGS4
REV3L,NR3C1,AKT1,PPL
REV3L,NR3C1,FYN,SLC4A8
REV3L,H3-3B,LRRK2,SLK,HTR3B
REV3L,NR3C1,DHX40,BCLAF1,ELAPOR2
REV3L,NR3C1,ERK1/2,APBB1,IL6ST
REV3L,MAD2L2,FZR1,RGS11
REV3L,NR3C1,RAB8A,EXOC8
REV3L,MAD2L2,FZR1,RGS11
REV3L,NR3C1,FKBP5,PI4KA
REV3L,SLC16A10,ACTA1,CADM4,ACSL6
REV3L,NR3C1,HSPA8,TLR4
REV3L,NR3C1,FYN,SLC4A8
REV3L,NR3C1,STIP1,HINT1
REV3L,NR3C1,ZMPSTE24,SEC62,ABCA7
REV3L,H3-3B,MYC,ELL,KREMEN1
REV3L,NR3C1,HSP90B1,CLGN,OR1D5
REV3L,NR3C1,ARL8A,TBC1D9,OR10H2
REV3L,NR3C1,CEBPB,BHLHE41,CALCRL,RAMP1
REV3L,NR3C1,HDAC1,RBL2,TGFBI
REV3L,NR3C1,HSPA8,TLR4
REV3L,NR3C1,RHOA,SYNPO2,KCNJ5
REV3L,NR3C1,HSPA8,TLR4
REV3L,NR3C1,STUB1,EIPR1,DGKH
REV3L,NR3C1,CEBPA,C1QBP
REV3L,NR3C1,ERK1/2,APBB1
REV3L,NR3C1,AKT1,PPL
REV3L,NR3C1,HSPA12B,USP10,CTSZ
REV3L,H3-3B,UNK,PNRC1,TMEM50B
REV3L,A1BG,KLK10,SERPINB10
REV3L,NR3C1,JUN,CEBPE
REV3L,H3-3B,KAT2A,SLC44A2
REV3L,MAD2L1,DSTYK,CD226
REV3L,NR3C1,FYN,SLC4A8
REV3L,NR3C1,STAT3,STING1
REV3L,NR3C1,AKT1,PPL
REV3L,NR3C1,IGSF3,TSPAN15
REV3L,H3-3B,LRRK2
REV3L,NR3C1,HSPA8,TLR4
REV3L,NR3C1,RHOA,SYNPO2,PIGN
REV3L,NR3C1,IRAK3,IRAK1
REV3L,NR3C1,CAV1,MPP7,IL17RB
REV3L,NR3C1,MAPK3,PEA15,NECTIN4
REV3L,NR3C1,NFKBIA,COL7A1,KCNE3
REV3L,H3-3B,ASB2,DCUN1D3
REV3L,NR3C1,VDAC1,MRPL58
REV3L,NR3C1,FYN,SLC4A8
REV3L,CHEK2,ATR,FAAP24,MICA
REV3L,NR3C1,JUN,CEBPE
REV3L,NR3C1,RAB11A,PODXL2
REV3L,SLC16A10,INSIG2,ASTN2,KCNG3
REV3L,NR3C1,MAPK14,RALB
REV3L,NR3C1,ERK1/2,APBB1,PTAFR
REV3L,NR3C1,MAPK8,PRPSAP1,PLPP1
REV3L,NR3C1,HDAC1,RBL2,GJA4
REV3L,NR3C1,STIP1,HINT1
REV3L,NR3C1,ERK1/2,APBB1
REV3L,NR3C1,VDAC1,MRPL58
REV3L,NR3C1,CAV1,MPP7,LAMP3
REV3L,NR3C1,HSPA8,TLR4
REV3L,NR3C1,CEBPB,BHLHE41,PLP2
REV3L,NR3C1,HSPA8,TLR4
REV3L,NR3C1,RHEB
REV3L,NR3C1,ARF6,AP1B1,ADGRL3
REV3L,NR3C1,JUN,CEBPE
REV3L,NR3C1,MAPK3,PEA15,RGS6
REV3L,H3-3B,UNK,PNRC1,MMD
REV3L,NR3C1,JUN,CEBPE
REV3L,NR3C1,WTIP,TRIP6
REV3L,NR3C1,AKT1,PPL
REV3L,NR3C1,AKT1,PPL
REV3L,NR3C1,MAPK8,PRPSAP1,RAP1GAP2
REV3L,NR3C1,HSPA12B,USP10,AQP5
REV3L,NR3C1,NR4A3,VASN
REV3L,NR3C1,ARF6
REV3L,NR3C1,IRS2,EPN1
REV3L,MAD2L1,CUL3,DCUN1D5,KIRREL2
REV3L,NR3C1,HSPA8,TLR4
REV3L,NR3C1,ERK1/2,APBB1
REV3L,NR3C1,RHOA,SYNPO2,ITGAX
REV3L,NR3C1,NFKBIA,COL7A1,HPN
REV3L,NR3C1,IRAK3,IRAK1,NLRX1
REV3L,NR3C1,LPXN
REV3L,NR3C1,ERK1/2,APBB1
REV3L,NR3C1,LPXN,PLEKHN1
REV3L,NR3C1,DAXX,CHMP3
REV3L,NR3C1,C5,C8B
REV3L,NR3C1,ITGA3,TSPAN12
REV3L,NR3C1,HSPA8,TLR4
REV3L,NR3C1,ERK1/2,APBB1,FAM120A
REV3L,MAD2L1,RHOV,CDC42EP4
REV3L,NR3C1,SMARCB1,CPSF6,SLC16A3
REV3L,H3-3B,FGF2,FGFBP1
REV3L,SLC16A10,ACTA1,CADM4,TDGF1
REV3L,NR3C1,HSPA8,TLR4
REV3L,SLTM,MCC,WHRN
REV3L,NR3C1,ERK1/2,APBB1
REV3L,NR3C1,LARP7,SEPTIN9,NAA38,NAA35
REV3L,NR3C1,FKBP5,PI4KA
REV3L,NR3C1,RHOA,SYNPO2,OR2M7
REV3L,NR3C1,HSP90B1,CLGN,OR4E2
REV3L,NR3C1,PRDX3,APOE
REV3L,NR3C1,HSPA8,TLR4,CRLF3
REV3L,NR3C1,C5,C8B
REV3L,NR3C1,FYN,SLC4A8
REV3L,NR3C1,FYN,SLC4A8
REV3L,NR3C1,ERK1/2,APBB1
REV3L,NR3C1,KTN1,SLC16A7
REV3L,MAD2L1,TRIP13,CFP,PLEKHM3
REV3L,H3-3B,TAF5,SERPINB2
REV3L,NR3C1,ATP5F1B
REV3L,NR3C1,AKT1,PPL
REV3L,NR3C1,AKT1,PPL
REV3L,NR3C1,MUC16
REV3L,NR3C1,MAPK14,RALB
REV3L,NR3C1,ELOVL5,TMEM59
REV3L,NR3C1,KTN1,SLC16A7
REV3L,NR3C1,SMARCD1,COL26A1
REV3L,NR3C1,HDAC1,RBL2,MEP1A
REV3L,NR3C1,HDAC1,RBL2,EFNB3
REV3L,NR3C1,MAPK8,PRPSAP1,CEACAM6
REV3L,SLC16A10,ACTA1,CADM4,RAB15
REV3L,CHEK2,E2F1,RASGEF1B
REV3L,H3-3B,VCP,LRRC15
REV3L,NR3C1,FYN,SLC4A8
REV3L,NR3C1,MDM2,PDS5A
REV3L,NR3C1,HSPA8,TLR4
REV3L,NR3C1,FYN,SLC4A8
REV3L,H3-3B,EZH2,BMPR1B
REV3L,NR3C1,HSPA8,TLR4
REV3L,NR3C1,JUN,CEBPE
REV3L,NR3C1,ERK1/2,APBB1,CACNA1H
REV3L,NR3C1,RHOA,SYNPO2,LRRC52
REV3L,NR3C1,ZBTB3,AP1M1
REV3L,NR3C1,HSPA8,TLR4
REV3L,NR3C1,HSPA8,TLR4
REV3L,NR3C1,MAPK3,PEA15,SIGLEC9
REV3L,NR3C1,MAPK14,RALB,FEZ1
REV3L,NR3C1,HSPA8,TLR4
REV3L,SLC16A10,ACTA1,CADM4,FPR2
REV3L,NR3C1,RHOT2,CNR2
REV3L,NR3C1,ERK1/2,APBB1
REV3L,PMS1,UBC,PHPT1
REV3L,NR3C1,DSG4,ITGAD
REV3L,NR3C1,DNMT3L,F2RL1
REV3L,NR3C1,MAPK1,GNPTAB,CDV3
REV3L,NR3C1,CAV1,MPP7,KCNC1
REV3L,NR3C1,MAPK14,RALB,RIC8A
REV3L,NR3C1,MDM2,PDS5A
REV3L,NR3C1,MAPK1,GNPTAB,ORAI1
REV3L,NR3C1,RHOA,SYNPO2,KLRF1
REV3L,NR3C1,HSPA8,TLR4,PCDHGB3
REV3L,NR3C1,ZBTB3,AP1M1
REV3L,NR3C1,HSPA8,TLR4
REV3L,SLC16A10,ACTA1,CADM4,MMP14
REV3L,NR3C1,NEDD4L,ARRDC4
REV3L,NR3C1,FYN,SLC4A8
REV3L,NR3C1,PER2,CSNK1D
REV3L,NR3C1,CALM3,ITPKA,CHRM3
REV3L,NR3C1,RAB8A,EXOC8
REV3L,NR3C1,CEBPB,BHLHE41,DCXR
REV3L,NR3C1,ERK1/2,APBB1,KLB
REV3L,NR3C1,TMED2,TMED4,TMED1
REV3L,NR3C1,HDAC1,RBL2,FCER1G,CD300C
REV3L,NR3C1,HSPA8,TLR4
REV3L,NR3C1,HSPA8,TLR4
REV3L,NR3C1,ERK1/2,APBB1,FCER2
REV3L,NR3C1,HDAC1,RBL2,ITGA1
REV3L,NR3C1,ERK1/2,APBB1,SLC39A4
REV3L,NR3C1,HSPA8,TLR4
REV3L,NR3C1,TRIM28,ZNF19,STK16
REV3L,NR3C1,HSPA8,TLR4
REV3L,NR3C1,RAB10,MICAL3
REV3L,NR3C1,ARL8A
REV3L,NR3C1,JUN,CEBPE,PALM2AKAP2
REV3L,NR3C1,DNM2,SHANK1
REV3L,NR3C1,HNRNPA1,XRN1
REV3L,NR3C1,HSPA8,TLR4
REV3L,NR3C1,HSPA9,AQP12B,OR4X2
REV3L,NR3C1,FYN,SLC4A8
REV3L,NR3C1,MAPK3,PEA15,CNNM3
REV3L,NR3C1,FYN,SLC4A8
REV3L,NR3C1,DNM2,SHANK1
REV3L,NR3C1,PRDX3,APOE
REV3L,SLC16A10,INSIG2,ASTN2,AQP7
REV3L,NR3C1,ERK1/2,APBB1
REV3L,NR3C1,HSPA8,TLR4
REV3L,NR3C1,TRIM63,LMCD1,IL17RC
REV3L,NR3C1,TMTC3,TRHDE
REV3L,NR3C1,MAPK1,GNPTAB,ADGRL1
REV3L,NR3C1,STIP1,HINT1
REV3L,NR3C1,HNRNPA1,XRN1
REV3L,NR3C1,AKT1,PPL,OR51E2
REV3L,NR3C1,ERK1/2,APBB1
REV3L,CHEK2,ATM,PVR
REV3L,NR3C1,JUN,CEBPE,GABRB3
REV3L,PMS1,UBC,PHPT1
REV3L,NR3C1,JUN,CEBPE
REV3L,NR3C1,ERK1/2,APBB1
REV3L,NR3C1,FYN,SLC4A8
REV3L,NR3C1,NFIL3,CREB3L3,WNT5B
REV3L,NR3C1,ERK1/2,APBB1
REV3L,SLC16A10,ACTA1,CADM4,SYT6
REV3L,CHEK2,PPP2CA,RDH8
REV3L,NR3C1,HSPA8,TLR4
REV3L,NR3C1,RAB11A,PODXL2
REV3L,NR3C1,DSG4,ITGAD
REV3L,NR3C1,HSPA8,TLR4
REV3L,NR3C1,ERK1/2,APBB1,NPHS1,NPHS2
REV3L,NR3C1,NFKB1,NPEPPS,OSBPL1A
REV3L,NR3C1,RHOA,SYNPO2,GRAMD2A
REV3L,NR3C1,IGSF3,TSPAN15
REV3L,NR3C1,CALM3,ITPKA,DOC2B
REV3L,NR3C1,C1GALT1C1,HTR3A
REV3L,NR3C1,AKT1,PPL
REV3L,NR3C1,AKT1,PPL
REV3L,SLC16A10,ACTA1,CADM4,SSTR2
REV3L,NR3C1,SGTA,RNF185,SLC23A2
REV3L,NR3C1,ANKRD36B,SORL1
REV3L,NR3C1,AKT1,PPL
REV3L,MEF2A,HDAC7,UBL3
REV3L,SLC16A10,ACTA1,CADM4,AOC3
REV3L,NR3C1,NEDD4L,ARRDC4
REV3L,NR3C1,FYN,SLC4A8
REV3L,NR3C1,TRIM28,ZNF19,RGS8
REV3L,NR3C1,NFKBIA,COL7A1,PCDH10
REV3L,NR3C1,NFKBIA,COL7A1,CLEC4C
REV3L,H3-3B,EEF1A2,SLC13A5
REV3L,NR3C1,ERK1/2,APBB1,GNA11
REV3L,NR3C1,IRAK3,IRAK1,COL17A1
REV3L,NR3C1,ERK1/2,APBB1
REV3L,NR3C1,HSPA8,TLR4
REV3L,NR3C1,RAB10,MICAL3
REV3L,NR3C1,RAB11A,PODXL2
REV3L,NR3C1,HNRNPA1,XRN1
REV3L,NR3C1,RELA,COMMD10,CD1C
REV3L,MAD2L2,FZR1,RGS11
REV3L,NR3C1,ACTG1,ACO2,ANXA4
REV3L,SLC16A10,ACTA1,CADM4,KCNJ4
REV3L,NR3C1,RAB8A,EXOC8
REV3L,NR3C1,MDM2,PDS5A
REV3L,NR3C1,RBM34,RPL4,AQP8
REV3L,NR3C1,JUN,CEBPE
REV3L,NR3C1,JUN,CEBPE
REV3L,NR3C1,RHOT2,CNR2
REV3L,NR3C1,SMARCB1,CPSF6,KLRK1,RAET1L
REV3L,NR3C1,CAV1,MPP7,CLDN4
REV3L,NR3C1,LCK,RBM3,MYCBPAP
REV3L,NR3C1,HSPA8,TLR4
REV3L,NR3C1,RCOR3,NECAB2
REV3L,NR3C1,MAPK14,RALB
REV3L,NR3C1,ERK1/2,APBB1
REV3L,NR3C1,VHL,PARD6A
REV3L,NR3C1,MAPK14,RALB
REV3L,NR3C1,KTN1,SLC16A7
REV3L,NR3C1,BSG,RNASEL,SLC39A2
REV3L,NR3C1,KDM6A,SOX7,BEST3
REV3L,NR3C1,FYN,SLC4A8,ZAN
REV3L,CHEK2,E2F1,RASGEF1B
REV3L,NR3C1,RHOA,SYNPO2,GNG13
REV3L,NR3C1,ZNF227,UMPS,SEPHS1
REV3L,NR3C1,ERK1/2,APBB1
REV3L,NR3C1,ERK1/2,APBB1,ADI1
REV3L,NR3C1,HSPA8,TLR4,TCN2
REV3L,NR3C1,ERK1/2,APBB1,OXER1
REV3L,NR3C1,HSPA8,TLR4
REV3L,H3-3B,ESR1
REV3L,NR3C1,NFKB1,NPEPPS,GNG10
REV3L,NR3C1,HSPA8,TLR4,CLCA4
REV3L,NR3C1,ASH2L,PIP4K2C
REV3L,NR3C1,TADA2A,LRCH4
REV3L,NR3C1,COX5B,NDUFC1,BLVRB
REV3L,H3-3B,FGF2,FGFBP1
REV3L,NR3C1,MAPK3,PEA15,CNTNAP3
REV3L,NR3C1,JUN,CEBPE
REV3L,NR3C1,JUN,CEBPE
REV3L,NR3C1,RHOA,SYNPO2,ROBO4
REV3L,H3-3B,GSK3B,ACSBG1
REV3L,NR3C1,MAPK14,RALB
REV3L,NR3C1,ANKRD36B,SORL1
REV3L,NR3C1,RHOT2,CNR2
REV3L,NR3C1,SFN,CYP26C1,CSMD3
REV3L,NR3C1,HSPA8,TLR4
REV3L,NR3C1,C5,C8B
REV3L,NR3C1,AGK,ATP2B3
REV3L,NR3C1,HNRNPA1,XRN1
REV3L,NR3C1,CEBPB,BHLHE41,SHH
REV3L,NR3C1,HSPA8,TLR4
REV3L,NR3C1,ERK1/2,APBB1
REV3L,NR3C1,RHEB,BNIP3,SNX15
REV3L,SLC16A10,ACTA1,CADM4,ADRA1B
REV3L,NR3C1,JUN,CEBPE
REV3L,NR3C1,CEBPB,BHLHE41,CALCRL,RAMP1
REV3L,NR3C1,MAPK14,RALB
REV3L,NR3C1,CALM3,ITPKA,FRMPD2
REV3L,NR3C1,HDAC1,RBL2,FRAS1
REV3L,NR3C1,TMTC3,TRHDE
REV3L,NR3C1,HDAC1,RBL2,COL23A1
REV3L,NR3C1,HSPA8,TLR4
REV3L,NR3C1,RHOA,SYNPO2,PIGR
REV3L,NR3C1,JUN,CEBPE
REV3L,NR3C1,RAB8A,EXOC8
REV3L,NR3C1,RAB10,MICAL3
REV3L,A1BG,MATN2,CP
REV3L,CHEK2,DAPK3,GRIN3B
REV3L,NR3C1,POLE,NUBP1
REV3L,NR3C1,PPP3CA
REV3L,SLTM,MCC
REV3L,NR3C1,ERK1/2,APBB1
REV3L,NR3C1,HSPA8,TLR4
REV3L,NR3C1,BSG,RNASEL,SCAMP5
REV3L,NR3C1,JUN,CEBPE
REV3L,NR3C1,NR4A3,VASN
REV3L,NR3C1,RAB10,MICAL3,GRID1
REV3L,NR3C1,RAB8A,EXOC8
REV3L,NR3C1,RHOA,SYNPO2,SLC22A18
REV3L,NR3C1,HSPA8,TLR4
REV3L,NR3C1,VDAC1,MRPL58
REV3L,NR3C1,MAPK14,RALB
REV3L,NR3C1,FKBP5,PI4KA,TTC7B
REV3L,NR3C1,VDAC1,MRPL58
REV3L,SLC16A10,ACTA1,CADM4,NECTIN2
REV3L,NR3C1,MAPK14,RALB
REV3L,NR3C1,FYN,SLC4A8
REV3L,NR3C1,NFKB1,NPEPPS,VMP1
REV3L,NR3C1,ZNF281,OSBPL5,KCNA10
REV3L,NR3C1,FYN,SLC4A8,GHRHR
REV3L,MAD2L1,CUL3,DCUN1D5,RAPSN
REV3L,NR3C1,FKBP5,PI4KA
REV3L,NR3C1,ERK1/2,APBB1
REV3L,NR3C1,SGTA,RNF185,TVP23B,YIPF1
REV3L,NR3C1,FYN,SLC4A8
REV3L,SLTM,MATR3,MYOF
REV3L,NR3C1,SLC16A1
REV3L,H3-3B,EEF1A2,SLC13A5
REV3L,NR3C1,MAPK8,PRPSAP1,PARP14
REV3L,PMS1,UBC,PHPT1
REV3L,H3-3B,EZH2,BMPR1B
REV3L,NR3C1,HSPA8,TLR4
REV3L,NR3C1,EPAS1,MED26,RIMBP2
REV3L,NR3C1,ERK1/2,APBB1,TENM1
REV3L,NR3C1,H3C1,CDIN1,DSCAML1
REV3L,NR3C1,ERK1/2,APBB1
REV3L,H3-3B,WWP2,SMR3A,BAIAP2L2
REV3L,NR3C1,NFKB1,NPEPPS,NHERF4
REV3L,NR3C1,EGFR,STIL,GYPC
REV3L,NR3C1,HSPA8,TLR4
REV3L,NR3C1,ACTG1
REV3L,NR3C1,HSPA9,AQP12B,C11orf24
REV3L,NR3C1,ERK1/2,APBB1
REV3L,H3-3B,THRAP3,LUZP4,SLC16A8
REV3L,NR3C1,ERK1/2,APBB1
REV3L,NR3C1,HSPA8,TLR4,PCDHB12
REV3L,NR3C1,ERK1/2,APBB1,MC1R
REV3L,NR3C1,JUN,CEBPE,P2RX6
REV3L,CHEK2,E2F1,RASGEF1B
REV3L,NR3C1,STIP1,HINT1
REV3L,NR3C1,GRIP1,GRM2
REV3L,NR3C1,MAPK8,PRPSAP1,CDH7
REV3L,NR3C1,HSPA8,TLR4
REV3L,NR3C1,RHOA,SYNPO2,SLC30A3
REV3L,NR3C1,ERK1/2,APBB1
REV3L,SLTM,MAP4
REV3L,NR3C1,HDAC1,RBL2,KCNIP4
REV3L,NR3C1,STIP1,HINT1
REV3L,H3-3B,ATRX,SKA3,MICB
REV3L,NR3C1,MAPK8,PRPSAP1,CLDN2
REV3L,NR3C1,MAPK14,RALB
REV3L,NR3C1,JUN,CEBPE,CD99
REV3L,NR3C1,MAPK14,RALB
REV3L,NR3C1,GAS2L3,TRIM36
REV3L,NR3C1,RHOA,SYNPO2,OR6T1
REV3L,NR3C1,HSPA8,TLR4
REV3L,NR3C1,HDAC1,RBL2,SIRPB1
REV3L,NR3C1,STAT3,STING1,PDCD1,PDCD1LG2
REV3L,NR3C1,ERK1/2,APBB1
REV3L,NR3C1,RAB8A,EXOC8
REV3L,NR3C1,HSPA8,TLR4
REV3L,NR3C1,MAPK8,PRPSAP1,RGL1
REV3L,NR3C1,HDAC1,RBL2,FCER1G,CD300C
REV3L,NR3C1,NTRK2
REV3L,NR3C1,DNM2,SHANK1
REV3L,NR3C1,RHOA,SYNPO2,KCNJ3
REV3L,NR3C1,HSPA8,TLR4
REV3L,NR3C1,NFKBIA,COL7A1,CYBA
REV3L,NR3C1,JUN,CEBPE,LY96
REV3L,H3-3B,VCP,LRRC15
REV3L,NR3C1,ELOVL5,TMEM59
REV3L,NR3C1,PPARGC1A,RNF34
REV3L,NR3C1,ERK1/2,APBB1,TNFRSF10A
REV3L,NR3C1,RBM34,RPL4,CHRNA5,LYPD1
REV3L,MAD2L2,FZR1,RGS11
REV3L,NR3C1,LCK,RBM3,TMC5
REV3L,NR3C1,MDM2,PDS5A
REV3L,NR3C1,NFKB1,NPEPPS,OSBPL2
REV3L,NR3C1,ERK1/2,APBB1
REV3L,NR3C1,HSPA8,TLR4
REV3L,NR3C1,DNM2,SHANK1
REV3L,NR3C1,RHOA,SYNPO2,SLC44A5
REV3L,NR3C1,AGK,ATP2B3,LRRC55
REV3L,NR3C1,NEDD4L,ARRDC4
REV3L,NR3C1,MAPK14,RALB
REV3L,NR3C1,DSG4,ITGAD
REV3L,NR3C1,HSPA8,TLR4
REV3L,SLC16A10,ACTA1,CADM4,CDON,IHH
REV3L,NR3C1,RAB11A,PODXL2
REV3L,NR3C1,STXBP1,STX1B
REV3L,NR3C1,MAPK14,RALB
REV3L,NR3C1,DDHD1,CR1L
REV3L,NR3C1,JUN,CEBPE
REV3L,NR3C1,FYN,SLC4A8
REV3L,NR3C1,FYN,SLC4A8
REV3L,NR3C1,FKBP5,PI4KA
REV3L,SLC16A10,SLC22A9,ABCB8,SLC22A16
REV3L,SLC16A10,ACTA1,CADM4,SNTG2
REV3L,NR3C1,FYN,SLC4A8
REV3L,NR3C1,FKBP5,PI4KA
REV3L,H3-3B,VCP,LRRC15
REV3L,NR3C1,CAV1,MPP7,EFNA1
REV3L,NR3C1,NFKB1,NPEPPS,GUCY2F
REV3L,RRM1,SUMO2,SERPINB6
REV3L,NR3C1,MAPK8,PRPSAP1,TNFRSF21
REV3L,NR3C1,JUN,CEBPE
REV3L,NR3C1,HSPA5
REV3L,NR3C1,AKT1,PPL
REV3L,NR3C1,KTN1,SLC16A7
REV3L,NR3C1,FYN,SLC4A8
REV3L,NR3C1,HSPA8,TLR4
REV3L,MAD2L1,RHOBTB2
REV3L,SLC16A10,INSIG2,ASTN2,CLDN12
REV3L,NR3C1,ERK1/2,APBB1
REV3L,NR3C1,HNRNPA1,XRN1
REV3L,NR3C1,HSPA8
REV3L,NR3C1,MAPK8,PRPSAP1,SLC26A4
REV3L,NR3C1,FOXJ3,SERPINA12
REV3L,NR3C1,AKT1,PPL
REV3L,NR3C1,FYN,SLC4A8,GPR139
REV3L,NR3C1,ERK1/2,APBB1,SLC9A5
REV3L,NR3C1,FYN,SLC4A8
REV3L,NR3C1,AKT1,PPL
REV3L,NR3C1,IL1RAPL1
REV3L,NR3C1,CAV1,MPP7,CNR1
REV3L,NR3C1,PHGDH,CHMP2B
REV3L,NR3C1,NFKBIA,COL7A1,LTA
REV3L,NR3C1,AKT1,PPL
REV3L,NR3C1,ERK1/2,APBB1
REV3L,NR3C1,TRIM63,LMCD1,CACNA2D2
REV3L,NR3C1,AKT1,PPL
REV3L,NR3C1,MAPK8,PRPSAP1,ARL6
REV3L,NR3C1,FKBP5,PI4KA,TTC7A
REV3L,NR3C1,JUN,CEBPE
REV3L,NR3C1,LCK,RBM3,ADGRE5
REV3L,NR3C1,FYN,SLC4A8
REV3L,NR3C1,HSPA8,TLR4
REV3L,NR3C1,FYN,SLC4A8
REV3L,NR3C1,JUN,CEBPE,ANO8
REV3L,NR3C1,STAT3,STING1
REV3L,NR3C1,ERK1/2,APBB1
REV3L,SLC16A10,INSIG2,ASTN2,CATSPERG
REV3L,NR3C1,FYN,SLC4A8,PCDHGA9
REV3L,NR3C1,NFKB1,NPEPPS,LRRC45
REV3L,SLC16A10,ACTA1,CADM4,PLAAT3
REV3L,NR3C1,HSPA8,TLR4
REV3L,SLC16A10,SLC22A9,ABCB8,COL4A5,SLC10A4
REV3L,NR3C1,STAT3,STING1
REV3L,NR3C1,PRDX3
REV3L,NR3C1,HNRNPA1,XRN1
REV3L,NR3C1,MAPK14,RALB
REV3L,NR3C1,YWHAH
REV3L,NR3C1,JUN,CEBPE
REV3L,NR3C1,NFKB1,NPEPPS,LIM2
REV3L,NR3C1,KLF9
REV3L,SLC16A10,ACTA1,CADM4,RGS9
REV3L,NR3C1,RHOA,SYNPO2,ENPP6
REV3L,NR3C1,ERK1/2,APBB1,COL13A1
REV3L,NR3C1,FYN,SLC4A8
REV3L,CHEK2,DAPK3,GRIN3B
REV3L,NR3C1,HDAC1,RBL2,HAS1
REV3L,NR3C1,JUN,CEBPE
REV3L,NR3C1,HSPA8,TLR4
REV3L,NR3C1,FYN,SLC4A8,ADGRD1
REV3L,NR3C1,LCK,RBM3,IL2RG
REV3L,NR3C1,MAPK14,RALB
REV3L,NR3C1,FYN,SLC4A8
REV3L,NR3C1,ERK1/2,APBB1
REV3L,NR3C1,CADM1
REV3L,H3-3B,GSK3B
REV3L,NR3C1,ITPR3,TRPC3
REV3L,NR3C1,CYB5B,GDE1
REV3L,NR3C1,CAV1,MPP7,GNG5
REV3L,NR3C1,RHOA,SYNPO2,ATP6AP1
REV3L,NR3C1,AXL,TREML2
REV3L,NR3C1,MAPK14,RALB
REV3L,NR3C1,TUBB,MCM3AP,CLDN6
REV3L,NR3C1,CAV1,MPP7,EFNA4
REV3L,NR3C1,FYN,SLC4A8,PCDHGC5
REV3L,NR3C1,HSPA8,TLR4,NLRP6
REV3L,NR3C1,DAXX,CHMP3
REV3L,NR3C1,IRAK3,IRAK1,ITGAM
REV3L,NR3C1,RAB11A,PODXL2
REV3L,NR3C1,HDAC1,RBL2,SLC4A1
REV3L,SLC16A10,ACTA1,CADM4,FGB
REV3L,NR3C1,MAPK14,RALB
REV3L,NR3C1,HELLS,FURIN
REV3L,CHEK2,PPP2CA,RDH8
REV3L,NR3C1,ERK1/2,APBB1
REV3L,NR3C1,HSPA8,TLR4
REV3L,H3-3B,EEF1A2,SLC13A5
REV3L,NR3C1,LCK,RBM3,PAQR6
REV3L,NR3C1,ERK1/2,APBB1
REV3L,NR3C1,HSPA4,TRIAP1,KNTC1
REV3L,NR3C1,JUN,CEBPE
REV3L,PMS1,UBC,PHPT1
REV3L,PMS1,UBC,PHPT1
REV3L,SLC16A10,ACTA1,CADM4,ADRA2A
REV3L,NR3C1,CYB5B,GDE1,PCDHA11
REV3L,NR3C1,DSG4,ITGAD
REV3L,NR3C1,RAB11A,PODXL2
REV3L,NR3C1,IRAK3,IRAK1,IL1RL1
REV3L,NR3C1,HBB,HBM,CELSR1
REV3L,NR3C1,MAPK8,PRPSAP1,GAREM1
REV3L,SLC16A10,ACTA1,CADM4,NTNG2
REV3L,NR3C1,CYB5B,GDE1
REV3L,NR3C1,NFKBIA,COL7A1,MEP1B
REV3L,CHEK2,BRCA1
REV3L,NR3C1,ERK1/2,APBB1,LRRC3
REV3L,NR3C1,HSPA8,TLR4
REV3L,NR3C1,FYN,SLC4A8
REV3L,NR3C1,HNRNPA1,XRN1
REV3L,NR3C1,CAV1,MPP7,ADGRA2
REV3L,NR3C1,HSP90B1,CLGN,ADAM2
REV3L,NR3C1,MAPK14,RALB
REV3L,NR3C1,FYN,SLC4A8,S1PR5
REV3L,SLC16A10,INSIG2,ASTN2,RTN4R,OMG
REV3L,NR3C1,HSPA8,TLR4
REV3L,NR3C1,AXL,TREML2
REV3L,NR3C1,VHL,PARD6A
REV3L,NR3C1,ZBTB3,AP1M1
REV3L,SLC16A10,ACTA1,CADM4,IGSF8
REV3L,NR3C1,HSP90AB1
REV3L,RRM1,COPS5,FBXO9,OR2AG1
REV3L,SLTM,MAPKAPK2,LSP1
REV3L,SLC16A10,ACTA1,CADM4,GABRA3
REV3L,NR3C1,FYN,SLC4A8
REV3L,H3-3B,EEF1A2,SLC13A5
REV3L,NR3C1,HNRNPA1,XRN1
REV3L,NR3C1,STAT3,STING1
REV3L,NR3C1,VDAC1,MRPL58
REV3L,NR3C1,ERK1/2,APBB1
REV3L,H3-3B,EZH2,BMPR1B
REV3L,NR3C1,ANKRD36B,SORL1
REV3L,NR3C1,HDAC1,RBL2,RAPGEF3
REV3L,H3-3B,VCP,LRRC15
REV3L,NR3C1,JUN,CEBPE
REV3L,SLC16A10,ACTA1,CADM4,FCER1A
REV3L,NR3C1,NEDD4L,ARRDC4
REV3L,MAD2L1,ARFGAP2
REV3L,NR3C1,NFKBIA,COL7A1,TRPA1
REV3L,NR3C1,ERK1/2,APBB1
REV3L,A1BG,KLK10,SERPINB10
REV3L,NR3C1,JUN,CEBPE,GABRB1
REV3L,NR3C1,GRIP1
REV3L,SLC16A10,ACTA1,CADM4,ADRA2B
REV3L,NR3C1,DAXX,CHMP3
REV3L,H3-3B,GSK3B,ACSBG1
REV3L,NR3C1,JUN,CEBPE
REV3L,NR3C1,MAPK8,PRPSAP1,TMEM30B
REV3L,NR3C1,MAPK14,RALB
REV3L,NR3C1,FYN,SLC4A8,TYROBP,TREM1
REV3L,NR3C1,ARF6,AP1B1,GLRA2
REV3L,NR3C1,HSPA8,TLR4
REV3L,MAD2L1,INSR,ATIC
REV3L,NR3C1,MAPK8,PRPSAP1,CDH6
REV3L,SLC16A10,ACTA1,CADM4,SLC2A10
REV3L,CHEK2,TTN,ANK1
REV3L,NR3C1,ERK1/2,APBB1,NCAM2
REV3L,NR3C1,CALM3,ITPKA,UNC79
REV3L,NR3C1,FYN,SLC4A8,HTR1E
REV3L,SLC16A10,ACTA1,CADM4,IL1R1
REV3L,PMS1,UBC,PHPT1
REV3L,MAD2L1,ESR2,LRRC8E
REV3L,PMS1,UBC,PHPT1
REV3L,NR3C1,FYN,SLC4A8
REV3L,NR3C1,MAPK14,RALB
REV3L,NR3C1,ERK1/2,APBB1
REV3L,SLC16A10,ACTA1,CADM4,ARAF,SLC9A3R2,OR52B2
REV3L,CHEK2,E2F1,RASGEF1B
REV3L,NR3C1,RAB8A,EXOC8
REV3L,NR3C1,RAB8A,EXOC8
REV3L,NR3C1,FYN,SLC4A8,GCGR
REV3L,NR3C1,ELOVL5,TMEM59
REV3L,H3-3B,EEF1A2,SLC13A5
REV3L,H3-3B,MPHOSPH8
REV3L,NR3C1,RHOA,SYNPO2,SLC22A1
REV3L,NR3C1,ERK1/2,APBB1
REV3L,NR3C1,AKT1,PPL
REV3L,NR3C1,PHGDH,CHMP2B
REV3L,NR3C1,FYN,SLC4A8
REV3L,NR3C1,STXBP1,STX1B,SYT13
REV3L,SLC16A10,ACTA1,CADM4,GUCA1B
REV3L,NR3C1,FYN,SLC4A8
REV3L,SLC16A10,ACTA1,CADM4,REPS2
REV3L,NR3C1,TADA2A,LRCH4
REV3L,H3-3B,EZH2,BMPR1B
REV3L,NR3C1,FYN,SLC4A8
REV3L,NR3C1,FYN,SLC4A8
REV3L,NR3C1,SMARCD1,COL26A1
REV3L,NR3C1,JUN,CEBPE
REV3L,SLC16A10,ACTA1,CADM4,PTPRA
REV3L,NR3C1,NFKBIA,COL7A1,APBA3
REV3L,NR3C1,RAB11A,PODXL2
REV3L,NR3C1,CAV1,MPP7,CYSLTR2
REV3L,NR3C1,MAPK14,RALB
REV3L,NR3C1,HSPA8,TLR4
REV3L,NR3C1,MDM2,PDS5A
REV3L,NR3C1,RHOA,SYNPO2,GRIK5
REV3L,NR3C1,POLE,NUBP1
REV3L,NR3C1,CEBPA,C1QBP
REV3L,NR3C1,CAV1,MPP7,CHRNA4
REV3L,NR3C1,FYN,SLC4A8
REV3L,NR3C1,ERK1/2,APBB1,CNST
REV3L,CHEK2,LMO3,CIB1
REV3L,NR3C1,RAB8A,EXOC8
REV3L,MAD2L1,ABL2,SORBS2
REV3L,NR3C1,TGFB1I1,PLEKHH2
REV3L,NR3C1,ERK1/2,APBB1
REV3L,NR3C1,CEBPA,C1QBP,SIRPG
REV3L,NR3C1,KTN1,SLC16A7
REV3L,NR3C1,ACTG1,ACO2,C4BPB
REV3L,NR3C1,NFKB1,NPEPPS,CHRNA1
REV3L,NR3C1,FYN,SLC4A8
REV3L,H3-3B,VCP,LRRC15
REV3L,NR3C1,FYN,SLC4A8
REV3L,NR3C1,VDAC1,MRPL58
REV3L,NR3C1,STIP1,HINT1
REV3L,NR3C1,AKT1,PPL
REV3L,H3-3B,VCP,LRRC15
REV3L,NR3C1,PER2,CSNK1D
REV3L,NR3C1,LCK,RBM3,SLC27A6
REV3L,NR3C1,RAB11A,PODXL2
REV3L,H3-3B,EEF1A2,SLC13A5
REV3L,NR3C1,MAPK8,PRPSAP1,PLCH2
REV3L,NR3C1,ERK1/2,APBB1
REV3L,SLTM,PIP4K2A,PLCD3
REV3L,MAD2L1,ABL2,SORBS2
REV3L,MAD2L2,FZR1,RGS11
REV3L,NR3C1,AKT1,PPL
REV3L,NR3C1,EGFR,STIL,CBLB
REV3L,NR3C1,RHOA,SYNPO2,ABCA6
REV3L,NR3C1,AKT1,PPL
REV3L,NR3C1,RAB8A,EXOC8
REV3L,NR3C1,KLF15,GADD45GIP1,PLPP2
REV3L,PMS1,UBC,PHPT1
REV3L,NR3C1,NFKBIA,COL7A1,DGKD
REV3L,H3-3B,EEF1A2,SLC13A5
REV3L,NR3C1,HSPA8,TLR4
REV3L,NR3C1,KTN1
REV3L,NR3C1,CYB5B,GDE1
REV3L,NR3C1,FYN,SLC4A8
REV3L,SLC16A10,ACTA1,CADM4,OPRM1
REV3L,NR3C1,DSG4,ITGAD
REV3L,NR3C1,RAB10,MICAL3
REV3L,MAD2L1,KRAS,AP4S1,ADAM18
REV3L,NR3C1,HSPA8,TLR4
REV3L,SLC16A10,ACTA1,CADM4,FCHSD2
REV3L,NR3C1,MAPK8,PRPSAP1,SDK2
REV3L,NR3C1,HDAC1,RBL2,RAPGEF4
REV3L,NR3C1,AKT1,PPL
REV3L,NR3C1,FYN,SLC4A8,GALR2
REV3L,NR3C1,TMTC3,TRHDE
REV3L,SLC16A10,ACTA1,CADM4,DDR2
REV3L,NR3C1,ERK1/2,APBB1
REV3L,NR3C1,ERK1/2,APBB1
REV3L,NR3C1,ERK1/2,APBB1,RIT2
REV3L,NR3C1,JUN,CEBPE
REV3L,SLC16A10,ACTA1,CADM4,TCHP
REV3L,H3-3B,UNK,PNRC1,ATP8A1
REV3L,H3-3B,GSK3B,ACSBG1
REV3L,NR3C1,HSPA8,TLR4
REV3L,NR3C1,VDAC1,MRPL58,OAS3
REV3L,H3-3B,VCP,LRRC15
REV3L,NR3C1,PPARGC1A,RNF34
REV3L,NR3C1,TRIM63,LMCD1,CYTH4
REV3L,NR3C1,AKT1,PPL
REV3L,NR3C1,TRPS1,PARN,RGMA
REV3L,SLC16A10,SLC22A9,ABCB8,STRA6
REV3L,NR3C1,HSPA8,TLR4
REV3L,SLC16A10,SLC22A9,ABCB8,DPEP1
REV3L,NR3C1,VDAC1,MRPL58,ENTPD6
REV3L,CHEK2,ATM,PVR
REV3L,SLC16A10,ACTA1,CADM4,VAMP7
REV3L,NR3C1,MAPK14,RALB
REV3L,NR3C1,TMTC3,TRHDE
REV3L,NR3C1,ZBTB3,AP1M1
REV3L,NR3C1,ACTG1,ACO2,VPS35L
REV3L,NR3C1,HNRNPA1,XRN1,ADH1C
REV3L,NR3C1,ERK1/2,APBB1
REV3L,NR3C1,HSPA12B,USP10,KCNS2
REV3L,NR3C1,MAPK8,PRPSAP1,CDH18
REV3L,NR3C1,MAPK14,RALB
REV3L,NR3C1,MDM2,PDS5A
REV3L,NR3C1,ERK1/2,APBB1,CPEB3
REV3L,NR3C1,HSPA8,TLR4
REV3L,NR3C1,CAV1,MPP7,TLR8
REV3L,NR3C1,APOL3,HAS3
REV3L,NR3C1,VDAC1,MRPL58
REV3L,NR3C1,HSPA8,TLR4
REV3L,SLTM,MAPKAPK2,LSP1
REV3L,MAD2L1,DSTYK,CD226,MBLAC2
REV3L,NR3C1,FYN,SLC4A8
REV3L,NR3C1,EGFR,STIL,KCNN3
REV3L,H3-3B,MYC,ELL,KIR3DL2
REV3L,NR3C1,TSG101
REV3L,NR3C1,ERK1/2,APBB1,MPL
REV3L,NR3C1,DNM2,SHANK1
REV3L,NR3C1,HNRNPA1,XRN1
REV3L,NR3C1,HSPA8,TLR4
REV3L,H3-3B,KMT2E
REV3L,H3-3B,EEF1A2,SLC13A5
REV3L,NR3C1,JUN,CEBPE
REV3L,NR3C1,HSPA12B,USP10,CHRNE
REV3L,NR3C1,MAPK3,PEA15,LYPLA1
REV3L,NR3C1,RAB8A,EXOC8
REV3L,NR3C1,AKT1,PPL
REV3L,NR3C1,HSPA8,TLR4
REV3L,NR3C1,CEBPD,SPAG5,SLC9C1
REV3L,NR3C1,JUN,CEBPE
REV3L,NR3C1,FYN,SLC4A8,TACR1
REV3L,MEF2A,PHB2
REV3L,NR3C1,ARF6,AP1B1,CCNYL1
REV3L,H3-3B,EEF1A2,SLC13A5
REV3L,NR3C1,HDAC1,RBL2,HNF4G,HAS2
REV3L,NR3C1,SUMO1
REV3L,NR3C1,FYN,SLC4A8
REV3L,NR3C1,ERK1/2,APBB1
REV3L,SLC16A10,ACTA1,CADM4,CARMIL1
REV3L,NR3C1,ERK1/2,APBB1,TSHZ3
REV3L,NR3C1,MAPK14,RALB
REV3L,NR3C1,FYN,SLC4A8
REV3L,NR3C1,VDAC1,MRPL58
REV3L,NR3C1,ITGA3,TSPAN12
REV3L,NR3C1,RHOA,SYNPO2,NDRG4
REV3L,NR3C1,MAPK14,RALB
REV3L,H3-3B,GSK3B,ACSBG1
REV3L,NR3C1,CAV1,MPP7,GNAL
REV3L,H3-3B,EEF1A2,SLC13A5
REV3L,SLC16A10,ACTA1,CADM4,ISLR2
REV3L,NR3C1,HSPA8,TLR4
REV3L,NR3C1,C5,C8B,CR1
REV3L,REV1,UBB
REV3L,NR3C1,FKBP5,PI4KA
REV3L,NR3C1,HNRNPA1,XRN1,SLC15A2
REV3L,NR3C1,MAPK8,PRPSAP1,SLITRK6
REV3L,SLC16A10,INSIG2,ASTN2,ATP8B1
REV3L,NR3C1,HSPA8,TLR4
REV3L,NR3C1,FYN,SLC4A8
REV3L,MAD2L1,DSTYK,CD226
REV3L,NR3C1,MAPK14,RALB
REV3L,NR3C1,CEBPB,BHLHE41,CALCRL
REV3L,NR3C1,RHOT2,CNR2
REV3L,CHEK2,PPP2CA,RDH8
REV3L,NR3C1,JUN,CEBPE
REV3L,NR3C1,ERK1/2,APBB1
REV3L,NR3C1,HSPA8,TLR4
REV3L,NR3C1,TRAF2,LRRN2,CD70
REV3L,NR3C1,ERK1/2,APBB1
REV3L,NR3C1,HDAC1,RBL2,APH1A
REV3L,SLC16A10,ACTA1,CADM4,GRIK2
REV3L,NR3C1,HSPA8,TLR4
REV3L,NR3C1,RAB11A,PODXL2
REV3L,NR3C1,RHOA,SYNPO2,RHBDL1
REV3L,NR3C1,HSPA8,TLR4
REV3L,NR3C1,HSPA8,TLR4
REV3L,NR3C1,DDHD1,CR1L
REV3L,NR3C1,RAB8A,EXOC8
REV3L,H3-3B,SETDB1,ARL14EP
REV3L,NR3C1,ELOVL5,TMEM59
REV3L,NR3C1,FYN,SLC4A8,BDKRB1
REV3L,RRM1,COPS5,FBXO9,OR51B2
REV3L,NR3C1,RHOT2,CNR2
REV3L,NR3C1,MAPK3,PEA15,ARHGEF5
REV3L,NR3C1,JUN,CEBPE,DGAT1
REV3L,NR3C1,HSPA1B,SLC27A3,HLA-DPA1
REV3L,NR3C1,KAT2B,KLF2,PPFIBP1
REV3L,SLC16A10,ACTA1,CADM4,FZD7
REV3L,SLC16A10,ACTA1,CADM4,SYNGAP1
REV3L,NR3C1,TRIM8,KIFC1,OLFM4
REV3L,SLC16A10,ACTA1,CADM4,CEACAM1
REV3L,H3-3B,FGF2,FGFBP1
REV3L,NR3C1,JUN,CEBPE
REV3L,NR3C1,ERK1/2,APBB1,CACNA2D1
REV3L,NR3C1,JUN,CEBPE
REV3L,NR3C1,EGFR,STIL,ULBP1
REV3L,NR3C1,RHOA,SYNPO2,PKD2L1,PKD1L3
REV3L,CHEK2,ACTR2,TPD52L2,OR5F1
REV3L,NR3C1,HSPA8,TLR4
REV3L,NR3C1,CAV1,MPP7,SEMA4G
REV3L,NR3C1,ERK1/2,APBB1,REPS1
REV3L,NR3C1,HSPA8,TLR4
REV3L,NR3C1,CAV1,MPP7,DUSP21,ATP23
REV3L,NR3C1,C5,C8B
REV3L,NR3C1,HSPA8,TLR4
REV3L,NR3C1,MAPK3,PEA15,DENND3,RAB12
REV3L,NR3C1,FYN,SLC4A8
REV3L,NR3C1,RHOT2,CNR2
REV3L,NR3C1,FASLG
REV3L,NR3C1,IRAK3,IRAK1
REV3L,NR3C1,NFKB1,NPEPPS,NEXN
REV3L,CHEK2,TTN,ANK1
REV3L,NR3C1,IRAK3,IRAK1
REV3L,NR3C1,HSPA8,TLR4
REV3L,NR3C1,PER1,DRC3
REV3L,NR3C1,LPXN,PLEKHN1
REV3L,NR3C1,PPARGC1A,RNF34
REV3L,H3-3B,VCP,LRRC15
REV3L,RRM1,PPP1CC,PDE6B
REV3L,H3-3B,VCP,LRRC15
REV3L,NR3C1,ERK1/2,APBB1
REV3L,NR3C1,AR,MID1,SLC7A10
REV3L,NR3C1,MAPK8,PRPSAP1,CLEC4G
REV3L,NR3C1,FYN,SLC4A8,NMUR1
REV3L,NR3C1,CAV1,MPP7,BTN2A2
REV3L,NR3C1,FYN,SLC4A8,ADGRF1
REV3L,NR3C1,HNRNPA1,XRN1
REV3L,NR3C1,CYB5B,GDE1
REV3L,NR3C1,HSPA8,TLR4
REV3L,STK17B,P2RX5
REV3L,NR3C1,UTY,HRG
REV3L,H3-3B,EEF1A2,SLC13A5
REV3L,SLTM,SCRIB
REV3L,NR3C1,MAPK1,GNPTAB,CATSPER1,CACNA1I
REV3L,CHEK2,ATR,FAAP24,CD200R1,CD200
REV3L,NR3C1,MAPK8,PRPSAP1,DGKE
REV3L,NR3C1,ERK1/2,APBB1,GRAMD1C
REV3L,NR3C1,ERK1/2,APBB1
REV3L,NR3C1,EGFR,STIL,SLC39A6
REV3L,NR3C1,FYN,SLC4A8,NPY4R2
REV3L,NR3C1,CAV1,MPP7,CAMK1G
REV3L,NR3C1,FYN,SLC4A8
REV3L,NR3C1,RXRA,TAF1B,PDE9A
REV3L,NR3C1,HSPA8,TLR4
REV3L,NR3C1,IGSF3,TSPAN15
REV3L,NR3C1,FYN,SLC4A8
REV3L,NR3C1,VDAC1,MRPL58
REV3L,A1BG,KLK10,SERPINB10
REV3L,NR3C1,ASH2L,PIP4K2C
REV3L,NR3C1,CALM3,ITPKA,ADORA2B
REV3L,NR3C1,MAPK1,GNPTAB,ORAI3
REV3L,SLC16A10,INSIG2,ASTN2,SLC8A3
REV3L,NR3C1,MAPK3,PEA15,ITGA2
REV3L,NR3C1,GRIP1,GRM2
REV3L,NR3C1,NFKBIA,COL7A1,RGS7
REV3L,NR3C1,RHOA,SYNPO2,ITGA9
REV3L,SLC16A10,INSIG2,ASTN2,COLQ
REV3L,RRM1,PPP1CC,PDE6B
REV3L,PMS1,UBC,PHPT1
REV3L,NR3C1,STAT3
REV3L,NR3C1,FYN,SLC4A8,SLC17A8
REV3L,NR3C1,VDAC1,MRPL58
REV3L,NR3C1,NEDD4L,ARRDC4,SLC12A5
REV3L,NR3C1,JUN,CEBPE,SSTR5
REV3L,NR3C1,ACTG1,ACO2,PAQR8
REV3L,PMS1,UBC,PHPT1
REV3L,NR3C1,DAXX,CHMP3
REV3L,NR3C1,AKT1,PPL
REV3L,NR3C1,HNRNPA1,XRN1
REV3L,NR3C1,IRS2,EPN1,PIK3R5
REV3L,NR3C1,HSPA5,LOC102723407,TNFSF18
REV3L,NR3C1,HSPA8,TLR4
REV3L,SLC16A10,ACTA1,CADM4,CDH12
REV3L,H3-3B,VCP,LRRC15
REV3L,NR3C1,ELOVL5,TMEM59
REV3L,NR3C1,PHGDH,CHMP2B
REV3L,NR3C1,AGK,ATP2B3
REV3L,SLC16A10,ACTA1,CADM4,THY1
REV3L,NR3C1,RHOA,SYNPO2,CACNB2
REV3L,PMS1,UBC,PHPT1
REV3L,NR3C1,ERK1/2,APBB1,PCDHGB2
REV3L,SLTM,MATR3,MYOF
REV3L,NR3C1,MAPK1,GNPTAB,KCNIP1
REV3L,NR3C1,RXRA,TAF1B,ABCA12
REV3L,H3-3B,VCP,LRRC15
REV3L,NR3C1,MDM2,PDS5A
REV3L,NR3C1,RAB8A,EXOC8
REV3L,NR3C1,PPARG,MECP2,PIEZO2
REV3L,NR3C1,FYN,SLC4A8
REV3L,NR3C1,MDM2,PDS5A
REV3L,NR3C1,NFKBIA,COL7A1,PALM3
REV3L,NR3C1,HSPA8,TLR4,CD1A
REV3L,NR3C1,HSPA8,TLR4
REV3L,NR3C1,HDAC1,RBL2,FLAD1
REV3L,NR3C1,JUN,CEBPE,CLDN5
REV3L,NR3C1,MDM2,PDS5A
REV3L,NR3C1,ERK1/2,APBB1
REV3L,NR3C1,FYN,SLC4A8,NPY1R
REV3L,NR3C1,JUN,CEBPE
REV3L,NR3C1,JUN,CEBPE
REV3L,NR3C1,ELOVL5,TMEM59
REV3L,MAD2L1,INSR,ATIC
REV3L,SLC16A10,ACTA1,CADM4,NTM
REV3L,NR3C1,VDAC1,MRPL58
REV3L,NR3C1,CAV1,MPP7,FRMD7
REV3L,SLC16A10,ACTA1,CADM4,LGR5
REV3L,NR3C1,VHL,PARD6A
REV3L,NR3C1,NFKB1,NPEPPS,SERPINB12
REV3L,NR3C1,TRIM63,LMCD1,NPPA,NPR3
REV3L,NR3C1,HSPA8,TLR4
REV3L,NR3C1,ERK1/2,APBB1,PTGER4
REV3L,NR3C1,SGTA,RNF185,ZDHHC22
REV3L,NR3C1,FYN,SLC4A8,S1PR3
REV3L,NR3C1,MAPK14,RALB
REV3L,NR3C1,ERK1/2,APBB1
REV3L,H3-3B,EZH2,BMPR1B
REV3L,NR3C1,RHOA,SYNPO2,MADD
REV3L,PMS1,UBC,PHPT1
REV3L,NR3C1,CYB5B,GDE1
REV3L,NR3C1,HNRNPA1,XRN1
REV3L,NR3C1,NFKBIA,COL7A1,GLG1
REV3L,NR3C1,KTN1,SLC16A7
REV3L,NR3C1,AR
REV3L,NR3C1,LCK,RBM3,JAM3
REV3L,NR3C1,DDHD1,CR1L
REV3L,NR3C1,SERPINB5,PRSS21,OR14J1
REV3L,H3-3B,RAB5C
REV3L,NR3C1,JUN,CEBPE
REV3L,NR3C1,JUN,CEBPE,NRXN2
REV3L,MAD2L2,FZR1,RGS11
REV3L,NR3C1,HSPA8,TLR4
REV3L,NR3C1,HSPA8,TLR4
REV3L,NR3C1,VDAC1,MRPL58
REV3L,NR3C1,HSPA8,TLR4
REV3L,NR3C1,MAPK3,PEA15,SKAP1
REV3L,NR3C1,DNM2,SHANK1
REV3L,NR3C1,NFKBIA,COL7A1,SLC31A1
REV3L,NR3C1,DUSP1,ROR2
REV3L,NR3C1,RHOB
REV3L,NR3C1,FYN,SLC4A8,LRP10
REV3L,CHEK2,ATR,FAAP24,CD200R1
REV3L,SLC16A10,INSIG2,ASTN2,SLC16A6
REV3L,NR3C1,ERK1/2,APBB1
REV3L,H3-3B,UNK,PNRC1,ATP8B4
REV3L,NR3C1,CAV1,MPP7,TGFBR3
REV3L,SLC16A10,INSIG2,ASTN2,RTN4RL1
REV3L,NR3C1,ERK1/2,APBB1,KL
REV3L,NR3C1,SUMO1,ZCCHC7,C2CD5
REV3L,H3-3B,GSK3B,ACSBG1
REV3L,H3-3B,EEF1A2,SLC13A5
REV3L,NR3C1,ERK1/2,APBB1,SLC4A2
REV3L,NR3C1,MAPK14,RALB
REV3L,NR3C1,RHOA,SYNPO2,SYPL1
REV3L,NR3C1,ITGA5
REV3L,NR3C1,NFKB1,NPEPPS,GPR162
REV3L,A1BG,MATN2,CP
REV3L,NR3C1,ERK1/2,APBB1,NCF2
REV3L,NR3C1,RAB11A,PODXL2
REV3L,PMS1,UBC,PHPT1
REV3L,NR3C1,LCK,RBM3,CD300LF
REV3L,NR3C1,PDCD6IP,SRI,CHMP7
REV3L,NR3C1,MAPK8,PRPSAP1,LRP1B
REV3L,NR3C1,JUN,CEBPE
REV3L,NR3C1,POLE,NUBP1
REV3L,NR3C1,MAPK8,PRPSAP1,OR2T10
REV3L,NR3C1,HSPA8,TLR4
REV3L,NR3C1,MAPK8,PRPSAP1,IRAG2
REV3L,NR3C1,MAPK3,PEA15,AKAP12
REV3L,NR3C1,LPXN,PLEKHN1
REV3L,NR3C1,PPM1F,PTK7,BTNL8
REV3L,NR3C1,MAPK1,GNPTAB,SLC30A2
REV3L,NR3C1,MDM2,PDS5A
REV3L,NR3C1,TGFB1I1,PLEKHH2
REV3L,H3-3B,EZH2,BMPR1B
REV3L,NR3C1,HSPA8,TLR4
REV3L,NR3C1,SFN,CYP26C1,PSG6
REV3L,NR3C1,MAPK1,GNPTAB,TLCD3A
REV3L,NR3C1,DSG4,ITGAD
REV3L,NR3C1,MAPK3,PEA15,NTN4
REV3L,NR3C1,MAPK14,RALB
REV3L,SLC16A10,ACTA1,CADM4,TIRAP
REV3L,NR3C1,ERK1/2,APBB1,GOLGA7B
REV3L,NR3C1,ERK1/2,APBB1
REV3L,NR3C1,RAB11A,PODXL2
REV3L,NR3C1,HNRNPA1,XRN1
REV3L,NR3C1,RHOA,SYNPO2,TMPRSS12
REV3L,NR3C1,MAPK3,PEA15,CLEC4A
REV3L,NR3C1,RAB11A,PODXL2
REV3L,SLC16A10,ACTA1,CADM4,CDH8
REV3L,NR3C1,HSPA8,TLR4
REV3L,NR3C1,MAPK1,GNPTAB,ADAM9
REV3L,NR3C1,HNRNPA1,XRN1
REV3L,NR3C1,MAPK14,RALB
REV3L,NR3C1,HDAC1,RBL2,FCER1G,CD300C
REV3L,NR3C1,RAB11A,PODXL2
REV3L,NR3C1,FYN,SLC4A8
REV3L,NR3C1,DSG4,ITGAD
REV3L,NR3C1,FYN,SLC4A8
REV3L,NR3C1,ITPR3
REV3L,NR3C1,CAV1,MPP7,SLC12A6
REV3L,NR3C1,ERK1/2,APBB1
REV3L,NR3C1,HSP90B1,CLGN,GABRG3
REV3L,NR3C1,JUN,CEBPE,CD47
REV3L,H3-3B,GSK3B,ACSBG1
REV3L,NR3C1,HDAC1,RBL2,CXCL12,CCR10
REV3L,NR3C1,NCOR2,ATXN1,ZNF804A
REV3L,NR3C1,IGSF3,TSPAN15
REV3L,SLC16A10,ACTA1,CADM4,ITGB1BP1
REV3L,NR3C1,NFKBIA,COL7A1,ATP6V1F
REV3L,NR3C1,MAPK3,PEA15,LIMS2
REV3L,NR3C1,NCOR1,NELFE
REV3L,NR3C1,JUN,CEBPE
REV3L,NR3C1,PDP1
REV3L,NR3C1,AKT1,PPL
REV3L,NR3C1,MAPK14,RALB
REV3L,NR3C1,TMTC3,TRHDE
REV3L,NR3C1,HSPA8,TLR4
REV3L,NR3C1,UGT1A1
REV3L,NR3C1,NFKBIA,COL7A1,GNA15
REV3L,H3-3B,GSK3B,ACSBG1
REV3L,NR3C1,HSPA8,TLR4
REV3L,NR3C1,RHOA,SYNPO2,TNFSF13B
REV3L,NR3C1,CAV1,MPP7,SLC1A4
REV3L,NR3C1,RHOA,SYNPO2,GRIK1
REV3L,NR3C1,HOXB1,DDX19B,ACP3
REV3L,NR3C1,CAV1,MPP7,ADRA1D
REV3L,NR3C1,RHOA,SYNPO2,FZD10
REV3L,NR3C1,RHOA,SYNPO2,GPR152
REV3L,NR3C1,JUN,CEBPE
REV3L,NR3C1,VDAC1,MRPL58
REV3L,SLC16A10,ACTA1,CADM4,KIR3DL1
REV3L,NR3C1,AGK,ATP2B3
REV3L,SLC16A10,ACTA1,CADM4,MOG
REV3L,NR3C1,KAT2B,KLF2,ENTHD1
REV3L,NR3C1,RHOA,SYNPO2,PRKD3
REV3L,NR3C1,HSPA8,TLR4
REV3L,NR3C1,HSPA8,TLR4
REV3L,H3-3B,VCP,LRRC15
REV3L,NR3C1,ERK1/2,APBB1,GJC1
REV3L,NR3C1,FYN,SLC4A8,NLGN4X
REV3L,NR3C1,PPARGC1A,RNF34
REV3L,NR3C1,ERK1/2,APBB1,ADRB1
REV3L,NR3C1,JUN,CEBPE,CLCN3
REV3L,NR3C1,ARF6,AP1B1,PRPH2,ROM1
REV3L,NR3C1,ERK1/2,APBB1
REV3L,NR3C1,ERK1/2,APBB1,DRD4
REV3L,NR3C1,HELLS,FURIN
REV3L,NR3C1,DSG4,ITGAD
REV3L,NR3C1,HSPA8,TLR4
REV3L,PMS1,EXO1
REV3L,NR3C1,JUN,CEBPE,BTNL9
REV3L,NR3C1,CYB5B,GDE1
REV3L,NR3C1,RHOT2,CNR2
REV3L,NR3C1,CEBPA,C1QBP
REV3L,NR3C1,JUN,CEBPE,CX3CR1
REV3L,NR3C1,SERPINB5,PRSS21
REV3L,NR3C1,HELLS,FURIN
REV3L,CHEK2,PPP2CA,RDH8
REV3L,NR3C1,MAPK14,RALB
REV3L,NR3C1,FYN,SLC4A8
REV3L,NR3C1,HSPA8,TLR4
REV3L,NR3C1,RHOA,SYNPO2,TMBIM6
REV3L,NR3C1,MAPK14,RALB
REV3L,NR3C1,CAV1,MPP7,AGTRAP
REV3L,NR3C1,ERK1/2,APBB1,FZD8
REV3L,NR3C1,AKT1,PPL
REV3L,NR3C1,AKT1,PPL
REV3L,NR3C1,ELOVL5,TMEM59
REV3L,NR3C1,AKT1,PPL
REV3L,NR3C1,RHOA,SYNPO2,TMEM179B
REV3L,NR3C1,RAB11A,PODXL2
REV3L,NR3C1,AKT1,PPL
REV3L,NR3C1,RAB10,MICAL3
REV3L,PMS1,UBC,PHPT1
REV3L,NR3C1,HSPA8,TLR4
REV3L,NR3C1,AXL,TREML2
REV3L,NR3C1,AKT1,PPL,SPINT1
REV3L,NR3C1,HSPA8,TLR4
REV3L,MAD2L2,FZR1,RGS11
REV3L,NR3C1,CAV1,MPP7,CD59
REV3L,RRM1,SUMO2,SERPINB6
REV3L,NR3C1,CALM3,ITPKA,NALF1
REV3L,NR3C1,RAB11A,PODXL2
REV3L,NR3C1,DUSP1,ROR2
REV3L,NR3C1,AKT1,PPL
REV3L,NR3C1,ERK1/2,APBB1,WNT1
REV3L,NR3C1,RHOA,SYNPO2,SPPL2B
REV3L,NR3C1,ERK1/2,APBB1,PCP2
REV3L,SLC16A10,ACTA1,CADM4,GPR37
REV3L,NR3C1,SMARCD1,COL26A1
REV3L,NR3C1,GAS2L3,TRIM36
REV3L,NR3C1,TUBB4B,CFAP53,REM2
REV3L,SLC16A10,ACTA1,CADM4,NEGR1
REV3L,NR3C1,FYN,SLC4A8
REV3L,NR3C1,MAPK1
REV3L,NR3C1,RHOA,SYNPO2,UNC5D
REV3L,NR3C1,SGTA,RNF185,CALN1
REV3L,NR3C1,JUN,CEBPE
REV3L,NR3C1,MAPK8,PRPSAP1,SIGLEC6
REV3L,NR3C1,TRIM63,LMCD1,TMPRSS11A
REV3L,NR3C1,MAPK3,PEA15,PCDH18
REV3L,H3-3B,EEF1A2,SLC13A5
REV3L,NR3C1,MAPK3,PEA15,TULP1
REV3L,H3-3B,VCP,LRRC15
REV3L,NR3C1,FYN,SLC4A8
REV3L,H3-3B,CHD1L
REV3L,NR3C1,HDAC1,RBL2,RAPGEF5
REV3L,A1BG,KLK10,SERPINB10
REV3L,CHEK2,PPP2CA,RDH8,GGT7
REV3L,NR3C1,JUN,CEBPE
REV3L,NR3C1,C3
REV3L,NR3C1,ERK1/2,APBB1,SLC39A12
REV3L,NR3C1,FYN,SLC4A8,TYROBP
REV3L,NR3C1,JUN,CEBPE,SYT3
REV3L,NR3C1,JUN,CEBPE,SLC20A1
REV3L,NR3C1,NFKB1,NPEPPS,GBP1
REV3L,NR3C1,MAPK14,RALB
REV3L,RRM1,PPP1CC,PDE6B
REV3L,NR3C1,CEBPB,BHLHE41,GFRAL
REV3L,SLC16A10,ACTA1,CADM4,GLO1
REV3L,NR3C1,KAT2B,KLF2,CDH19
REV3L,NR3C1,DSG4,ITGAD
REV3L,NR3C1,RHOA,SYNPO2,PKD2L1
REV3L,NR3C1,STIP1,HINT1
REV3L,CHEK2,PPP2CA,RDH8
REV3L,CHEK2,RASGRF1
REV3L,SLC16A10,ACTA1,CADM4,CD63
REV3L,NR3C1,JUN,CEBPE
REV3L,PMS1,UBC,PHPT1
REV3L,NR3C1,LRRC70
REV3L,NR3C1,MAPK1,GNPTAB,RAB28
REV3L,PMS1,UBC,PHPT1
REV3L,NR3C1,HSPA8,TLR4
REV3L,H3-3B,VCP,LRRC15
REV3L,NR3C1,FBXW7,CREB3L1,IL22RA1
REV3L,NR3C1,KTN1,SLC16A7
REV3L,NR3C1,NFKB1,NPEPPS,SCN2B
REV3L,NR3C1,JUN,CEBPE,CXCR3
REV3L,NR3C1,FKBP5,PI4KA
REV3L,NR3C1,ZMYM2,HNRNPH3,CELSR2
REV3L,NR3C1,ERK1/2,APBB1,NOSTRIN
REV3L,H3-3B,SUV39H1
REV3L,NR3C1,HSPA8,TLR4
REV3L,NR3C1,FYN,SLC4A8
REV3L,H3-3B,EEF1A2,SLC13A5
REV3L,NR3C1,MAPK14,RALB
REV3L,NR3C1,ANXA6,ADSS2,IFITM1
REV3L,NR3C1,GRIP1,GRM2,GRM4
REV3L,NR3C1,TMTC3,TRHDE,CLPTM1
REV3L,NR3C1,MAPK3,PEA15,CHMP1A
REV3L,NR3C1,RAB10,MICAL3
REV3L,CHEK2,KIT
REV3L,NR3C1,CAV1,MPP7,EFNA3
REV3L,CHEK2,SV2A
REV3L,NR3C1,MAPK3,PEA15,PARVG
REV3L,NR3C1,RAB11A,PODXL2
REV3L,NR3C1,CEBPB,BHLHE41,ACE2,SLC6A19
REV3L,NR3C1,STAT3,STING1
REV3L,NR3C1,AR,MID1,PCDHB5
REV3L,NR3C1,PPARGC1A,RNF34
REV3L,NR3C1,GRIP1,GRM2
REV3L,NR3C1,MAPK14,RALB
REV3L,NR3C1,ZBTB3,AP1M1
REV3L,NR3C1,HSPA8,TLR4
REV3L,SLC16A10,ACTA1,CADM4,VAMP1
REV3L,NR3C1,MAPK14,RALB
REV3L,NR3C1,ERK1/2,APBB1
REV3L,NR3C1,ANKRD36B,SORL1
REV3L,NR3C1,CAV1,MPP7,KCNJ6
REV3L,NR3C1,NFKB1,NPEPPS,KCNAB1
REV3L,NR3C1,HDAC1,RBL2,LRP3
REV3L,NR3C1,MAPK3,PEA15,ATP1B2
REV3L,SLC16A10,ACTA1,CADM4,SLC22A3
REV3L,NR3C1,IGSF3,TSPAN15
REV3L,NR3C1,MAPK14,RALB
REV3L,NR3C1,RAB10,MICAL3
REV3L,NR3C1,LCK,RBM3,TLR10
REV3L,NR3C1,JUN,CEBPE,CCN2
REV3L,NR3C1,HSPA8,TLR4
REV3L,NR3C1,MAPK3
REV3L,NR3C1,SMARCD1,COL26A1
REV3L,CHEK2,KIT,KITLG
REV3L,NR3C1,ERK1/2,APBB1
REV3L,MAD2L1,INSR,ATIC
REV3L,NR3C1,MAPK14,RALB
REV3L,NR3C1,STIP1,HINT1
REV3L,NR3C1,HSPA8,TLR4
REV3L,NR3C1,TMTC3,TRHDE
REV3L,RRM1,SUMO2,SERPINB6
REV3L,A1BG,KLK10,SERPINB10
REV3L,H3-3B,ACTB,LASP1,PIP4P1
REV3L,NR3C1,CAV1,MPP7,PCDHA12
REV3L,SLC16A10,ACTA1,CADM4,TFR2
REV3L,NR3C1,ERK1/2,APBB1
REV3L,NR3C1,RHOA,SYNPO2,GNG11
REV3L,NR3C1,DSG4,ITGAD
REV3L,NR3C1,MAPK8,PRPSAP1,CDH10
REV3L,NR3C1,POLE
REV3L,NR3C1,CEBPB,BHLHE41,NLGN1
REV3L,NR3C1,SUMO1,ZCCHC7,ATP8A2
REV3L,NR3C1,CEBPB,BHLHE41,ACE2,SLC6A19
REV3L,CHEK2,P2RY8,ECHDC1,GPR45
REV3L,NR3C1,FYN,SLC4A8,GIPR
REV3L,NR3C1,JUN,CEBPE
REV3L,NR3C1,PER2,CSNK1D
REV3L,NR3C1,VHL
REV3L,NR3C1,FYN,SLC4A8
REV3L,NR3C1,MAPK3,PEA15,DOK3
REV3L,NR3C1,TRIM63,LMCD1,LANCL2
REV3L,NR3C1,MAPK8,PRPSAP1,ADAM23
REV3L,MAD2L2,ZNF644,NEDD1,IL17RE
REV3L,NR3C1,DDHD1,CR1L
REV3L,NR3C1,DNM2,SHANK1
REV3L,NR3C1,CAV1,MPP7,KLRC3
REV3L,H3-3B,GSK3B,ACSBG1
REV3L,NR3C1,ERK1/2,APBB1
REV3L,NR3C1,HSPA8,TLR4
REV3L,NR3C1,NFKBIA,COL7A1,GNG2
REV3L,NR3C1,ARF6,AP1B1,IPCEF1
REV3L,NR3C1,JUN,CEBPE
REV3L,NR3C1,JUN,CEBPE
REV3L,SLC16A10,ACTA1,CADM4,KCNJ12
REV3L,NR3C1,LCK,RBM3,C4B
REV3L,NR3C1,MAPK8,PRPSAP1,MTNR1A
REV3L,H3-3B,EEF1A2,SLC13A5
REV3L,H3-3B,EEF1A2,SLC13A5
REV3L,NR3C1,NEDD4L,ARRDC4
REV3L,STK17B,EPHA1
REV3L,NR3C1,RHOA,SYNPO2,TUSC3
REV3L,NR3C1,RHOT2,CNR2
REV3L,NR3C1,RHOA,SYNPO2,CXCR5
REV3L,NR3C1,MDM2,PDS5A
REV3L,H3-3B,VCP,LRRC15
REV3L,NR3C1,MDM2,PDS5A
REV3L,NR3C1,JUN,CEBPE
REV3L,SLTM,MATR3,MYOF
REV3L,NR3C1,STXBP1,STX1B
REV3L,NR3C1,NFKB1,NPEPPS,SV2B
REV3L,H3-3B,AKIRIN2,S100A16
REV3L,NR3C1,STIP1,HINT1
REV3L,NR3C1,RHOA,SYNPO2,LTB4R
REV3L,NR3C1,EGFR
REV3L,SLC16A10,ACTA1,CADM4,ARAF,SLC9A3R2
REV3L,NR3C1,LCK,RBM3,AVPR1B
REV3L,NR3C1,STIP1,HINT1
REV3L,CHEK2,LMO3,CIB1
REV3L,NR3C1,PER2,CSNK1D,VIPR2
REV3L,NR3C1,RBM34,RPL4,OPRPN,SLC5A4
REV3L,NR3C1,ITGA3,TSPAN12
REV3L,NR3C1,FYN,SLC4A8
REV3L,NR3C1,ERK1/2,APBB1
REV3L,NR3C1,CEBPB,BHLHE41,ACE2
REV3L,NR3C1,JUN,CEBPE
REV3L,NR3C1,CSMD2
REV3L,NR3C1,HSPA8,TLR4
REV3L,NR3C1,HSP90B1,CLGN,DUOX2,DUOXA2
REV3L,NR3C1,MXRA5,PLEC
REV3L,NR3C1,UBE2I,PCGF2,SCARA5
REV3L,NR3C1,FYN,SLC4A8
REV3L,NR3C1,MAPK8,PRPSAP1,SLC2A3
REV3L,H3-3B,VCP,LRRC15
REV3L,NR3C1,HNRNPA1,XRN1
REV3L,NR3C1,ERK1/2,APBB1
REV3L,NR3C1,FYN,SLC4A8
REV3L,NR3C1,MAPK14,RALB
REV3L,NR3C1,HNRNPA1,XRN1
REV3L,NR3C1,MAPK8,PRPSAP1,PLSCR4
REV3L,NR3C1,MAPK8,PRPSAP1,OR52I1
REV3L,NR3C1,SP1,DLX4,ZDHHC20
REV3L,NR3C1,MAPK8,PRPSAP1,RASA4
REV3L,SLC16A10,SLC22A9,ABCB8,SLC22A4,SLC5A6
REV3L,NR3C1,YWHAH,UVRAG,FCRL5
REV3L,MAD2L1,RHOV,CDC42EP4
REV3L,NR3C1,ERK1/2,APBB1,NEURL1
REV3L,STK17B
REV3L,NR3C1,ERK1/2,APBB1,RAB40B
REV3L,NR3C1,FYN,SLC4A8,HTR1F
REV3L,NR3C1,HSPA8,TLR4
REV3L,NR3C1,CEBPA,C1QBP
REV3L,NR3C1,DAXX,CHMP3
REV3L,NR3C1,AKT1,PPL
REV3L,NR3C1,NFKB1,NPEPPS,CLDN18
REV3L,NR3C1,FYN,SLC4A8
REV3L,NR3C1,MAPK8,PRPSAP1,TBC1D10A
REV3L,NR3C1,MAPK8,PRPSAP1,GSDMA
REV3L,NR3C1,JUN,CEBPE,TMC2
REV3L,NR3C1,AKT1,PPL
REV3L,NR3C1,SGTA,RNF185,SLC32A1
REV3L,NR3C1,HSPA8,TLR4,TLR7
REV3L,NR3C1,MAPK14,RALB,TSPAN33
REV3L,NR3C1,JUN,CEBPE,CERCAM
REV3L,MAD2L2,FZR1,RGS11
REV3L,NR3C1,AKT1,PPL
REV3L,H3-3B,DNAJC9
REV3L,NR3C1,JUN,CEBPE
REV3L,H3-3B,CHD1L,NT5E
REV3L,NR3C1,KTN1,SLC16A7
REV3L,NR3C1,FYN,SLC4A8
REV3L,NR3C1,RELA,COMMD10,SLC35A4,SLC13A4
REV3L,SLC16A10,ACTA1,CADM4,ASAP2
REV3L,H3-3B,GSK3B,ACSBG1
REV3L,NR3C1,MAPK3,PEA15,MYO1A
REV3L,NR3C1,FYN,SLC4A8,KCNA1
REV3L,RRM1,SUMO2,SERPINB6
REV3L,NR3C1,NFKBIA,COL7A1,LRRC4C
REV3L,NR3C1,MAPK8,PRPSAP1,CHRNB2
REV3L,NR3C1,KLF15,GADD45GIP1,RP2
REV3L,NR3C1,DHX40,BCLAF1,PXK
REV3L,NR3C1,MDM2,PDS5A
REV3L,SLC16A10,ACTA1,CADM4,GLRB
REV3L,NR3C1,MAPK14,RALB
REV3L,NR3C1,CAV1,MPP7,ADCY2
REV3L,NR3C1,ERK1/2,APBB1
REV3L,NR3C1,RAB11A,PODXL2
REV3L,NR3C1,RHOA,SYNPO2,PLEKHF2,GPBP1
REV3L,NR3C1,CEBPA,C1QBP
REV3L,NR3C1,MAPK8,PRPSAP1,SYN2
REV3L,CHEK2,PPP2CA,RDH8
REV3L,NR3C1,AKT1,PPL
REV3L,NR3C1,ERK1/2,APBB1,SDC3
REV3L,H3-3B,VCP,LRRC15
REV3L,NR3C1,TSC22D3,FIGNL1,DLL4
REV3L,NR3C1,HSPA8,TLR4
REV3L,CHEK2,ATM,PVR
REV3L,NR3C1,MAPK3,PEA15,ANKRD20A1
REV3L,NR3C1,LCK,RBM3,ADGRG5
REV3L,NR3C1,HSPA8,TLR4
REV3L,NR3C1,HSPA8,TLR4
REV3L,NR3C1,HSPA8,TLR4
REV3L,NR3C1,CAV1,MPP7,ADGRA3
REV3L,NR3C1,CAV1,MPP7,STOML1
REV3L,NR3C1,MAPK14,RALB
REV3L,NR3C1,HSPA8,TLR4
REV3L,NR3C1,MAPK3,PEA15,ITGA8
REV3L,STK17B,EPHA1,DNAH10,SLC2A5
REV3L,NR3C1,NFKBIA,COL7A1,GNB3
REV3L,NR3C1,PHGDH,CHMP2B
REV3L,NR3C1,CYB5B,GDE1
REV3L,SLC16A10,ACTA1,CADM4,GRM5
REV3L,NR3C1,FYN,SLC4A8
REV3L,NR3C1,AKT1,PPL
REV3L,NR3C1,NFKBIA,COL7A1,FMN1
REV3L,NR3C1,EGFR,STIL,RXFP3
REV3L,NR3C1,MAPK14,RALB
REV3L,MAD2L1,BTF3,LILRB4
REV3L,NR3C1,CEBPB,BHLHE41,CD209
REV3L,NR3C1,STAT3,STING1,MC5R
REV3L,SLC16A10,ACTA1,CADM4,OPRD1
REV3L,NR3C1,IRAK3,IRAK1
REV3L,NR3C1,AKT1,PPL
REV3L,NR3C1,VDAC1,MRPL58
REV3L,NR3C1,DNM2,SHANK1
REV3L,SLC16A10,ACTA1,CADM4,CCKAR
REV3L,NR3C1,AKT1,PPL
REV3L,NR3C1,NFKBIA,COL7A1,CAPNS2
REV3L,NR3C1,MAPK1,GNPTAB,DLGAP3
REV3L,NR3C1,HNRNPA1,XRN1
REV3L,NR3C1,HSPA8,TLR4
REV3L,NR3C1,JUN,CEBPE,HTR1B
REV3L,NR3C1,JUN,CEBPE
REV3L,NR3C1,AR,MID1,ADAM12
REV3L,NR3C1,HDAC1,RBL2,CLEC7A
REV3L,NR3C1,ERK1/2,APBB1
REV3L,H3-3B,GSK3B,ACSBG1
REV3L,NR3C1,DCN,COL14A1,CHRNB1
REV3L,NR3C1,HSPA8,TLR4
REV3L,NR3C1,ERK1/2,APBB1
REV3L,NR3C1,H3C1,CDIN1,RSC1A1
REV3L,NR3C1,CAV1,MPP7,WNT6
REV3L,CHEK2,PPP2CA,RDH8
REV3L,MAD2L2,FZR1,RGS11
REV3L,NR3C1,MAPK14,RALB
REV3L,NR3C1,NFKBIA,COL7A1,IL17RD
REV3L,STK17B,SLC2A1
REV3L,NR3C1,CAV1,MPP7,CNGA3
REV3L,H3-3B,GSK3B,ACSBG1
REV3L,NR3C1,HSPA9,AQP12B,AQP10
REV3L,NR3C1,MAPK3,PEA15,MYO7A,RPE65
REV3L,NR3C1,JUN,CEBPE
REV3L,NR3C1,FYN,SLC4A8,RPL36A-HNRNPH2
REV3L,NR3C1,AGK,ATP2B3
REV3L,NR3C1,LPXN,PLEKHN1
REV3L,NR3C1,DNM2,SHANK1
REV3L,NR3C1,HSPA8,TLR4
REV3L,NR3C1,MAPK8,PRPSAP1,MAGI2
REV3L,NR3C1,HSPA8,TLR4
REV3L,NR3C1,CAV1,MPP7,LRRC8C
REV3L,NR3C1,RHOA,SYNPO2,IL27RA
REV3L,H3-3B,GSK3B,ACSBG1
REV3L,NR3C1,HSPA8,TLR4
REV3L,H3-3B,PPP1CA
REV3L,NR3C1,EPAS1,MED26,CACNB4
REV3L,NR3C1,AXL,TREML2
REV3L,NR3C1,RHOA,SYNPO2,RGS13
REV3L,NR3C1,NFKBIA,COL7A1,CDH23,PCDH15
REV3L,NR3C1,AKT1,PPL
REV3L,MAD2L2,FZR1,RGS11
REV3L,NR3C1,NEDD4L,ARRDC4
REV3L,NR3C1,AKT1,PPL,SLC44A1
REV3L,NR3C1,KTN1,SLC16A7
REV3L,NR3C1,MAPK1,GNPTAB,PARM1
REV3L,NR3C1,ELOVL5,TMEM59
REV3L,NR3C1,ERK1/2,APBB1
REV3L,NR3C1,HDAC1,RBL2,MS4A14
REV3L,NR3C1,HSPA8,TLR4
REV3L,NR3C1,HSPA8,TLR4
REV3L,NR3C1,AKT1,PPL,GUCY2C
REV3L,CHEK2,PPP2CA,RDH8
REV3L,NR3C1,MAPK8,PRPSAP1,CYP2C18
REV3L,NR3C1,FYN,SLC4A8
REV3L,NR3C1,CAV1,MPP7,GNG12
REV3L,PMS1,UBC
REV3L,NR3C1,FYN,SLC4A8
REV3L,NR3C1,CEBPA,C1QBP
REV3L,NR3C1,WTIP,TRIP6
REV3L,NR3C1,MAPK1,GNPTAB,LGALS4
REV3L,NR3C1,JUN,CEBPE
REV3L,NR3C1,BSG,RNASEL,SLC39A3
REV3L,NR3C1,HSPA8,TLR4
REV3L,NR3C1,DSG4,ITGAD
REV3L,H3-3B,VCP,LRRC15
REV3L,NR3C1,DUSP1,ROR2,COA6
REV3L,NR3C1,JUN,CEBPE
REV3L,CHEK2,LMO3,CIB1
REV3L,NR3C1,RAB8A,EXOC8
REV3L,SLC16A10,SLC22A9,ABCB8,AGPAT2
REV3L,MAD2L1,CUL3
REV3L,CHEK2,PPP2CA,RDH8
REV3L,NR3C1,LCK,RBM3,CHL1,CNTN6
REV3L,NR3C1,HNRNPA1,XRN1
REV3L,NR3C1,TRIM63,LMCD1,DSCAM
REV3L,SLC16A10,ACTA1,CADM4,ADRA2C
REV3L,NR3C1,KTN1,SLC16A7
REV3L,NR3C1,ERK1/2,APBB1,RXFP1
REV3L,NR3C1,NFKB1,NPEPPS,ABCC9
REV3L,NR3C1,NEDD4L,ARRDC4
REV3L,NR3C1,HNRNPA1,XRN1
REV3L,NR3C1,ATP1B1,NDUFS1,ATP1B4
REV3L,NR3C1,JUN,CEBPE
REV3L,A1BG,MATN2,CP
REV3L,NR3C1,HNRNPA1,XRN1
REV3L,NR3C1,GRIP1,GRM2
REV3L,SLC16A10,ACTA1,CADM4,SLC6A2
REV3L,NR3C1,MAPK1,GNPTAB,CATSPER1
REV3L,NR3C1,BSG,RNASEL,XKR3
REV3L,H3-3B,CHD1L,NT5E
REV3L,NR3C1,AKT1,PPL
REV3L,NR3C1,HDAC1,RBL2,ITGAE
REV3L,NR3C1,STAT3,STING1
REV3L,NR3C1,EGFR,STIL,SELP
REV3L,NR3C1,HSPA8,TLR4
REV3L,SLC16A10,ACTA1,CADM4,AFAP1L2
REV3L,POLD2,NIBAN1
REV3L,NR3C1,MAPK14,RALB
REV3L,SLC16A10,ACTA1,CADM4,KCNB1
REV3L,SLTM,PIP4K2A,PLCD3
REV3L,NR3C1,HSPA8,TLR4
REV3L,NR3C1,RHOA,SYNPO2,SLC9A2
REV3L,NR3C1,AR,MID1,RALGPS1
REV3L,NR3C1,JUN,CEBPE,GPC5
REV3L,NR3C1,JUN,CEBPE
REV3L,NR3C1,ARF6,AP1B1,TLN2
REV3L,SLC16A10,ACTA1,CADM4,TMEFF1
REV3L,NR3C1,MAPK3,PEA15,SIGLEC7
REV3L,NR3C1,STIP1,HINT1
REV3L,NR3C1,FKBP5,PI4KA
REV3L,NR3C1,ERK1/2,APBB1
REV3L,NR3C1,ERK1/2,APBB1
REV3L,MAD2L2,FZR1,RGS11
REV3L,MAD2L2,FZR1,RGS11
REV3L,NR3C1,DAXX,CHMP3
REV3L,NR3C1,MCF2L,CDC42,PDE6C
REV3L,NR3C1,HNRNPA1,XRN1
REV3L,NR3C1,RHOA,SYNPO2,S1PR2
REV3L,SLC16A10,ACTA1,CADM4,GLRB,GLRA3
REV3L,NR3C1,CEBPA,C1QBP
REV3L,SLC16A10,INSIG2,ASTN2,SLC17A5
REV3L,NR3C1,ERK1/2,APBB1,ELMO1
REV3L,H3-3B,HDAC5,SLC25A11
REV3L,NR3C1,HSPA8,TLR4
REV3L,NR3C1,RHOA,SYNPO2,RTN4RL2
REV3L,NR3C1,RHOA,SYNPO2,SLC38A6
REV3L,NR3C1,SMARCB1,CPSF6,KLRK1,RAET1L
REV3L,NR3C1,JUN,CEBPE
REV3L,NR3C1,HSPA8,TLR4
REV3L,NR3C1,MAPK8,PRPSAP1,TAX1BP3
REV3L,NR3C1,HSPA8,TLR4
REV3L,NR3C1,HSPA8,TLR4
REV3L,NR3C1,LPXN,PLEKHN1
REV3L,NR3C1,PER1,DRC3
REV3L,NR3C1,MAPK1,GNPTAB,CLCA1
REV3L,NR3C1,JUN,CEBPE
REV3L,NR3C1,HSPA5,LOC102723407,PCDHGB5
REV3L,NR3C1,MAPK14,RALB,IL1RL2
REV3L,SLC16A10,SLC22A9,ABCB8,SLC22A2
REV3L,NR3C1,ERK1/2,APBB1,LRPAP1
REV3L,NR3C1,EGFR,STIL,GFRA2
REV3L,NR3C1,VDAC1,MRPL58
REV3L,NR3C1,NCOR1,NELFE
REV3L,NR3C1,CEBPB,BHLHE41,RAMP2
REV3L,NR3C1,POLE,NUBP1
REV3L,NR3C1,RHOA,SYNPO2,SEMA4A
REV3L,NR3C1,MAPK3,PEA15,BORCS5
REV3L,SLC16A10,ACTA1,CADM4,CCKBR
REV3L,NR3C1,JUN,CEBPE,PIEZO1
REV3L,NR3C1,NFKBIA
REV3L,H3-3B,VCP,LRRC15
REV3L,NR3C1,MAPK14,RALB
REV3L,NR3C1,HSPA8,TLR4
REV3L,NR3C1,AKT1,PPL
REV3L,NR3C1,HSPA8,TLR4,CD1B
REV3L,NR3C1,CEBPA,C1QBP
REV3L,NR3C1,COPS6,FEM1B,PXDNL
REV3L,NR3C1,DUSP1,ROR2
REV3L,NR3C1,NFKB1,NPEPPS,LRRN1
REV3L,NR3C1,AKT1,PPL
REV3L,A1BG,KLK10,SERPINB10
REV3L,NR3C1,IRAK3,IRAK1,KLRD1
REV3L,SLC16A10,ACTA1,CADM4,MPZL1
REV3L,NR3C1,AR,MID1,TBC1D3G
REV3L,NR3C1,TRAF2,LRRN2,TNFSF4
REV3L,NR3C1,VDAC1,MRPL58,RNASEK
REV3L,NR3C1,MAPK3,PEA15,PTGER1
REV3L,NR3C1,NFKBIA,COL7A1,OPN1LW
REV3L,NR3C1,ERK1/2,APBB1,IFNGR2
REV3L,MAD2L1,INSR,ATIC
REV3L,SLC16A10,ACTA1,CADM4,PLXNB3
REV3L,NR3C1,HSPA8,TLR4
REV3L,NR3C1,NFKB1,NPEPPS,PCDHAC1
REV3L,NR3C1,RHOA,SYNPO2,DYSF
REV3L,NR3C1,NFKBIA,COL7A1,KCNJ2
REV3L,NR3C1,CALM3,ITPKA,ADCYAP1,ADCYAP1R1
REV3L,NR3C1,DNM2,SHANK1
REV3L,A1BG
REV3L,NR3C1,RAB10,MICAL3,TMEM219
REV3L,NR3C1,DNM2,SHANK1
REV3L,NR3C1,C5,C8B
REV3L,NR3C1,RHOA,SYNPO2,BTN3A3
REV3L,NR3C1,LCK,RBM3,CD8B
REV3L,NR3C1,DSG4,ITGAD
REV3L,NR3C1,AR,MID1,KCNC3
REV3L,NR3C1,CEBPA,C1QBP,MPO,APCDD1
REV3L,NR3C1,PRDX3,APOE
REV3L,NR3C1,POGZ,TCIRG1
REV3L,NR3C1,CAV1,MPP7,ASIC3
REV3L,NR3C1,ERK1/2,APBB1,GPR55
REV3L,NR3C1,CAV1,MPP7,PCDHGA6
REV3L,NR3C1,HNRNPA1,XRN1
REV3L,NR3C1,MDM2,PDS5A
REV3L,SLC16A10,ACTA1,CADM4,CDON
REV3L,NR3C1,HSPA8,TLR4
REV3L,NR3C1,CAV1,MPP7,SERPINE1
REV3L,NR3C1,RAB11A,PODXL2
REV3L,NR3C1,CAV1,MPP7,ADCY4
REV3L,SLC16A10,ACTA1,CADM4,P2RY1
REV3L,NR3C1,RHOA,SYNPO2,PLPPR1
REV3L,NR3C1,ERK1/2,APBB1
REV3L,NR3C1,MAPK14,RALB
REV3L,RRM1,PPP1CC,PDE6B
REV3L,NR3C1,RHOA,SYNPO2,KCNK1
REV3L,NR3C1,JUN,CEBPE
REV3L,NR3C1,CALM3,ITPKA,SYT9
REV3L,NR3C1,MAPK3,PEA15,ECE1
REV3L,NR3C1,CAV1,MPP7,VAMP5
REV3L,NR3C1,RHOT2,CNR2
REV3L,NR3C1,DSG4
REV3L,NR3C1,ERK1/2,APBB1
REV3L,NR3C1,NFKBIA,COL7A1,ZDHHC4
REV3L,NR3C1,RHOT2,CNR2
REV3L,NR3C1,CAV1,MPP7,ASIC1
REV3L,NR3C1,HSPA8,TLR4
REV3L,NR3C1,NR4A2,TCEAL5,SCHIP1
REV3L,NR3C1,MAPK1,GNPTAB,CATSPER1,CACNA1I,CATSPER2
REV3L,NR3C1,RAB4A,MON2,SLC34A2
REV3L,NR3C1,JUN,CEBPE
REV3L,NR3C1,RAB8A,EXOC8
REV3L,NR3C1,HSPA5,LOC102723407,ULBP3
REV3L,NR3C1,HSPA8,TLR4
REV3L,NR3C1,AR,MID1,CLCA2
REV3L,NR3C1,AKT1,PPL
REV3L,NR3C1,MDM2,PDS5A
REV3L,NR3C1,ERK1/2,APBB1
REV3L,NR3C1,ERK1/2,APBB1
REV3L,NR3C1,ERK1/2,APBB1
REV3L,NR3C1,TRIM63,LMCD1,PHLDB2
REV3L,NR3C1,CEBPB,BHLHE41,ALDH3A1
REV3L,NR3C1,FYN,SLC4A8
REV3L,NR3C1,FYN,SLC4A8
REV3L,NR3C1,LCK,RBM3,CNTNAP1
REV3L,RRM1,COPS5,FBXO9,OR3A1
REV3L,NR3C1,HDAC1,RBL2,NEU4
REV3L,NR3C1,ERK1/2,APBB1,FHOD3
REV3L,NR3C1,AXL,TREML2
REV3L,NR3C1,FYN,SLC4A8
REV3L,NR3C1,HSPA8,TLR4
REV3L,H3-3B,EZH2,BMPR1B
REV3L,H3-3B,EEF1A2,SLC13A5
REV3L,NR3C1,TRDN,RMDN3,ABHD17B
REV3L,NR3C1,MAPK14,RALB,AP1M2,ATRN
REV3L,NR3C1,AKT1,PPL
REV3L,NR3C1,HSPA8,TLR4
REV3L,NR3C1,JUN,CEBPE
REV3L,NR3C1,HSPA5,LOC102723407,PCDHGA10
REV3L,NR3C1,KLF5,WDR77,ARRDC2
REV3L,NR3C1,HSPA8,TLR4
REV3L,NR3C1,ERK1/2,APBB1,NTSR1
REV3L,NR3C1,FYN,SLC4A8
REV3L,NR3C1,ERK1/2,APBB1,HCRTR1
REV3L,SLTM,ANKRD50,EEPD1
REV3L,H3-3B,VCP,LRRC15
REV3L,NR3C1,RHOT2,CNR2
REV3L,NR3C1,LCK,RBM3,KCNK7
REV3L,NR3C1,MAPK14,RALB
REV3L,NR3C1,HNRNPA1,XRN1
REV3L,NR3C1,ACTG1,ACO2,CPNE1
REV3L,NR3C1,HOMER3
REV3L,NR3C1,CAV1,MPP7,SLC17A2
REV3L,NR3C1,HSPA8,TLR4
REV3L,NR3C1,AKT1,PPL
REV3L,NR3C1,HSPA8,TLR4
REV3L,NR3C1,AR,MID1,TBC1D3B
REV3L,MEF2A,HDAC3
REV3L,NR3C1,CAV1,MPP7,ADGRA1
REV3L,NR3C1,ERK1/2,APBB1
REV3L,NR3C1,STAT3,STING1
REV3L,SLC16A10,ACTA1,CADM4,APLP1,CNTN5
REV3L,NR3C1,ERK1/2,APBB1
REV3L,NR3C1,FYN,SLC4A8
REV3L,NR3C1,DNM2,SHANK1
REV3L,NR3C1,AKT1,PPL
REV3L,NR3C1,CAV1,MPP7,SLC26A11
REV3L,NR3C1,NEDD4L,ARRDC4
REV3L,NR3C1,ERK1/2,APBB1,PON2
REV3L,NR3C1,FKBP5,PI4KA
REV3L,NR3C1,MAPK8,PRPSAP1,CST3
REV3L,NR3C1,DNM2,SHANK1
REV3L,NR3C1,HSPA8,TLR4
REV3L,NR3C1,RHOA,SYNPO2,SLC9A4
REV3L,MEF2A,HDAC7,UBL3
REV3L,NR3C1,MAPK3,PEA15,PLA2R1
REV3L,H3-3B,VCP,LRRC15
REV3L,NR3C1,ERK1/2,APBB1
REV3L,NR3C1,RAB11A,PODXL2
REV3L,NR3C1,JUN,CEBPE
REV3L,NR3C1,DUSP1,ROR2
REV3L,NR3C1,CEBPA,C1QBP
REV3L,NR3C1,NFKB1,NPEPPS,PCDHB16,SLC39A11
REV3L,NR3C1,ERK1/2,APBB1,PLAU
REV3L,NR3C1,TRDN,RMDN3,NPC1
REV3L,SLC16A10,ACTA1,CADM4,BOC
REV3L,NR3C1,MPDU1,SYNGR1
REV3L,SLC16A10,ACTA1,CADM4,FHIT
REV3L,NR3C1,HSPA8,TLR4
REV3L,NR3C1,HSPA8,TLR4
REV3L,NR3C1,HSPA8,TLR4
REV3L,NR3C1,STAT3,STING1
REV3L,NR3C1,ERK1/2,APBB1,ADGRG1
REV3L,NR3C1,IGSF3,TSPAN15
REV3L,NR3C1,CEBPB,BHLHE41,ACE2,SLC6A19
REV3L,NR3C1,HSPA12B,USP10,SLC43A2
REV3L,NR3C1,ELOVL5,TMEM59
REV3L,NR3C1,FOXO3,CCNG2,SLC39A1
REV3L,NR3C1,C5,C8B
REV3L,NR3C1,HSPA8,TLR4
REV3L,NR3C1,NFKB1,NPEPPS,DXO
REV3L,NR3C1,DUSP1,ROR2
REV3L,MAD2L2,FZR1,RGS11
REV3L,NR3C1,ERK1/2,APBB1,GNAQ
REV3L,NR3C1,HSPA8,TLR4
REV3L,NR3C1,LCK,RBM3,SULF1
REV3L,NR3C1,HSPA8,TLR4
REV3L,CHEK2,ATM,PVR
REV3L,NR3C1,RHOA,SYNPO2,RIC8B
REV3L,NR3C1,HDAC1,RBL2,IL7R
REV3L,SLC16A10,ACTA1,CADM4,ATP8B3
REV3L,NR3C1,AKT1,PPL
REV3L,NR3C1,JUN,CEBPE
REV3L,NR3C1,RHOT2,CNR2
REV3L,NR3C1,HSPA8,TLR4
REV3L,NR3C1,EGFR,STIL,SLC19A2
REV3L,NR3C1,ZBTB3,AP1M1
REV3L,NR3C1,CAV1,MPP7,SCUBE3
REV3L,MAD2L1,INSR,ATIC
REV3L,NR3C1,RHOT2,CNR2
REV3L,NR3C1,NFKB1,NPEPPS,MARCO
REV3L,CHEK2,PPP2CA,RDH8
REV3L,SLTM,PIP4K2A,PLCD3
REV3L,NR3C1,AXL,TREML2
REV3L,NR3C1,FYN,SLC4A8,HCRTR2
REV3L,NR3C1,HSP90B1,CLGN,OR4N2
REV3L,CHEK2,ATM,PVR
REV3L,NR3C1,HSPA8,TLR4
REV3L,NR3C1,ATP5F1B,ATP5MF,MDGA1
REV3L,H3-3B,EHMT2,NAA11,CDH24
REV3L,MAD2L1,BTF3,LILRB4
REV3L,NR3C1,FOXO3,CCNG2,ADAM32
REV3L,NR3C1,CEBPB,BHLHE41,WARS2
REV3L,SLC16A10,ACTA1,CADM4,TIRAP,TNFSF9
REV3L,NR3C1,POLE,NUBP1
REV3L,NR3C1,HSPA8,TLR4
REV3L,H3-3B,EEF1A2,SLC13A5
REV3L,H3-3B,VCP,LRRC15
REV3L,NR3C1,PDCD6IP,SRI,ADRB3
REV3L,NR3C1,FYN,SLC4A8
REV3L,NR3C1,ABCA4,CNGB1
REV3L,SLC16A10,ACTA1,CADM4,CDH4
REV3L,NR3C1,NFKBIA,COL7A1,SEZ6
REV3L,NR3C1,MDM2,PDS5A
REV3L,NR3C1,FYN,SLC4A8
REV3L,NR3C1,ITPR3,TRPC3
REV3L,MAD2L2,FZR1,RGS11
REV3L,RRM1,SUMO2,SERPINB6
REV3L,NR3C1,ERK1/2,APBB1
REV3L,NR3C1,MAPK3,PEA15,CD1D
REV3L,NR3C1,HSPA8,TLR4
REV3L,NR3C1,GRIP1,GRM2
REV3L,H3-3B,GSK3B,ACSBG1
REV3L,NR3C1,CYB5B,GDE1
REV3L,NR3C1,FYN,SLC4A8
REV3L,SLC16A10,ACTA1,CADM4,GAD2
REV3L,NR3C1,HDAC1,RBL2,VLDLR
REV3L,SLC16A10,ACTA1,CADM4,ITGAL
REV3L,NR3C1,ERK1/2,APBB1
REV3L,NR3C1,STIP1,HINT1
REV3L,NR3C1,CEBPA,C1QBP
REV3L,NR3C1,AXL,TREML2
REV3L,NR3C1,HSPA8,TLR4
REV3L,NR3C1,SGTA,RNF185,GABRQ
REV3L,NR3C1,RAB8A,EXOC8
REV3L,NR3C1,AKT1,PPL
REV3L,H3-3B,EEF1A2,SLC13A5
REV3L,NR3C1,NFKB1,NPEPPS,AKTIP
REV3L,CHEK2,KIT,KITLG
REV3L,NR3C1,SGK1,ATP5F1D,PTCH2
REV3L,NR3C1,JUN,CEBPE
REV3L,NR3C1,HDAC1,RBL2,PCDHGB4
REV3L,SLC16A10,INSIG2,ASTN2,NRG2
REV3L,SLTM,NELL1,ROBO3
REV3L,NR3C1,ERK1/2,APBB1
REV3L,NR3C1,VDAC1,MRPL58,PSENEN
REV3L,NR3C1,RAB11A,PODXL2
REV3L,SLC16A10,ACTA1,CADM4,SLC6A4,GPM6B
REV3L,NR3C1,RHOA,SYNPO2,SLC27A1
REV3L,NR3C1,MAPK14,RALB
REV3L,NR3C1,BSG,RNASEL,CHRNB3
REV3L,NR3C1,FKBP5,PI4KA
REV3L,NR3C1,HSPA12B,USP10,CHRNG
REV3L,H3-3B,GSK3B,ACSBG1
REV3L,NR3C1,IRAK3,IRAK1,MSR1
REV3L,NR3C1,JUN,CEBPE,GRID2
REV3L,NR3C1,HDAC1,RBL2,MUC17
REV3L,H3-3B,AKIRIN2,S100A16
REV3L,NR3C1,JUN,CEBPE
REV3L,NR3C1,STXBP1,STX1B
REV3L,NR3C1,HSPA8,TLR4
REV3L,H3-3B,VCP,LRRC15
REV3L,NR3C1,JUN,CEBPE,GABRB2
REV3L,H3-3B,EEF1A2,SLC13A5
REV3L,MAD2L2,FZR1,RGS11
REV3L,SLTM,MCC,WHRN
REV3L,NR3C1,HSPA8,TLR4
REV3L,SLTM,MATR3,MYOF
REV3L,NR3C1,HSPA8,TLR4
REV3L,NR3C1,CAV1,MPP7,PCSK6
REV3L,NR3C1,POR,RABEPK,ABCA5
REV3L,NR3C1,CAV1,MPP7,FFAR2
REV3L,NR3C1,NFKB1,NPEPPS,BTN2A1
REV3L,MAD2L2,FZR1,RGS11
REV3L,NR3C1,AKT1,PPL
REV3L,NR3C1,ERK1/2,APBB1
REV3L,NR3C1,HDAC1,RBL2,IL7R,TSLP,CRLF2
REV3L,NR3C1,MAPK14,RALB
REV3L,NR3C1,HSPA8,TLR4,KCNK16
REV3L,H3-3B,VCP,LRRC15
REV3L,NR3C1,CD4
REV3L,NR3C1,AGK,ATP2B3
REV3L,NR3C1,MAPK14,RALB
REV3L,NR3C1,NFKBIA,COL7A1,IL20RB
REV3L,NR3C1,JUN,CEBPE
REV3L,NR3C1,POLE,NUBP1
REV3L,NR3C1,AKT1,PPL
REV3L,NR3C1,DSG4,ITGAD
REV3L,NR3C1,HSPA8,TLR4
REV3L,NR3C1,SERPINB5,PRSS21
REV3L,NR3C1,FKBP5,PI4KA
REV3L,NR3C1,TRDN,RMDN3,EPB41L5
REV3L,NR3C1,ERK1/2,APBB1
REV3L,NR3C1,CALM3,ITPKA,CSPG5
REV3L,NR3C1,AR,MID1,SMPD1
REV3L,NR3C1,SGTA,RNF185,TVP23B,YIPF1
REV3L,NR3C1,AKT1,PPL
REV3L,NR3C1,POLE,NUBP1
REV3L,NR3C1,MAPK3,PEA15,ATP1B3
REV3L,NR3C1,AKT1,PPL
REV3L,NR3C1,ERK1/2,APBB1
REV3L,NR3C1,AKT1,PPL
REV3L,NR3C1,LCK,RBM3,JAM3,JAM2
REV3L,NR3C1,MAPK3,PEA15,FCGR2B
REV3L,NR3C1,HSPA8,TLR4
REV3L,NR3C1,ERK1/2,APBB1
REV3L,NR3C1,STAT3,STING1
REV3L,NR3C1,JUN,CEBPE
REV3L,NR3C1,STIP1,HINT1
REV3L,NR3C1,HSPA8,TLR4
REV3L,NR3C1,AKT1,PPL
REV3L,CHEK2,PPP2CA,RDH8
REV3L,NR3C1,NFKBIA,COL7A1,PLEKHG4B
REV3L,NR3C1,FYN,SLC4A8
REV3L,NR3C1,IRAK3,IRAK1
REV3L,NR3C1,CEBPB,BHLHE41,ACE2,SLC6A19
REV3L,NR3C1,HOXB1,DDX19B,LY9
REV3L,NR3C1,ACTG1,ACO2,PRTG
REV3L,NR3C1,NFKBIA,COL7A1,PLEK
REV3L,NR3C1,STIP1,HINT1
REV3L,NR3C1,AKT1,PPL
REV3L,NR3C1,HSPA8,TLR4
REV3L,H3-3B,AKIRIN2,S100A16
REV3L,NR3C1,LCK,RBM3,TSPAN7,LHFPL5
REV3L,NR3C1,MAPK14,RALB
REV3L,POLD2,POLD3,MELTF
REV3L,MAD2L1,INSR,ATIC
REV3L,NR3C1,HDAC1,RBL2,TMC3
REV3L,NR3C1,HSPA8,TLR4
REV3L,H3-3B,GSK3B,ACSBG1
REV3L,NR3C1,HNF4A,PPARGC1B,LDLRAP1
REV3L,CHEK2,E2F1,RASGEF1B
REV3L,NR3C1,ZBTB3,AP1M1
REV3L,NR3C1,FYN,SLC4A8,HTR5A
REV3L,H3-3B,GSK3B,ACSBG1
REV3L,NR3C1,BABAM2,RNF166,BTN1A1
REV3L,NR3C1,ERK1/2,APBB1,P2RX4
REV3L,NR3C1,ERK1/2,APBB1
REV3L,NR3C1,MAPK3,PEA15,MLEC
REV3L,H3-3B,EEF1A2,SLC13A5
REV3L,SLTM,PIP4K2A
REV3L,NR3C1,ELOVL5,TMEM59
REV3L,NR3C1,HSPA8,TLR4
REV3L,NR3C1,STAT3,STING1
REV3L,NR3C1,MAPK8,PRPSAP1,CNTN3
REV3L,NR3C1,HNRNPA1,XRN1
REV3L,NR3C1,MAPK8,PRPSAP1,RASGRP3
REV3L,NR3C1,DUSP1,ROR2
REV3L,NR3C1,ERK1/2,APBB1,ITGA2B
REV3L,NR3C1,KAT2B,KLF2,CDH17
REV3L,NR3C1,CEBPD,SPAG5,PRF1
REV3L,NR3C1,DNM2,SHANK1,PSG7
REV3L,NR3C1,ERK1/2,APBB1,FBP2
REV3L,NR3C1,ERK1/2,APBB1,HLA-DOA
REV3L,NR3C1,NEDD4L,ARRDC4
REV3L,NR3C1,FYN,SLC4A8
REV3L,NR3C1,FYN,SLC4A8
REV3L,NR3C1,RHOA,SYNPO2,SLC10A6
REV3L,SLC16A10,ACTA1,CADM4,EDNRA
REV3L,NR3C1,HNRNPA1,XRN1
REV3L,H3-3B,AKIRIN2,S100A16
REV3L,NR3C1,NFKB1,NPEPPS,CLEC5A
REV3L,PMS1,EXO1,SLC46A1
REV3L,NR3C1,FYN,SLC4A8,GHSR
REV3L,NR3C1,ERK1/2,APBB1,WNT3
REV3L,NR3C1,CAV1,MPP7,ADRA1A
REV3L,NR3C1,SMARCB1,CPSF6,KLRK1,RAET1L
REV3L,NR3C1,DNM2,SHANK1
REV3L,NR3C1,HSPA8,TLR4
REV3L,NR3C1,JUN,CEBPE,GABRD
REV3L,PMS1,UBC,PHPT1
REV3L,NR3C1,RAB11A,PODXL2
REV3L,H3-3B,VCP,LRRC15
REV3L,NR3C1,AKT1,PPL
REV3L,NR3C1,HDAC1,RBL2,GRIN2C
REV3L,NR3C1,FKBP5,PI4KA
REV3L,SLC16A10,ACTA1,CADM4,RECK
REV3L,H3-3B,LRRK2,SLK,CNNM1
REV3L,NR3C1,NFIL3,CREB3L3,WNT7A
REV3L,SLC16A10,ACTA1,CADM4,EPS8L1
REV3L,NR3C1,STAT3,STING1,MC3R
REV3L,NR3C1,ERK1/2,APBB1,NPHS1
REV3L,RRM1,SUMO2,SERPINB6
REV3L,NR3C1,NFKBIA,COL7A1,ADK
REV3L,NR3C1,HSPA8,TLR4
REV3L,SLC16A10,ACTA1,CADM4,MAL
REV3L,NR3C1,CEBPB,BHLHE41,ACE2,SLC6A19
REV3L,SLC16A10,ACTA1,CADM4,DTNB
REV3L,CHEK2,TTN,ANK1
REV3L,NR3C1,VHL,PARD6A
REV3L,SLC16A10,ACTA1,CADM4,TMTC1,JPH2
REV3L,NR3C1,JUN,CEBPE
REV3L,PMS1,UBC,PHPT1
REV3L,NR3C1,NFKB1,NPEPPS,ACHE
REV3L,CHEK2,PPP2CA,RDH8
REV3L,NR3C1,MAPK1,GNPTAB,DNER
REV3L,NR3C1,RHOA,SYNPO2,RGS5
REV3L,NR3C1,RHOT2,CNR2
REV3L,NR3C1,TRIM63,LMCD1,GRK6
REV3L,MEF2A,SLC2A4,EHD2
REV3L,NR3C1,JUN,CEBPE
REV3L,NR3C1,ERK1/2,APBB1,SLITRK1
REV3L,SLC16A10,ACTA1,CADM4,DGKA
REV3L,NR3C1,MAPK8,PRPSAP1,ARHGEF40
REV3L,NR3C1,RHOA,SYNPO2,RGS18
REV3L,SLC16A10,ACTA1,CADM4,HCLS1
REV3L,MAD2L1,INSR,ATIC
REV3L,NR3C1,KTN1,SLC16A7
REV3L,H3-3B,GSK3B,ACSBG1
REV3L,NR3C1,RAB10
REV3L,NR3C1,JUN,CEBPE
REV3L,NR3C1,RBM34,RPL4,CHRNA5
REV3L,CHEK2,MAPT
REV3L,NR3C1,HDAC1,RBL2,SIT1
REV3L,NR3C1,FYN
REV3L,NR3C1,PER2,CSNK1D
REV3L,NR3C1,PPM1F,PTK7
REV3L,NR3C1,STIP1,HINT1
REV3L,NR3C1,ERK1/2,APBB1
REV3L,NR3C1,NFKBIA,COL7A1,OXTR
REV3L,NR3C1,MAPK8,PRPSAP1,CACNG7
REV3L,NR3C1,AXL,TREML2
REV3L,NR3C1,NEDD4L,ARRDC4
REV3L,NR3C1,LCK,RBM3,TSPAN7
REV3L,NR3C1,AKT1,PPL
REV3L,NR3C1,STAT5A,RNF13,MYD88
REV3L,NR3C1,VIL1
REV3L,NR3C1,HSPA8,TLR4
REV3L,NR3C1,DSG4,ITGAD
REV3L,NR3C1,MAPK14,RALB,SLC4A4
REV3L,NR3C1,MAPK3,PEA15,AOC1
REV3L,NR3C1,JUN,CEBPE
REV3L,SLTM,NELL1,ROBO3
REV3L,NR3C1,STIP1,HINT1
REV3L,NR3C1,RAB10,MICAL3
REV3L,NR3C1,CAV1,MPP7,GRK3
REV3L,NR3C1,CAV1,MPP7,PCDHGA4
REV3L,NR3C1,HSPA8,TLR4,LRRC8B
REV3L,MAD2L1,DSTYK,CD226
REV3L,NR3C1,HNRNPA1,XRN1
REV3L,NR3C1,STAT3,STING1
REV3L,NR3C1,HSPA8,TLR4
REV3L,NR3C1,RHOA,SYNPO2,GNG7
REV3L,SLC16A10,ACTA1,CADM4,ATP7A
REV3L,NR3C1,RAB10,MICAL3
REV3L,NR3C1,LCK,RBM3,PTGER3
REV3L,NR3C1,FYN,SLC4A8
REV3L,NR3C1,FYN,SLC4A8,TRHR
REV3L,NR3C1,MAPK8,PRPSAP1,CDH9
REV3L,SLC16A10,INSIG2,ASTN2,ABCB4
REV3L,NR3C1,JUN,CEBPE
REV3L,NR3C1,RHOA,SYNPO2,FZD3
REV3L,NR3C1,NFKB1,NPEPPS,ATP6V1D
REV3L,NR3C1,AR,MID1,AGTR2
REV3L,NR3C1,ASH2L,PIP4K2C
REV3L,NR3C1,CYB5B,GDE1
REV3L,NR3C1,TRIM28,ZNF19,SLC2A9
REV3L,H3-3B,VCP,LRRC15
REV3L,NR3C1,POR,RABEPK,CYP2C8
REV3L,NR3C1,NFKBIA,COL7A1,EFR3B
REV3L,NR3C1,ERK1/2,APBB1
REV3L,NR3C1,SMARCD1,COL26A1,ADAM21
REV3L,NR3C1,MDM2
REV3L,NR3C1,DNM2,SHANK1
REV3L,MAD2L1,BTF3
REV3L,NR3C1,ERK1/2,APBB1
REV3L,NR3C1,MAPK3,PEA15,RGL3
REV3L,NR3C1,LCK,RBM3,LILRB3
REV3L,NR3C1,ATP1B1,NDUFS1,FXYD6
REV3L,NR3C1,RHOA,SYNPO2,NEU1
REV3L,H3-3B,GSK3B,ACSBG1
REV3L,NR3C1,JUN,CEBPE
REV3L,NR3C1,CEBPA,C1QBP
REV3L,NR3C1,AKT1,PPL
REV3L,H3-3B,EZH2,BMPR1B
REV3L,NR3C1,NFKBIA,COL7A1,C1orf210
REV3L,NR3C1,STIP1,HINT1
REV3L,NR3C1,NFKBIA,COL7A1,SDC2
REV3L,NR3C1,DNM2,SHANK1
REV3L,NR3C1,HSPA8,TLR4
REV3L,A1BG,KLK10,SERPINB10
REV3L,NR3C1,RHOA,SYNPO2,ABCA6,ABCA8
REV3L,SLC16A10,ACTA1,CADM4,IFNGR1
REV3L,NR3C1,MAPK14,RALB,MUC2
REV3L,NR3C1,HSPA8,TLR4
REV3L,NR3C1,ERK1/2,APBB1,SLC17A7
REV3L,NR3C1,VDAC1,MRPL58
REV3L,NR3C1,HSPA8,TLR4,PLSCR5
REV3L,NR3C1,NEDD4L,ARRDC4
REV3L,NR3C1,IRAK3,IRAK1
REV3L,NR3C1,NFKB1,NPEPPS,PCDHB16
REV3L,NR3C1,TMTC3,TRHDE
REV3L,NR3C1,FYN,SLC4A8,DRP2
REV3L,NR3C1,BSG
REV3L,NR3C1,HDAC1,RBL2,PIK3AP1
REV3L,NR3C1,HSPA8,TLR4
REV3L,NR3C1,STXBP1,STX1B
REV3L,NR3C1,JUN,CEBPE
REV3L,NR3C1,GCC2,ARL4A
REV3L,NR3C1,HSPA8,TLR4
REV3L,NR3C1,DAXX,CHMP3
REV3L,A1BG,MATN2,CP
REV3L,NR3C1,ERK1/2,APBB1,APOA1
REV3L,NR3C1,MAPK1,GNPTAB,ALPP
REV3L,NR3C1,HSPA8,TLR4
REV3L,A1BG,MATN2,CP
REV3L,NR3C1,MAPK8,PRPSAP1,CHP2
REV3L,NR3C1,YWHAH,UVRAG,CHRNA3
REV3L,NR3C1,HSPA9,AQP12B,GCA
REV3L,NR3C1,HSPA8,TLR4
REV3L,NR3C1,ERK1/2,APBB1
REV3L,NR3C1,DNM2,SHANK1
REV3L,NR3C1,ERK1/2,APBB1
REV3L,NR3C1,ASH2L,PIP4K2C
REV3L,NR3C1,NEDD4L,ARRDC4
REV3L,NR3C1,HSPA8,TLR4
REV3L,NR3C1,AKT1,PPL
REV3L,NR3C1,MAPK3,PEA15,KLRG1
REV3L,NR3C1,STAT3,STING1
REV3L,NR3C1,AR,MID1,KCNH7
REV3L,NR3C1,AKT1,PPL
REV3L,NR3C1,ERK1/2,APBB1,CNTN4
REV3L,NR3C1,STAG2,SIGLECL1
REV3L,CHEK2,P2RY8
REV3L,NR3C1,RHOA,SYNPO2,KCNN2
REV3L,NR3C1,ERK1/2,APBB1,GPR3
REV3L,H3-3B,EEF1A2,SLC13A5
REV3L,NR3C1,TMTC3,TRHDE
REV3L,NR3C1,NEDD4L,ARRDC4
REV3L,NR3C1,ERK1/2,APBB1,PKD1
REV3L,NR3C1,CAV1,MPP7,ATP11C
REV3L,NR3C1,RAB11A,PODXL2
REV3L,NR3C1,AKT1,PPL
REV3L,NR3C1,RHOA,SYNPO2,CD1E
REV3L,NR3C1,DNM2,SHANK1
REV3L,NR3C1,HSPA8,TLR4
REV3L,NR3C1,RHOB,KIF26A,STS
REV3L,H3-3B,NIBAN2
REV3L,MAD2L2,FZR1,RGS11
REV3L,CHEK2,KIT,KITLG
REV3L,NR3C1,DAXX,CHMP3
REV3L,NR3C1,CAV1,MPP7,TGFB3
REV3L,NR3C1,CEBPA,C1QBP
REV3L,NR3C1,AKT1,PPL
REV3L,NR3C1,JUN,CEBPE,NAIF1
REV3L,NR3C1,AR,MID1,CRHR2
REV3L,NR3C1,VDAC1,MRPL58
REV3L,NR3C1,HSPA8,TLR4
REV3L,NR3C1,IRAK3,IRAK1,STK17A
REV3L,NR3C1,FYN,SLC4A8,MC2R
REV3L,NR3C1,ERK1/2,APBB1
REV3L,NR3C1,BSG,RNASEL,TSPO2
REV3L,NR3C1,MDM2,PDS5A
REV3L,NR3C1,HSPA8,TLR4
REV3L,H3-3B,GSK3B,ACSBG1
REV3L,NR3C1,STAT3,STING1
REV3L,NR3C1,ITPR3,TRPC3
REV3L,CHEK2,ATM,PVR
REV3L,H3-3B,HDAC5,SLC25A11
REV3L,NR3C1,TRAP1,RTN4IP1,AMACR
REV3L,NR3C1,DNM2,SHANK1
REV3L,CHEK2,PPP2CA,RDH8
REV3L,NR3C1,MDM2,PDS5A
REV3L,SLC16A10,ACTA1,CADM4,MUC5B
REV3L,NR3C1,HSPA8,TLR4
REV3L,NR3C1,ERK1/2,APBB1
REV3L,NR3C1,ERK1/2,APBB1
REV3L,NR3C1,VHL,PARD6A
REV3L,NR3C1,CAV1,MPP7,PLA2G4C
REV3L,NR3C1,RAB11A,PODXL2
REV3L,NR3C1,EGFR,STIL,SLC8A1
REV3L,NR3C1,HSPA8,TLR4
REV3L,NR3C1,ERK1/2,APBB1,EPS8L3
REV3L,SLTM,NELL1,ROBO3
REV3L,NR3C1,SMARCA2,NONO,SLC3A1
REV3L,NR3C1,LCK,RBM3,FPGT,NLN
REV3L,NR3C1,TRIM63,LMCD1,CLCN2
REV3L,NR3C1,ERK1/2,APBB1,RXFP1,LRP12,NMRK2
REV3L,NR3C1,RAB8A,EXOC8
REV3L,NR3C1,LCK,RBM3,SLC15A4
REV3L,NR3C1,LARP7,SEPTIN9,NAA38,NAA35
REV3L,NR3C1,HSPA8,TLR4
REV3L,NR3C1,CEBPB,BHLHE41,GABBR2
REV3L,NR3C1,RHOA,SYNPO2,BTN3A1
REV3L,NR3C1,FNBP1
REV3L,NR3C1,HDAC1,RBL2,MS4A2
REV3L,NR3C1,MDM2,PDS5A
REV3L,CHEK2,PPP2CA,RDH8
REV3L,NR3C1,NFKB1,NPEPPS,PCDHB14
REV3L,H3-3B,GSK3B,ACSBG1
REV3L,NR3C1,JUN,CEBPE,ENTPD2
REV3L,CHEK2,LMO3,CIB1
REV3L,NR3C1,HSP90B1,CLGN,DUOX2
REV3L,NR3C1,NCOR2,ATXN1,SLC39A8
REV3L,NR3C1,PML,GLIS2,FCMR
REV3L,NR3C1,GCC2,ARL4A
REV3L,NR3C1,AKT1,PPL
REV3L,NR3C1,PLEKHA4,CYP20A1,HTR3E
REV3L,NR3C1,VDAC1,MRPL58
REV3L,NR3C1,NFKBIA,COL7A1,RNF146
REV3L,NR3C1,MAPK14,RALB,SLC2A8
REV3L,MAD2L1,TRIP13,CFP,NCR1
REV3L,NR3C1,GRIP1,GRM2
REV3L,NR3C1,KAT2B,KLF2,MIGA1
REV3L,NR3C1,MAPK14,RALB
REV3L,NR3C1,RAB10,MICAL3
REV3L,A1BG,MATN2,CP,CD40LG
REV3L,NR3C1,HSPA8,TLR4
REV3L,NR3C1,FYN,SLC4A8,TYROBP,TREM1
REV3L,NR3C1,TRA2A,LARP1B,ZGPAT
REV3L,NR3C1,HSPA8,TLR4
REV3L,H3-3B,GSK3B,ACSBG1
REV3L,NR3C1,FYN,SLC4A8,GPR52
REV3L,NR3C1,GRIP1,GRM2
REV3L,NR3C1,NFKB1,NPEPPS,SAMHD1
REV3L,NR3C1,RAB10,MICAL3
REV3L,NR3C1,ERK1/2,APBB1,CAPRIN2
REV3L,NR3C1,DUSP1,ROR2
REV3L,NR3C1,CAV1
REV3L,NR3C1,FYN,SLC4A8,CCR6
REV3L,NR3C1,AXL,TREML2
REV3L,NR3C1,WTIP,TRIP6
REV3L,NR3C1,JUN,CEBPE,TNFRSF11B
REV3L,NR3C1,HSPA8,TLR4
REV3L,NR3C1,AKT1,PPL
REV3L,NR3C1,CAV1,MPP7,KIRREL3
REV3L,NR3C1,AKT1,PPL
REV3L,SLC16A10,ACTA1,CADM4,BDKRB2
REV3L,NR3C1,IMP3
REV3L,NR3C1,MDM2,PDS5A
REV3L,NR3C1,FYN,SLC4A8
REV3L,NR3C1,HSPA8,TLR4
REV3L,SLTM,MAPKAPK2,LSP1
REV3L,NR3C1,LCK,RBM3,HFE
REV3L,STK17B,KCNIP2
REV3L,NR3C1,ACTG1,ACO2,MARCKSL1
REV3L,NR3C1,FYN,SLC4A8
REV3L,NR3C1,JUN,CEBPE
REV3L,H3-3B,EEF1A2,SLC13A5
REV3L,NR3C1,FYN,SLC4A8
REV3L,NR3C1,WTIP,TRIP6
REV3L,NR3C1,KLF15,GADD45GIP1,KCNQ5
REV3L,NR3C1,HSPA8,TLR4
REV3L,NR3C1,PPP3CA,MAT2B,IL6R
REV3L,NR3C1,FYN,SLC4A8
REV3L,NR3C1,NFKBIA,COL7A1,SERINC5
REV3L,NR3C1,EGFR,STIL,SLC16A2
REV3L,NR3C1,HSPA9,AQP12B,NTF3,NTRK3
REV3L,H3-3B,GSK3B,ACSBG1
REV3L,NR3C1,LCK,RBM3,SPINT2
REV3L,SLC16A10,ACTA1,CADM4,PLXNA4
REV3L,NR3C1,HSPA8,TLR4
REV3L,NR3C1,MAPK14,RALB,PLGRKT
REV3L,MAD2L1,BTF3,LILRB4
REV3L,MAD2L1,INSR
REV3L,NR3C1,EGFR,STIL,GFRA3
REV3L,H3-3B,EEF1A2,SLC13A5
REV3L,NR3C1,FYN,SLC4A8
REV3L,NR3C1,IGSF3,TSPAN15
REV3L,NR3C1,LARP7,SEPTIN9,MMP16
REV3L,H3-3B,GSK3B,ACSBG1
REV3L,NR3C1,NFKBIA,COL7A1,TMEM147
REV3L,NR3C1,MAPK3,PEA15,TUB
REV3L,NR3C1,ERK1/2,APBB1
REV3L,CHEK2,PPP2CA,RDH8
REV3L,NR3C1,FYN,SLC4A8
REV3L,NR3C1,HSPA8,TLR4
REV3L,NR3C1,MDM2,PDS5A
REV3L,NR3C1,EGFR,STIL,GPC3
REV3L,NR3C1,RHOA,SYNPO2,RGS10
REV3L,NR3C1,MAPK14,RALB
REV3L,NR3C1,NEDD4L,ARRDC4
REV3L,H3-3B,HERC2
REV3L,MAD2L2,CDC20,FBXO43,CDSN
REV3L,NR3C1,AR,MID1,ARAP1
REV3L,RRM1,SUMO2,SERPINB6
REV3L,NR3C1,HSPA8,TLR4
REV3L,NR3C1,ERK1/2,APBB1
REV3L,NR3C1,FYN,SLC4A8
REV3L,NR3C1,HSPA8,TLR4
REV3L,NR3C1,ERK1/2,APBB1
REV3L,NR3C1,FYN,SLC4A8
REV3L,NR3C1,MDM2,PDS5A
REV3L,NR3C1,HDAC1,RBL2,TNFSF11
REV3L,NR3C1,PLEKHA4,CYP20A1,SLC31A2
REV3L,NR3C1,MAPK3,PEA15,TMEM63B
REV3L,NR3C1,MAPK1,GNPTAB,SLC26A8
REV3L,SLC16A10,INSIG2,ASTN2,P2RY11
REV3L,NR3C1,DNM2,SHANK1
REV3L,NR3C1,HDAC1,RBL2,BTBD17
REV3L,NR3C1,MAPK3,PEA15,PLAUR
REV3L,NR3C1,ERK1/2,APBB1,PTGER2
REV3L,NR3C1,NEDD4L,ARRDC4
REV3L,NR3C1,CERK
REV3L,NR3C1,STAT5B,PRLR
REV3L,NR3C1,HSPA8,TLR4
REV3L,NR3C1,FYN,SLC4A8
REV3L,NR3C1,AR,MID1,RAB29
REV3L,NR3C1,AKT1,PPL
REV3L,NR3C1,RAB10,MICAL3
REV3L,NR3C1,JUN,CEBPE
REV3L,NR3C1,DSG4,ITGAD
REV3L,NR3C1,JUN,CEBPE,CLCN3,CNGA4
REV3L,MAD2L1,RHOBTB2,PKP3
REV3L,NR3C1,JUN,CEBPE
REV3L,NR3C1,NFKBIA,COL7A1,MC4R
REV3L,NR3C1,JUN,CEBPE
REV3L,NR3C1,DNM2,SHANK1
REV3L,NR3C1,NFKBIA,COL7A1,PNPLA2
REV3L,H3-3B,GSK3B,ACSBG1
REV3L,NR3C1,FYN,SLC4A8
REV3L,NR3C1,HSPA8,TLR4
REV3L,H3-3B,GSK3B,ACSBG1
REV3L,NR3C1,RAB11A,PODXL2
REV3L,NR3C1,HNRNPA1,XRN1
REV3L,SLC16A10,ACTA1,CADM4,CHRNA7
REV3L,NR3C1,TRDN,RMDN3,LRFN3
REV3L,NR3C1,IRS2,EPN1
REV3L,NR3C1,HSPA8,TLR4
REV3L,NR3C1,HSPA8,TLR4
REV3L,NR3C1,HSPA8,TLR4
REV3L,SLC16A10,ACTA1,CADM4,OPCML
REV3L,NR3C1,CEBPB,BHLHE41,ACE2,SLC6A19
REV3L,NR3C1,EGFR,STIL,LY86,CD180
REV3L,NR3C1,HSPA8,TLR4
REV3L,NR3C1,GSE1,GOLGA2,INPP5J
REV3L,NR3C1,CAV1,MPP7,ASIC2
REV3L,NR3C1,STIP1,HINT1
REV3L,NR3C1,ERK1/2,APBB1
REV3L,SLC16A10,ACTA1,CADM4,SLC6A1
REV3L,NR3C1,DNMT3L,F2RL1
REV3L,NR3C1,FYN,SLC4A8
REV3L,NR3C1,PLEKHA4,CYP20A1,HAUS7
REV3L,NR3C1,GRIP1,GRM2
REV3L,SLC16A10,ACTA1,CADM4,CLTC
REV3L,NR3C1,NEDD4L,ARRDC4
REV3L,NR3C1,IRS2,EPN1
REV3L,NR3C1,RAB10,MICAL3
REV3L,NR3C1,PPARG,MECP2,KCNF1
REV3L,H3-3B,GSK3B,ACSBG1
REV3L,NR3C1,HSPA8,TLR4
REV3L,NR3C1,AR,MID1,GCG
REV3L,NR3C1,HDAC1,RBL2,HHIP
REV3L,NR3C1,ERK1/2,APBB1
REV3L,NR3C1,TMTC3,TRHDE
REV3L,RRM1,RIF1
REV3L,NR3C1,MAPK3,PEA15,ICAM5
REV3L,CHEK2,PPP2CA,RDH8
REV3L,NR3C1,LCK,RBM3,RAB3D
REV3L,NR3C1,MAPK3,PEA15,BTLA
REV3L,NR3C1,HSPA8,TLR4
REV3L,NR3C1,ASH2L,PIP4K2C
REV3L,NR3C1,ERK1/2,APBB1,ACKR3
REV3L,H3-3B,GSK3B,ACSBG1
REV3L,NR3C1,CEBPA,C1QBP
REV3L,NR3C1,HSPA8,TLR4,PCDHB15
REV3L,NR3C1,RHOA,SYNPO2,DUOX1,DUOXA1
REV3L,NR3C1,STIP1,HINT1
REV3L,H3-3B,EZH2,BMPR1B
REV3L,NR3C1,MAPK14,RALB
REV3L,NR3C1,FYN,SLC4A8
REV3L,NR3C1,CAV1,MPP7,UPK2
REV3L,NR3C1,IGSF3,TSPAN15
REV3L,NR3C1,ARHGAP26,NHLRC2,RASGRP2
REV3L,NR3C1,DAXX,CHMP3
REV3L,NR3C1,STXBP1,STX1B
REV3L,NR3C1,MAPK8,PRPSAP1,MAGI3
REV3L,MAD2L1,ERCC4,FANCG
REV3L,NR3C1,ERK1/2,APBB1,SERINC3
REV3L,NR3C1,PLVAP,SMPD2
REV3L,NR3C1,MAPK14,RALB
REV3L,SLC16A10,ACTA1,CADM4,CXorf38,CDHR3
REV3L,NR3C1,KTN1,SLC16A7
REV3L,NR3C1,HSPA8,TLR4
REV3L,NR3C1,ERK1/2,APBB1
REV3L,NR3C1,HSPA5,LOC102723407,ERVMER34-1
REV3L,NR3C1,TGFB1I1,PLEKHH2
REV3L,NR3C1,FYN,SLC4A8
REV3L,NR3C1,AR,MID1,SCN1B
REV3L,NR3C1,HNRNPA1,XRN1
REV3L,NR3C1,FYN,SLC4A8
REV3L,NR3C1,PTER,HYAL3
REV3L,NR3C1,DAXX,CHMP3
REV3L,NR3C1,JUN,CEBPE,CTSF
REV3L,NR3C1,MCF2L
REV3L,NR3C1,NFKBIA,COL7A1,UNC5A
REV3L,H3-3B,VCP,LRRC15
REV3L,H3-3B,NEDD4
REV3L,NR3C1,RHOA,SYNPO2,RASGEF1A
REV3L,NR3C1,YWHAH,UVRAG,CELSR3
REV3L,NR3C1,MAPK14,RALB
REV3L,NR3C1,AKT1,PPL
REV3L,NR3C1,HSPA8,TLR4
REV3L,NR3C1,HDAC1,RBL2,CLNS1A
REV3L,NR3C1,HSPA8,TLR4
REV3L,NR3C1,NEDD4L,ARRDC4,SLC12A4
REV3L,SLC16A10,SLC22A9,ABCB8,SLC22A4,SLC5A6
REV3L,NR3C1,ERK1/2,APBB1
REV3L,CHEK2,PPP2CA,RDH8
REV3L,NR3C1,RHOT2,CNR2
REV3L,NR3C1,HSPA8,TLR4
REV3L,NR3C1,NFKBIA,COL7A1,LPP
REV3L,NR3C1,CAV1,MPP7,CBLIF,CUBN
REV3L,NR3C1,MAPK14,RALB
REV3L,NR3C1,DSG4,ITGAD
REV3L,NR3C1,NFKBIA,COL7A1,TRPV5
REV3L,NR3C1,HSPA8,TLR4,TMEM106A
REV3L,NR3C1,HSPA8,TLR4
REV3L,NR3C1,AKT1,PPL,PLB1
REV3L,NR3C1,CYB5B,GDE1
REV3L,NR3C1,HSPA8,TLR4
REV3L,PMS1,AHNAK
REV3L,NR3C1,HNRNPA1,XRN1
REV3L,NR3C1,ELOVL5,TMEM59
REV3L,NR3C1,RHOA,SYNPO2,TMEM87A
REV3L,NR3C1,AKT1,PPL
REV3L,NR3C1,FKBP5,PI4KA
REV3L,NR3C1,ANKRD36B,SORL1
REV3L,NR3C1,ERK1/2,APBB1
REV3L,NR3C1,HDAC1,RBL2,PRG3
REV3L,NR3C1,PPM1F,PTK7
REV3L,CHEK2,CDC25A,APOLD1
REV3L,CHEK2,FOXK1,CMYA5
REV3L,NR3C1,HSPA12B,USP10,SLC16A5
REV3L,NR3C1,MAPK14,RALB
REV3L,NR3C1,MAPK8,PRPSAP1,DLGAP1
REV3L,NR3C1,JUN,CEBPE
REV3L,NR3C1,NEDD4L,ARRDC4
REV3L,NR3C1,RHOA,SYNPO2,ATP6V0A4
REV3L,NR3C1,DNM2,SHANK1,PTP4A3
REV3L,NR3C1,AKT1,PPL
REV3L,NR3C1,DAXX,CHMP3
REV3L,SLC16A10,ACTA1,CADM4,IL10RB
REV3L,NR3C1,FYN,SLC4A8
REV3L,NR3C1,HSPA8,TLR4
REV3L,NR3C1,FYN,SLC4A8,NPY2R
REV3L,NR3C1,NFKB1,NPEPPS,ADA
REV3L,NR3C1,RHOT2,CNR2
REV3L,SLC16A10,SLC22A9,ABCB8,SLC1A5
REV3L,NR3C1,ASH2L,PIP4K2C
REV3L,NR3C1,RAB11A,PODXL2
REV3L,NR3C1,SMARCB1,CPSF6,SYT17
REV3L,NR3C1,MAPK3,PEA15,GPNMB
REV3L,NR3C1,ERK1/2,APBB1
REV3L,PMS1,UBC,PHPT1
REV3L,NR3C1,HDAC1,RBL2,SMPD3
REV3L,NR3C1,FYN,SLC4A8,MRGPRD
REV3L,NR3C1,LPXN,PLEKHN1
REV3L,NR3C1,NFKBIA,COL7A1,PCDHA8
REV3L,NR3C1,MAPK3,PEA15,SPRY1
REV3L,SLC16A10,SLC22A9,ABCB8,GP9
REV3L,NR3C1,MCF2L,CDC42
REV3L,NR3C1,FYN,SLC4A8
REV3L,NR3C1,IRAK3
REV3L,NR3C1,FYN,SLC4A8
REV3L,NR3C1,FYN,SLC4A8
REV3L,NR3C1,MAPK14,RALB,RXFP2
REV3L,NR3C1,AKT1,PPL
REV3L,NR3C1,POLE,NUBP1
REV3L,H3-3B,MYC,ELL,KIR2DL4
REV3L,NR3C1,HSPA8,TLR4
REV3L,NR3C1,TRIM28,ZNF19,MGLL
REV3L,A1BG,MATN2,CP
REV3L,NR3C1,ERK1/2,APBB1,DDR1
REV3L,NR3C1,RAB10,MICAL3
REV3L,NR3C1,POLE,NUBP1
REV3L,NR3C1,LCK,RBM3,TBC1D30
REV3L,NR3C1,JUN,CEBPE
REV3L,NR3C1,RAB10,MICAL3
REV3L,POLD2,POLD3,MELTF
REV3L,NR3C1,HSPA8,TLR4
REV3L,NR3C1,COPS6,FEM1B,PRSS41
REV3L,NR3C1,JUN,CEBPE,NSMF
REV3L,SLC16A10,ACTA1,CADM4,LAMTOR1
REV3L,NR3C1,DNM2,SHANK1
REV3L,NR3C1,CAV1,MPP7,DLGAP2
REV3L,NR3C1,HSPA8,TLR4
REV3L,NR3C1,SMARCB1,CPSF6,RAB17
REV3L,NR3C1,IGSF3,TSPAN15,ADGRG6
REV3L,SLC16A10,INSIG2,ASTN2,VSTM4
REV3L,NR3C1,SMARCB1,CPSF6,KLRK1,RAET1L
REV3L,NR3C1,DNMT3L,F2RL1
REV3L,NR3C1,AR,MID1,DENND2B
REV3L,NR3C1,HSPA8,TLR4
REV3L,NR3C1,NCOA1,NR5A2,JAML
REV3L,NR3C1,ZBTB3,AP1M1
REV3L,NR3C1,STIP1,HINT1
REV3L,NR3C1,AKT1,PPL
REV3L,NR3C1,ABCA4
REV3L,NR3C1,CAV1,MPP7,SEMA4F
REV3L,NR3C1,PLEKHA4
REV3L,NR3C1,TRIM63,LMCD1,SLC7A9
REV3L,H3-3B,VCP,LRRC15
REV3L,NR3C1,HSPA8,TLR4
REV3L,NR3C1,CAV1,MPP7,CNGA3,CNGB3
REV3L,NR3C1,RAB8A,EXOC8
REV3L,NR3C1,DDHD1,CR1L
REV3L,NR3C1,AKT1,PPL
REV3L,NR3C1,RAB11A,PODXL2
REV3L,NR3C1,AKT1,PPL
REV3L,NR3C1,NFIL3,CREB3L3,ZNF397
REV3L,NR3C1,HSPA8,TLR4
REV3L,NR3C1,RELA,COMMD10,KIR2DL3
REV3L,NR3C1,AKT1,PPL
REV3L,H3-3B,GSK3B,ACSBG1
REV3L,SLC16A10,ACTA1,CADM4,CDH11
REV3L,NR3C1,ERK1/2,APBB1,GSDMD
REV3L,NR3C1,NRROS
REV3L,NR3C1,FOXJ3,SERPINA12
REV3L,NR3C1,RAB8A,EXOC8
REV3L,NR3C1,RAB11A,PODXL2
REV3L,SLC16A10,SLC22A9,ABCB8,SLC22A2,SLC47A1
REV3L,NR3C1,CEBPA,C1QBP
REV3L,H3-3B,ACTL6A
REV3L,SLC16A10,ACTA1,CADM4,SELPLG
REV3L,NR3C1,ERK1/2,APBB1
REV3L,SLC16A10,ACTA1,CADM4,CD19
REV3L,MAD2L1,INSR,ATIC
REV3L,NR3C1,ERK1/2,APBB1,DPP10
REV3L,NR3C1,ERK1/2,APBB1
REV3L,NR3C1,HNRNPA1,XRN1
REV3L,NR3C1,EGFR,STIL,GFRA1
REV3L,NR3C1,JUN,CEBPE,ARHGEF39
REV3L,NR3C1,MAPK14,RALB
REV3L,NR3C1,TRIM63,LMCD1,ADGRB2
REV3L,NR3C1,JUN,CEBPE,SSTR3
REV3L,SLC16A10,ACTA1,CADM4,NTM,QRFPR
REV3L,NR3C1,AR,MID1,CA4
REV3L,NR3C1,HSPA8,TLR4,ARL6IP5
REV3L,NR3C1,TMTC3,TRHDE
REV3L,NR3C1,HSPA8,TLR4
REV3L,NR3C1,FYN,SLC4A8,NMUR2
REV3L,NR3C1,HSPA8,TLR4
REV3L,NR3C1,RHOA,SYNPO2,GNG4
REV3L,NR3C1,DAXX,CHMP3
REV3L,NR3C1,LRR1,PNMA2,ALX1,OR52L1
REV3L,NR3C1,DSG4,ITGAD
REV3L,CHEK2,LMO3,CIB1
REV3L,NR3C1,HSPA8,TLR4
REV3L,NR3C1,PPM1F,PTK7
REV3L,NR3C1,DAXX,CHMP3
REV3L,NR3C1,FYN,SLC4A8
REV3L,SLTM,DNAJC19,SLC2A12
REV3L,NR3C1,RAI1,CASP2,ADGRB3
REV3L,NR3C1,ERK1/2,APBB1,LPL
REV3L,CHEK2,PPP2CA,RDH8
REV3L,NR3C1,FYN,SLC4A8
REV3L,SLC16A10,ACTA1,CADM4,SLC4A3
REV3L,NR3C1,NFKBIA,COL7A1,SLC16A14
REV3L,NR3C1,FYN,SLC4A8
REV3L,PMS1,UBC,PHPT1
REV3L,NR3C1,HSPA8,TLR4
REV3L,NR3C1,TRDN
REV3L,NR3C1,HSPA8,TLR4
REV3L,NR3C1,CEBPA,C1QBP
REV3L,NR3C1,ITGA5,ACVRL1
REV3L,NR3C1,STIP1,HINT1
REV3L,NR3C1,FYN,SLC4A8
REV3L,NR3C1,VDAC1,MRPL58
REV3L,NR3C1,RHOA,SYNPO2,VNN2
REV3L,NR3C1,RAB10,MICAL3
REV3L,NR3C1,STAT5A,RNF13,CLEC4M
REV3L,NR3C1,HNRNPA1,XRN1
REV3L,H3-3B,VCP,LRRC15
REV3L,NR3C1,JUN,CEBPE
REV3L,NR3C1,PPP5C,PLD3,S1PR4
REV3L,SLC16A10,ACTA1,CADM4,XK
REV3L,NR3C1,RAB8A,EXOC8
REV3L,CHEK2,PPP2CA,RDH8
REV3L,NR3C1,MAPK14,RALB
REV3L,SLC16A10,ACTA1,CADM4,UNC5C
REV3L,NR3C1,VDAC1,MRPL58
REV3L,NR3C1,JUN,CEBPE
REV3L,NR3C1,ERK1/2,APBB1,F5
REV3L,NR3C1,HDAC1,RBL2,RASL12
REV3L,NR3C1,FYN,SLC4A8
REV3L,H3-3B,VCP,LRRC15
REV3L,NR3C1,FYN,SLC4A8,SSTR4
REV3L,H3-3B,EEF1A2,SLC13A5,SLC10A1
REV3L,NR3C1,HSPA5,LOC102723407,PCDHGA11
REV3L,NR3C1,AXL,TREML2
REV3L,H3-3B,TRIM66,FAT3
REV3L,NR3C1,ERK1/2,APBB1
REV3L,NR3C1,FYN,SLC4A8,GPR88
REV3L,NR3C1,AR,MID1,SLC2A13
REV3L,NR3C1,POLE,NUBP1
REV3L,NR3C1,MAPK14,RALB
REV3L,MAD2L2,FZR1,RGS11
REV3L,NR3C1,CAV1,MPP7,SLC26A1
REV3L,H3-3B,VCP,LRRC15
REV3L,SLC16A10,ACTA1,CADM4,CYP2S1,TPRA1
REV3L,NR3C1,HSPA8,TLR4
REV3L,NR3C1,NFIL3,CREB3L3,WNT7B
REV3L,NR3C1,STIP1,HINT1
REV3L,NR3C1,AKT1,PPL
REV3L,NR3C1,AXL,TREML2,PCDHA3
REV3L,NR3C1,MAPK8,PRPSAP1,PARVB
REV3L,NR3C1,AKT1,PPL,CYBRD1
REV3L,NR3C1,RAB8A,EXOC8
REV3L,NR3C1,HNRNPD,RASIP1,SV2C
REV3L,NR3C1,RHOA,SYNPO2,OR1M1
REV3L,NR3C1,AKT1,PPL
REV3L,CHEK2,KLRB1
REV3L,NR3C1,MAPK8,PRPSAP1,RGS12
REV3L,NR3C1,JUN,CEBPE,GBA2
REV3L,NR3C1,KTN1,SLC16A7
REV3L,NR3C1,MAPK14,RALB
REV3L,SLC16A10,ACTA1,CADM4,KCNJ1
REV3L,NR3C1,DNM2,SHANK1
REV3L,SLC16A10,ACTA1,CADM4,ANGPT1
REV3L,NR3C1,DNM2,SHANK1
REV3L,H3-3B,PIM1
REV3L,NR3C1,FYN,SLC4A8
REV3L,MAD2L1,BTF3,LILRB4
REV3L,NR3C1,RAB11A,PODXL2
REV3L,NR3C1,MAPK14,RALB,MMP15
REV3L,H3-3B,ACTB
REV3L,SLC16A10,ACTA1,CADM4,PRKD1
REV3L,NR3C1,DUSP1,ROR2
REV3L,MAD2L2,FZR1,RGS11
REV3L,NR3C1,DNM2,SHANK1,LAG3
REV3L,NR3C1,GRIP1,GRM2
REV3L,NR3C1,HSPA8,TLR4
REV3L,NR3C1,CEBPA,C1QBP
REV3L,NR3C1,NFKBIA,COL7A1,PDE6G
REV3L,MAD2L1,KRAS,AP4S1,PRLHR
REV3L,NR3C1,CAV1,MPP7,RGMB
REV3L,NR3C1,FYN,SLC4A8,HTR4
REV3L,NR3C1,NFKB1,NPEPPS,MIGA2
REV3L,NR3C1,AKT1,PPL
REV3L,H3-3B,H3-4,REXO1,CDHR2
REV3L,NR3C1,MAPK14,RALB,IQCJ-SCHIP1
REV3L,NR3C1,STAT3,STING1
REV3L,NR3C1,FYN,SLC4A8
REV3L,NR3C1,RHOA,SYNPO2,DRD5
REV3L,NR3C1,AXL,TREML2
REV3L,NR3C1,JUN,CEBPE
REV3L,NR3C1,TMED2,TMED4,TP53I13
REV3L,NR3C1,JUN,CEBPE
REV3L,NR3C1,ERK1/2,APBB1,ATAD3B
REV3L,NR3C1,JUN,CEBPE,NRXN3
REV3L,NR3C1,HSPA8,TLR4
REV3L,NR3C1,TUBB4B,CFAP53,TPSG1
REV3L,H3-3B,GSK3B,ACSBG1
REV3L,NR3C1,ERK1/2,APBB1,PKD2
REV3L,NR3C1,POLE,NUBP1
REV3L,NR3C1,HSP90B1,CLGN,CCL1,CCR8
REV3L,NR3C1,KTN1,SLC16A7
REV3L,NR3C1,HSPA8,TLR4
REV3L,NR3C1,ERK1/2,APBB1,CCR2
REV3L,NR3C1,AKT1,PPL
REV3L,NR3C1,ATP1B1,NDUFS1,ABCC4
REV3L,NR3C1,CAV1,MPP7,DIRAS1
REV3L,MAD2L1,INSR,ATIC
REV3L,NR3C1,MAPK8,PRPSAP1,RGL4
REV3L,NR3C1,EGFR,STIL,ADIPOR2
REV3L,NR3C1,HSPA8,TLR4
REV3L,NR3C1,ERK1/2,APBB1
REV3L,H3-3B,NUMA1
REV3L,CHEK2,PRPF40A,EVL,LRRN4
REV3L,NR3C1,STIP1,HINT1
REV3L,NR3C1,MDM2,PDS5A,GPR142
REV3L,NR3C1,RHOA,SYNPO2,GPBAR1
REV3L,MEF2A,SLC2A4
REV3L,NR3C1,MAPK3,PEA15,NRCAM
REV3L,H3-3B,EZH2,BMPR1B
REV3L,SLC16A10,INSIG2,ASTN2,SLC24A3
REV3L,NR3C1,STIP1,HINT1
REV3L,NR3C1,STAT3,STING1
REV3L,NR3C1,ERK1/2,APBB1,ECEL1
REV3L,NR3C1,NFKBIA,COL7A1,AVPR1A
REV3L,NR3C1,ERK1/2,APBB1
REV3L,SLC16A10,ACTA1,CADM4,GNAZ
REV3L,NR3C1,IGSF3,TSPAN15,ADGRE2
REV3L,NR3C1,AKT1,PPL,SLC34A1
REV3L,NR3C1,JUN,CEBPE
REV3L,NR3C1,AKT1,PPL
REV3L,NR3C1,STAT3,STING1,PDCD1
REV3L,NR3C1,RAB11A,PODXL2
REV3L,NR3C1,ERK1/2,APBB1
REV3L,NR3C1,JUN,CEBPE,PSKH1
REV3L,NR3C1,HSPA8,TLR4
REV3L,NR3C1,ERK1/2,APBB1
REV3L,NR3C1,CEBPA,C1QBP,F8
REV3L,NR3C1,ERK1/2,APBB1
REV3L,NR3C1,JUN,CEBPE
REV3L,CHEK2,ATR,FAAP24,RAET1E
REV3L,NR3C1,FYN,SLC4A8,NFASC
REV3L,PMS1,UBC,PHPT1
REV3L,NR3C1,VDAC1,MRPL58
REV3L,PMS1,UBC,PHPT1
REV3L,NR3C1,C5,C8B
REV3L,MAD2L2,FZR1,RGS11
REV3L,SLC16A10,INSIG2,ASTN2,CRB1
REV3L,NR3C1,HSPA8,TLR4
REV3L,NR3C1,RHOT2,CNR2
REV3L,NR3C1,LARP7,SEPTIN9,PLA2G4E
REV3L,NR3C1,RHOA,SYNPO2,KCNJ10
REV3L,NR3C1,FYN,SLC4A8
REV3L,MAD2L2,FZR1,RGS11
REV3L,SLC16A10,ACTA1,CADM4,CNTN1
REV3L,NR3C1,CAV1,MPP7,ATP4B
REV3L,NR3C1,RHOT2,CNR2
REV3L,CHEK2,ATM,PVR
REV3L,CHEK2,RPS27A
REV3L,NR3C1,NFKB1,NPEPPS,MTNR1B
REV3L,H3-3B,EEF1A2,SLC13A5
REV3L,NR3C1,HSP90AB1,AREL1,GP2
REV3L,NR3C1,JUN,CEBPE
REV3L,MAD2L1,RHOV
REV3L,NR3C1,NFKBIA,COL7A1,PCDHB6
REV3L,NR3C1,CAV1,MPP7,LILRB1
REV3L,NR3C1,ERK1/2,APBB1
REV3L,NR3C1,NEDD4L,ARRDC4
REV3L,NR3C1,ERK1/2,APBB1,INPP5D
REV3L,SLC16A10,SLC22A9,ABCB8,SLC34A3
REV3L,NR3C1,FYN,SLC4A8
REV3L,NR3C1,MAPK8,PRPSAP1,AMBP
REV3L,NR3C1,FYN,SLC4A8
REV3L,NR3C1,HSPA12B,USP10,SLC23A1
REV3L,NR3C1,FYN,SLC4A8
REV3L,NR3C1,DSG4,ITGAD
REV3L,SLC16A10,ACTA1,CADM4,GAS7
REV3L,NR3C1,VHL,PARD6A
REV3L,NR3C1,NCOA1
REV3L,NR3C1,VDAC1,MRPL58,APH1B
REV3L,H3-3B,ING2
REV3L,NR3C1,TRIM28,ZNF19,SLC16A9
REV3L,NR3C1,HSPA8,TLR4
REV3L,NR3C1,MAPK14,RALB
REV3L,NR3C1,MAPK14,RALB
REV3L,SLC16A10,ACTA1,CADM4,GABRG2
REV3L,NR3C1,RHOA,SYNPO2,CLCN7,MCOLN3
REV3L,NR3C1,HSPA8,TLR4
REV3L,MAD2L1,CHD9,SYT2
REV3L,NR3C1,MAPK8,PRPSAP1,DOCK2
REV3L,NR3C1,SGK1,ATP5F1D,GNG3
REV3L,NR3C1,DAXX,CHMP3
REV3L,H3-3B,VCP,LRRC15
REV3L,NR3C1,FYN,SLC4A8
REV3L,NR3C1,FYN,SLC4A8
REV3L,NR3C1,ERK1/2,APBB1
REV3L,NR3C1,AR,MID1,SPAM1
REV3L,NR3C1,RHOA,SYNPO2,DUOX1
REV3L,PMS1,UBC,PHPT1
REV3L,NR3C1,STXBP1
REV3L,NR3C1,IL1RAPL1,NCS1
REV3L,NR3C1,ERK1/2,APBB1
REV3L,NR3C1,HSPA8,TLR4
REV3L,H3-3B,TRIM66,FAT3
REV3L,NR3C1,RHOA,SYNPO2,CHRNA9
REV3L,NR3C1,ZHX1,ZIC2,TECTA
REV3L,NR3C1,MAPK14,RALB
REV3L,CHEK2,ATM,PVR
REV3L,NR3C1,ITPR3,TRPC3
REV3L,NR3C1,ERK1/2,APBB1
REV3L,NR3C1,CAV1,MPP7,PLXND1
REV3L,NR3C1,KTN1,SLC16A7
REV3L,NR3C1,AKT1,PPL
REV3L,NR3C1,HSPA8,TLR4
REV3L,NR3C1,HSPA8,TLR4
REV3L,SLC16A10,ACTA1,CADM4,PRSS8
REV3L,MAD2L2,FZR1,RGS11
REV3L,NR3C1,MAPK14,RALB
REV3L,NR3C1,RHOB,KIF26A,GABRA4
REV3L,NR3C1,STIP1,HINT1
REV3L,NR3C1,LCK,RBM3,FZD4
REV3L,H3-3B,GSK3B,ACSBG1
REV3L,NR3C1,ERK1/2,APBB1,SLC18A2
REV3L,NR3C1,HSP90AA1
REV3L,NR3C1,PER2,CSNK1D
REV3L,NR3C1,ATP1B1
REV3L,MAD2L1,BTF3,LILRB4
REV3L,NR3C1,RAB10,MICAL3
REV3L,SLC16A10,INSIG2,ASTN2,AMER2
REV3L,NR3C1,HSPA8,TLR4
REV3L,NR3C1,CALM3
REV3L,NR3C1,AR,MID1,SLC29A1
REV3L,H3-3B,GSK3B,ACSBG1
REV3L,NR3C1,HDAC1,RBL2,FCER1G
REV3L,NR3C1,PPARG,MECP2,SERPINC1
REV3L,NR3C1,AKT1,PPL
REV3L,NR3C1,ERK1/2,APBB1
REV3L,H3-3B,EEF1A2,SLC13A5
REV3L,NR3C1,FYN,SLC4A8
REV3L,NR3C1,NEDD4L,ARRDC4
REV3L,NR3C1,HSPA8,TLR4
REV3L,NR3C1,DUSP1,ROR2
REV3L,NR3C1,AR,MID1,TSPAN2
REV3L,NR3C1,ERK1/2,APBB1
REV3L,NR3C1,TRA2A,LARP1B,JPT2
REV3L,NR3C1,NFKBIA,COL7A1,INSC
REV3L,H3-3B,VCP,LRRC15
REV3L,NR3C1,MAPK14,RALB
REV3L,NR3C1,SMAD3
REV3L,NR3C1,DAXX,CHMP3
REV3L,NR3C1,MDM2,PDS5A
REV3L,NR3C1,FOXJ3,SERPINA12
REV3L,NR3C1,HSPA8,TLR4
REV3L,NR3C1,JUN,CEBPE
REV3L,NR3C1,TRAF2,LRRN2,TNFSF14
REV3L,MAD2L1,BUB1,TBC1D2
REV3L,SLC16A10,ACTA1,CADM4,CDON,IHH
REV3L,NR3C1,RHOA,SYNPO2,GPR35
REV3L,PMS1,UBC,PHPT1
REV3L,NR3C1,TRIM28,ZNF19,RGS17
REV3L,NR3C1,RHOT2,CNR2,GPR18
REV3L,NR3C1,HSPA8,TLR4
REV3L,H3-3B,VCP,LRRC15
REV3L,NR3C1,AXL,TREML2
REV3L,NR3C1,HNRNPA1,XRN1
REV3L,NR3C1,HSPA8,TLR4,KCNJ11
REV3L,NR3C1,VHL,PARD6A
REV3L,SLC16A10,ACTA1,CADM4,PLPPR4
REV3L,NR3C1,HDAC1,RBL2,PLXNA3
REV3L,NR3C1,AKT1,PPL
REV3L,NR3C1,PARD6G
REV3L,NR3C1,PTPRN2
REV3L,NR3C1,ERK1/2,APBB1
REV3L,NR3C1,JUN,CEBPE
REV3L,NR3C1,VDAC1,MRPL58
REV3L,NR3C1,HDAC1,RBL2,IL15RA
REV3L,NR3C1,IL1RAPL1,NCS1,ABHD6
REV3L,NR3C1,FYN,SLC4A8
REV3L,NR3C1,RAB11A,PODXL2
REV3L,NR3C1,FKBP4,CACYBP,ITPRIP
REV3L,NR3C1,ERK1/2,APBB1
REV3L,NR3C1,AKT1,PPL
REV3L,NR3C1,NFKBIA,COL7A1,KCNMA1,KCNMB1
REV3L,CHEK2,PPP2CA,RDH8
REV3L,H3-3B,VCP,LRRC15
REV3L,NR3C1,AR,MID1,MUCL1
REV3L,NR3C1,TMTC3,TRHDE
REV3L,PMS1,UBC,PHPT1
REV3L,NR3C1,PER1,DRC3
REV3L,NR3C1,ERK1/2,APBB1
REV3L,NR3C1,MAPK14,RALB
REV3L,H3-3B,GSK3B,ACSBG1
REV3L,NR3C1,MAPK3,PEA15,NPDC1
REV3L,NR3C1,CEBPA,C1QBP
REV3L,NR3C1,FYN,SLC4A8
REV3L,NR3C1,HSPA8,TLR4
REV3L,H3-3B,GSK3B,ACSBG1
REV3L,NR3C1,KTN1,SLC16A7
REV3L,H3-3B,GSK3B,ACSBG1
REV3L,NR3C1,DNM2,SHANK1
REV3L,NR3C1,FYN,SLC4A8,TRPM3
REV3L,CHEK2,E2F1,RASGEF1B
REV3L,NR3C1,AKT1,PPL
REV3L,NR3C1,NR4A3,VASN
REV3L,NR3C1,RAB8A,EXOC8,PALM
REV3L,NR3C1,RAB11A,PODXL2
REV3L,NR3C1,ERK1/2,APBB1,DCT
REV3L,NR3C1,DAXX,CHMP3
REV3L,NR3C1,MAPK3,PEA15,CLEC1B
REV3L,PMS1,F12
REV3L,NR3C1,HSPA8,TLR4,CD320
REV3L,SLC16A10,ACTA1,CADM4,GPR37,GPR17
REV3L,NR3C1,CADM1,MPP3
REV3L,NR3C1,CEBPB,BHLHE41,ACE2,SLC6A19
REV3L,NR3C1,JUN,CEBPE
REV3L,NR3C1,CAV1,MPP7,MYADM
REV3L,NR3C1,ERK1/2,APBB1,PON2,ASIC4
REV3L,NR3C1,HNRNPA1,XRN1
REV3L,NR3C1,HDAC1,RBL2,ABCA3
REV3L,NR3C1,FYN,SLC4A8
REV3L,NR3C1,ERK1/2,APBB1,CSF2RA
REV3L,SLC16A10,INSIG2,ASTN2,RTN4R
REV3L,NR3C1,AKT1,PPL
REV3L,MAD2L2,FZR1,RGS11
REV3L,NR3C1,ERK1/2,APBB1,RRAD
REV3L,NR3C1,HDAC1,RBL2,CD72
REV3L,NR3C1,RHOA
REV3L,NR3C1,FKBP5,PI4KA,EFR3A
REV3L,NR3C1,AXL,TREML2
REV3L,NR3C1,LCK,RBM3,STXBP5L
REV3L,NR3C1,VDAC1,MRPL58
REV3L,MAD2L1,ESR2,LRRC8E
REV3L,NR3C1,NFKB1,NPEPPS,GPRC5D
REV3L,SLC16A10,ACTA1,CADM4,APLP1
REV3L,NR3C1,LPXN,PLEKHN1
REV3L,NR3C1,ERK1/2,APBB1,NLGN2
REV3L,NR3C1,HSPA8,TLR4,HLA-DQA1
REV3L,NR3C1,NR1H3,DDI2,JTB
REV3L,NR3C1,HSPA8,TLR4
REV3L,NR3C1,HSPA8,TLR4
REV3L,NR3C1,HSP90B1,CLGN,SLC22A5
REV3L,NR3C1,PPARG,MECP2,RAB27B
REV3L,NR3C1,TUBB4B,CFAP53,IL12RB2
REV3L,NR3C1,AKT1,PPL
REV3L,RRM1,PPP1CC,PDE6B
REV3L,NR3C1,JUN,CEBPE
REV3L,NR3C1,PPM1F,PTK7
REV3L,NR3C1,HSPA8,TLR4
REV3L,NR3C1,HSPA8,TLR4
REV3L,NR3C1,RAB10,MICAL3,CKAP4
REV3L,NR3C1,RAB8A
REV3L,NR3C1,NEDD4L,ARRDC4
REV3L,NR3C1,ELOVL5,TMEM59
REV3L,H3-3B,CHD1L,NT5E
REV3L,SLC16A10,ACTA1,CADM4,EXTL3
REV3L,NR3C1,HSPA8,TLR4
REV3L,NR3C1,DSG4,ITGAD
REV3L,SLC16A10,ACTA1,CADM4,CD22
REV3L,NR3C1,RAB11A,PODXL2
REV3L,NR3C1,NFKBIA,COL7A1,KCNMA1
REV3L,CHEK2,ACTR2,TPD52L2,OR2K2
REV3L,NR3C1,ERK1/2,APBB1,IL6ST,EBI3
REV3L,NR3C1,FYN,SLC4A8
REV3L,NR3C1,HSPA8,TLR4
REV3L,CHEK2,PPP2CA,RDH8
REV3L,NR3C1,KTN1,SLC16A7
REV3L,NR3C1,DNM2,SHANK1
REV3L,NR3C1,HDAC1,RBL2,COPRS
REV3L,NR3C1,RAB11A,PODXL2
REV3L,NR3C1,ERK1/2,APBB1,SH3BGRL
REV3L,NR3C1,MAPK14,RALB
REV3L,NR3C1,STXBP1,STX1B
REV3L,NR3C1,RAB11A,PODXL2
REV3L,SLC16A10,ACTA1,CADM4,SYT12
REV3L,NR3C1,HSPA8,TLR4
REV3L,NR3C1,HSPA9,AQP12B,AQP10,LYVE1
REV3L,NR3C1,CYB5B,GDE1
REV3L,NR3C1,RAB8A,EXOC8
REV3L,H3-3B,VCP,LRRC15
REV3L,NR3C1,HSPA8,TLR4,PCDHA5
REV3L,H3-3B,GSK3B,ACSBG1
REV3L,NR3C1,RAB10,MICAL3
REV3L,SLC16A10,INSIG2,ASTN2,TMC7
REV3L,NR3C1,ERK1/2,APBB1
REV3L,NR3C1,HSPA8,TLR4
REV3L,NR3C1,TRIM8,KIFC1,CASP4
REV3L,NR3C1,POLE,NUBP1
REV3L,NR3C1,HSPA8,TLR4
REV3L,NR3C1,JUN,CEBPE
REV3L,NR3C1,HSPA8,TLR4
REV3L,MAD2L2,FZR1,RGS11
REV3L,H3-3B,GSK3B,ACSBG1
REV3L,SLTM,DNAJC19,SLC2A12
REV3L,NR3C1,RAB11A,PODXL2
REV3L,NR3C1,RHOA,SYNPO2,CXCR1
REV3L,NR3C1,ERK1/2,APBB1,SLAMF7
REV3L,NR3C1,HDAC1,RBL2,TIMD4
REV3L,NR3C1,VDAC1,MRPL58
REV3L,NR3C1,EGFR,STIL,KSR2
REV3L,NR3C1,MAPK3,PEA15,CD300A
REV3L,NR3C1,HNRNPA1,XRN1
REV3L,NR3C1,MDM2,PDS5A
REV3L,NR3C1,FYN,SLC4A8,GRIN3A
REV3L,RRM1,PPP1CC,PDE6B
REV3L,NR3C1,TMTC3,TRHDE
REV3L,NR3C1,ERK1/2,APBB1
REV3L,NR3C1,FYN,SLC4A8
REV3L,NR3C1,ARF6,AP1B1,ADGRL3,TENM2
REV3L,H3-3B,ASB2,DCUN1D3
REV3L,SLTM,MCC,WHRN
REV3L,NR3C1,ERK1/2,APBB1,CSF2RB
REV3L,NR3C1,MAPK14,RALB
REV3L,MAD2L2,REL,EIF5A2,STOML3
REV3L,NR3C1,NFKBIA,COL7A1,PRAM1
REV3L,NR3C1,MAPK8,PRPSAP1,CLEC12A
REV3L,NR3C1,AHNAK2
REV3L,NR3C1,STIP1,HINT1
REV3L,NR3C1,ERK1/2,APBB1
REV3L,NR3C1,MDM2,PDS5A
REV3L,NR3C1,KAT2B,KLF2,ATP10B
REV3L,NR3C1,FYN,SLC4A8,HTR1D
REV3L,NR3C1,HSPA8,TLR4
REV3L,MAD2L2,FZR1,RGS11
REV3L,NR3C1,MAPK8,PRPSAP1,STK10
REV3L,NR3C1,NFKBIA,COL7A1,AKAP5
REV3L,NR3C1,MAPK3,PEA15,LAIR1
REV3L,NR3C1,RAB10,MICAL3,RAB3C
REV3L,MAD2L1,KRAS
REV3L,NR3C1,NFKBIA,COL7A1,SELL
REV3L,NR3C1,ERK1/2,APBB1
REV3L,NR3C1,FYN,SLC4A8
REV3L,SLC16A10,ACTA1,CADM4,SYT6,SYT10
REV3L,NR3C1,JUN,CEBPE
REV3L,SLTM,MATR3,MYOF
REV3L,NR3C1,EGFR,STIL,GRK4
REV3L,NR3C1,HSPA8,TLR4
REV3L,H3-3B,VCP,LRRC15
REV3L,SLTM,MATR3,MYOF
REV3L,NR3C1,JUN,CEBPE
REV3L,NR3C1,PLEKHA4,CYP20A1,ACKR2
REV3L,CHEK2,ATM,PVR
REV3L,MAD2L2,ZNF644,NEDD1,DCST1
REV3L,NR3C1,AKT1,PPL
REV3L,NR3C1,FYN,SLC4A8,GALR1
REV3L,SLC16A10,ACTA1,CADM4,SLC6A4
REV3L,NR3C1,MAPK14,RALB,TJP3
REV3L,NR3C1,JUN,CEBPE,SLC10A7
REV3L,NR3C1,FYN,SLC4A8
REV3L,NR3C1,ARID1B
REV3L,PMS1,UBC,PHPT1
REV3L,NR3C1,HSPA8,TLR4
REV3L,NR3C1,RHOT2,CNR2
REV3L,H3-3B,SETDB1,ARL14EP
REV3L,SLC16A10
REV3L,NR3C1,HSPA8,TLR4
REV3L,NR3C1,LCK
REV3L,NR3C1,MAPK8,PRPSAP1,PRMT9,P2RX1
REV3L,NR3C1,MAPK8,PRPSAP1,PPIP5K1
REV3L,NR3C1,TMED2,TMED4,SPPL3
REV3L,NR3C1,ERK1/2,APBB1,APLNR
REV3L,H3-3B,LRRK2,SLK,CNNM4
REV3L,NR3C1,NFKBIA,COL7A1,CCR3
REV3L,NR3C1,FYN,SLC4A8
REV3L,NR3C1,MAPK3,PEA15,TNFRSF1B
REV3L,NR3C1,ITGA3
REV3L,RRM1,COPS5,FBXO9,OR1D2
REV3L,NR3C1,HSPA8,TLR4
REV3L,PMS1,UBC,PHPT1
REV3L,NR3C1,TRA2A,LARP1B,PCDHA2
REV3L,NR3C1,STIP1,HINT1
REV3L,A1BG,MATN2,CP
REV3L,NR3C1,STIP1,HINT1
REV3L,NR3C1,FYN,SLC4A8
REV3L,NR3C1,TUBB,MCM3AP,CLDN8
REV3L,NR3C1,JUN,CEBPE
REV3L,NR3C1,NFKB1,NPEPPS,SIDT2
REV3L,NR3C1,PRELP,SEZ6L2
REV3L,NR3C1,SGK1
REV3L,NR3C1,JUN,CEBPE
REV3L,NR3C1,RAB11A,PODXL2
REV3L,NR3C1,HSPA8,TLR4
REV3L,A1BG,ABCC6
REV3L,NR3C1,JUN,CEBPE
REV3L,H3-3B,VCP,LRRC15
REV3L,NR3C1,CAV1,MPP7,GDPD5
REV3L,NR3C1,VDAC1,MRPL58
REV3L,NR3C1,PDP1,HDHD3,GLDC
REV3L,H3-3B,VCP,LRRC15
REV3L,NR3C1,MAPK8,PRPSAP1,SLC27A4
REV3L,NR3C1,PLVAP,SMPD2
REV3L,NR3C1,MAPK1,GNPTAB,SLC30A2,SLC30A10
REV3L,CHEK2,PPP2CA,RDH8
REV3L,NR3C1,DUSP1,ROR2
REV3L,NR3C1,CEBPA,C1QBP
REV3L,NR3C1,FYN,SLC4A8
REV3L,NR3C1,RBM34,RPL4,PSG3
REV3L,NR3C1,HSPA8,TLR4
REV3L,NR3C1,TRPS1,PARN,HJV
REV3L,NR3C1,AR,MID1,BCAM
REV3L,SLC16A10,INSIG2,ASTN2,AP2S1
REV3L,NR3C1,ERK1/2,APBB1
REV3L,SLC16A10,ACTA1,CADM4,CATIP
REV3L,NR3C1,NEDD4L,ARRDC4
REV3L,NR3C1,IRAK3,IRAK1
REV3L,SLC16A10,ACTA1,CADM4,LIN7A
REV3L,NR3C1,ERK1/2,APBB1,TLR1
REV3L,NR3C1,UBE2I,PCGF2,PLA2G6
REV3L,NR3C1,NFKBIA,COL7A1,LRFN1
REV3L,NR3C1,FYN,SLC4A8
REV3L,MAD2L1,UBE2C
REV3L,NR3C1,ERK1/2,APBB1
REV3L,NR3C1,DNM2,SHANK1,PROM2
REV3L,NR3C1,SMARCD1,COL26A1
REV3L,SLC16A10,ACTA1,CADM4,SPTBN5
REV3L,NR3C1,FKBP5,PI4KA
REV3L,NR3C1,MAPK3,PEA15,DOK7
REV3L,NR3C1,ERK1/2,APBB1
REV3L,NR3C1,CAV1,MPP7,PCDHGA5
REV3L,A1BG,KLK10,SERPINB10
REV3L,NR3C1,FYN,SLC4A8,ADGRG3
REV3L,NR3C1,HSPA8,TLR4
REV3L,NR3C1,HSPA8,TLR4
REV3L,NR3C1,COX5B,NDUFC1,GPR42
REV3L,NR3C1,DNM2
REV3L,NR3C1,VDAC1,MRPL58,SLC20A2
REV3L,NR3C1,VHL,PARD6A
REV3L,MAD2L2,FZR1,RGS11
REV3L,NR3C1,FNIP1,FLCN
REV3L,NR3C1,HSPA8,TLR4
REV3L,NR3C1,LARP7,SEPTIN9,KLRC2
REV3L,NR3C1,MAPK14,RALB
REV3L,NR3C1,LRR1,PNMA2,ALX1,OR52L1
REV3L,NR3C1,CAV1,MPP7,SLC9A6
REV3L,NR3C1,TADA2A,LRCH4
